Fri 08 May 2026 03:15:22 INFO ██Server: 	ps
Fri 08 May 2026 03:15:22 INFO ██Dir: 	/mnt/sda/XT/MENTOR_Firstpaper/src

Fri 08 May 2026 03:15:22 INFO Start 0-th training!!
Fri 08 May 2026 03:15:23 INFO clothing
The number of users: 39387
Average actions of users: 7.075354812501587
The number of items: 23033
Average actions of items: 12.099031823904832
The number of inters: 278677
The sparsity of the dataset: 99.969281661909%
Fri 08 May 2026 03:15:23 INFO 
====Training====
clothing
The number of users: 39387
Average actions of users: 5.010231802371341
The number of items: 23020
Average actions of items: 8.572458731537793
The number of inters: 197338
The sparsity of the dataset: 99.97823530928596%
Fri 08 May 2026 03:15:23 INFO 
====Validation====
clothing
The number of users: 39387
Average actions of users: 1.0193718739685682
The number of items: 16702
Average actions of items: 2.4039037241048975
The number of inters: 40150
The sparsity of the dataset: 99.99389670773579%
Fri 08 May 2026 03:15:23 INFO 
====Testing====
clothing
The number of users: 39387
Average actions of users: 1.0457511361616778
The number of items: 16803
Average actions of items: 2.451288460393977
The number of inters: 41189
The sparsity of the dataset: 99.99377640221293%
Fri 08 May 2026 03:15:25 INFO 

=================================


Fri 08 May 2026 03:15:25 INFO =========1/1: Parameters:['reg_weight', 'learning_rate', 'dropout', 'mask_weight_g', 'align_weight', 'temp', 'seed']=(0.001, 0.0001, 0.3, 0.001, 0.01, 0.2, 999)=======
Fri 08 May 2026 03:15:34 INFO PA2PD(
  (mlp): Linear(in_features=128, out_features=128, bias=True)
  (image_embedding): Embedding(23033, 4096)
  (image_trs): Linear(in_features=4096, out_features=64, bias=True)
  (text_embedding): Embedding(23033, 384)
  (text_trs): Linear(in_features=384, out_features=64, bias=True)
  (MLP_user): Linear(in_features=128, out_features=64, bias=True)
  (v_gcn): GCN(
    (MLP): Linear(in_features=4096, out_features=256, bias=True)
    (MLP_1): Linear(in_features=256, out_features=64, bias=True)
    (conv_embed_1): Base_gcn(64, 64)
  )
  (v_gcn_n1): GCN(
    (MLP): Linear(in_features=4096, out_features=256, bias=True)
    (MLP_1): Linear(in_features=256, out_features=64, bias=True)
    (conv_embed_1): Base_gcn(64, 64)
  )
  (v_gcn_n2): GCN(
    (MLP): Linear(in_features=4096, out_features=256, bias=True)
    (MLP_1): Linear(in_features=256, out_features=64, bias=True)
    (conv_embed_1): Base_gcn(64, 64)
  )
  (t_gcn): GCN(
    (MLP): Linear(in_features=384, out_features=256, bias=True)
    (MLP_1): Linear(in_features=256, out_features=64, bias=True)
    (conv_embed_1): Base_gcn(64, 64)
  )
  (t_gcn_n1): GCN(
    (MLP): Linear(in_features=384, out_features=256, bias=True)
    (MLP_1): Linear(in_features=256, out_features=64, bias=True)
    (conv_embed_1): Base_gcn(64, 64)
  )
  (t_gcn_n2): GCN(
    (MLP): Linear(in_features=384, out_features=256, bias=True)
    (MLP_1): Linear(in_features=256, out_features=64, bias=True)
    (conv_embed_1): Base_gcn(64, 64)
  )
  (id_gcn): GCN(
    (MLP): Linear(in_features=64, out_features=256, bias=True)
    (MLP_1): Linear(in_features=256, out_features=64, bias=True)
    (conv_embed_1): Base_gcn(64, 64)
  )
  (mlp_1): Linear(in_features=128, out_features=1, bias=True)
)
Trainable parameters: 126317865
Fri 08 May 2026 03:15:51 INFO epoch 0 training [time: 17.42s, train loss: 63.8214]
Fri 08 May 2026 03:15:57 INFO epoch 0 evaluating [time: 2.97s, valid_score: 0.026800]
Fri 08 May 2026 03:15:57 INFO valid result: 
recall@5: 0.0166    recall@10: 0.0268    recall@20: 0.0405    recall@50: 0.0716    ndcg@5: 0.0107    ndcg@10: 0.0140    ndcg@20: 0.0174    ndcg@50: 0.0236    precision@5: 0.0034    precision@10: 0.0027    precision@20: 0.0021    precision@50: 0.0015    map@5: 0.0087    map@10: 0.0101    map@20: 0.0110    map@50: 0.0120    
Fri 08 May 2026 03:15:57 INFO test result: 
recall@5: 0.0156    recall@10: 0.0260    recall@20: 0.0408    recall@50: 0.0722    ndcg@5: 0.0101    ndcg@10: 0.0135    ndcg@20: 0.0172    ndcg@50: 0.0235    precision@5: 0.0033    precision@10: 0.0027    precision@20: 0.0021    precision@50: 0.0015    map@5: 0.0082    map@10: 0.0096    map@20: 0.0106    map@50: 0.0116    
Fri 08 May 2026 03:15:57 INFO ██ PA2PD--Best validation results updated!!!
Fri 08 May 2026 03:16:15 INFO epoch 1 training [time: 17.13s, train loss: 48.7582]
Fri 08 May 2026 03:16:20 INFO epoch 1 evaluating [time: 2.95s, valid_score: 0.030400]
Fri 08 May 2026 03:16:20 INFO valid result: 
recall@5: 0.0185    recall@10: 0.0304    recall@20: 0.0468    recall@50: 0.0813    ndcg@5: 0.0120    ndcg@10: 0.0158    ndcg@20: 0.0200    ndcg@50: 0.0268    precision@5: 0.0037    precision@10: 0.0031    precision@20: 0.0024    precision@50: 0.0017    map@5: 0.0098    map@10: 0.0114    map@20: 0.0125    map@50: 0.0136    
Fri 08 May 2026 03:16:20 INFO test result: 
recall@5: 0.0173    recall@10: 0.0299    recall@20: 0.0467    recall@50: 0.0808    ndcg@5: 0.0111    ndcg@10: 0.0152    ndcg@20: 0.0194    ndcg@50: 0.0262    precision@5: 0.0036    precision@10: 0.0031    precision@20: 0.0024    precision@50: 0.0017    map@5: 0.0090    map@10: 0.0106    map@20: 0.0118    map@50: 0.0128    
Fri 08 May 2026 03:16:20 INFO ██ PA2PD--Best validation results updated!!!
Fri 08 May 2026 03:16:37 INFO epoch 2 training [time: 16.99s, train loss: 41.6400]
Fri 08 May 2026 03:16:43 INFO epoch 2 evaluating [time: 2.93s, valid_score: 0.033700]
Fri 08 May 2026 03:16:43 INFO valid result: 
recall@5: 0.0208    recall@10: 0.0337    recall@20: 0.0518    recall@50: 0.0900    ndcg@5: 0.0134    ndcg@10: 0.0175    ndcg@20: 0.0221    ndcg@50: 0.0296    precision@5: 0.0042    precision@10: 0.0034    precision@20: 0.0026    precision@50: 0.0018    map@5: 0.0109    map@10: 0.0126    map@20: 0.0138    map@50: 0.0150    
Fri 08 May 2026 03:16:43 INFO test result: 
recall@5: 0.0196    recall@10: 0.0322    recall@20: 0.0509    recall@50: 0.0888    ndcg@5: 0.0126    ndcg@10: 0.0167    ndcg@20: 0.0215    ndcg@50: 0.0290    precision@5: 0.0041    precision@10: 0.0034    precision@20: 0.0027    precision@50: 0.0019    map@5: 0.0102    map@10: 0.0119    map@20: 0.0132    map@50: 0.0144    
Fri 08 May 2026 03:16:43 INFO ██ PA2PD--Best validation results updated!!!
Fri 08 May 2026 03:17:00 INFO epoch 3 training [time: 17.01s, train loss: 37.0110]
Fri 08 May 2026 03:17:06 INFO epoch 3 evaluating [time: 3.07s, valid_score: 0.036000]
Fri 08 May 2026 03:17:06 INFO valid result: 
recall@5: 0.0224    recall@10: 0.0360    recall@20: 0.0559    recall@50: 0.0958    ndcg@5: 0.0144    ndcg@10: 0.0188    ndcg@20: 0.0238    ndcg@50: 0.0317    precision@5: 0.0045    precision@10: 0.0036    precision@20: 0.0028    precision@50: 0.0019    map@5: 0.0118    map@10: 0.0136    map@20: 0.0149    map@50: 0.0162    
Fri 08 May 2026 03:17:06 INFO test result: 
recall@5: 0.0210    recall@10: 0.0355    recall@20: 0.0546    recall@50: 0.0949    ndcg@5: 0.0136    ndcg@10: 0.0183    ndcg@20: 0.0232    ndcg@50: 0.0312    precision@5: 0.0044    precision@10: 0.0037    precision@20: 0.0028    precision@50: 0.0020    map@5: 0.0111    map@10: 0.0130    map@20: 0.0143    map@50: 0.0156    
Fri 08 May 2026 03:17:06 INFO ██ PA2PD--Best validation results updated!!!
Fri 08 May 2026 03:17:23 INFO epoch 4 training [time: 17.01s, train loss: 33.4300]
Fri 08 May 2026 03:17:29 INFO epoch 4 evaluating [time: 2.78s, valid_score: 0.038300]
Fri 08 May 2026 03:17:29 INFO valid result: 
recall@5: 0.0241    recall@10: 0.0383    recall@20: 0.0591    recall@50: 0.1004    ndcg@5: 0.0157    ndcg@10: 0.0203    ndcg@20: 0.0255    ndcg@50: 0.0337    precision@5: 0.0049    precision@10: 0.0039    precision@20: 0.0030    precision@50: 0.0020    map@5: 0.0129    map@10: 0.0148    map@20: 0.0162    map@50: 0.0175    
Fri 08 May 2026 03:17:29 INFO test result: 
recall@5: 0.0229    recall@10: 0.0377    recall@20: 0.0586    recall@50: 0.0990    ndcg@5: 0.0148    ndcg@10: 0.0196    ndcg@20: 0.0249    ndcg@50: 0.0329    precision@5: 0.0048    precision@10: 0.0039    precision@20: 0.0030    precision@50: 0.0021    map@5: 0.0120    map@10: 0.0139    map@20: 0.0154    map@50: 0.0166    
Fri 08 May 2026 03:17:29 INFO ██ PA2PD--Best validation results updated!!!
Fri 08 May 2026 03:17:46 INFO epoch 5 training [time: 17.03s, train loss: 31.0276]
Fri 08 May 2026 03:17:51 INFO epoch 5 evaluating [time: 2.84s, valid_score: 0.040000]
Fri 08 May 2026 03:17:51 INFO valid result: 
recall@5: 0.0249    recall@10: 0.0400    recall@20: 0.0624    recall@50: 0.1052    ndcg@5: 0.0162    ndcg@10: 0.0210    ndcg@20: 0.0267    ndcg@50: 0.0352    precision@5: 0.0050    precision@10: 0.0041    precision@20: 0.0032    precision@50: 0.0021    map@5: 0.0133    map@10: 0.0152    map@20: 0.0168    map@50: 0.0181    
Fri 08 May 2026 03:17:51 INFO test result: 
recall@5: 0.0242    recall@10: 0.0395    recall@20: 0.0619    recall@50: 0.1042    ndcg@5: 0.0156    ndcg@10: 0.0206    ndcg@20: 0.0263    ndcg@50: 0.0347    precision@5: 0.0050    precision@10: 0.0041    precision@20: 0.0032    precision@50: 0.0022    map@5: 0.0127    map@10: 0.0147    map@20: 0.0162    map@50: 0.0176    
Fri 08 May 2026 03:17:51 INFO ██ PA2PD--Best validation results updated!!!
Fri 08 May 2026 03:18:09 INFO epoch 6 training [time: 17.15s, train loss: 29.0018]
Fri 08 May 2026 03:18:14 INFO epoch 6 evaluating [time: 2.87s, valid_score: 0.041700]
Fri 08 May 2026 03:18:14 INFO valid result: 
recall@5: 0.0265    recall@10: 0.0417    recall@20: 0.0651    recall@50: 0.1091    ndcg@5: 0.0171    ndcg@10: 0.0220    ndcg@20: 0.0279    ndcg@50: 0.0366    precision@5: 0.0054    precision@10: 0.0042    precision@20: 0.0033    precision@50: 0.0022    map@5: 0.0139    map@10: 0.0159    map@20: 0.0176    map@50: 0.0189    
Fri 08 May 2026 03:18:14 INFO test result: 
recall@5: 0.0258    recall@10: 0.0418    recall@20: 0.0645    recall@50: 0.1085    ndcg@5: 0.0166    ndcg@10: 0.0217    ndcg@20: 0.0275    ndcg@50: 0.0362    precision@5: 0.0053    precision@10: 0.0043    precision@20: 0.0034    precision@50: 0.0023    map@5: 0.0134    map@10: 0.0155    map@20: 0.0170    map@50: 0.0184    
Fri 08 May 2026 03:18:14 INFO ██ PA2PD--Best validation results updated!!!
Fri 08 May 2026 03:18:31 INFO epoch 7 training [time: 17.03s, train loss: 27.3564]
Fri 08 May 2026 03:18:37 INFO epoch 7 evaluating [time: 3.02s, valid_score: 0.043300]
Fri 08 May 2026 03:18:37 INFO valid result: 
recall@5: 0.0270    recall@10: 0.0433    recall@20: 0.0673    recall@50: 0.1115    ndcg@5: 0.0175    ndcg@10: 0.0227    ndcg@20: 0.0288    ndcg@50: 0.0375    precision@5: 0.0055    precision@10: 0.0044    precision@20: 0.0034    precision@50: 0.0023    map@5: 0.0143    map@10: 0.0164    map@20: 0.0181    map@50: 0.0194    
Fri 08 May 2026 03:18:37 INFO test result: 
recall@5: 0.0264    recall@10: 0.0432    recall@20: 0.0660    recall@50: 0.1103    ndcg@5: 0.0171    ndcg@10: 0.0225    ndcg@20: 0.0283    ndcg@50: 0.0371    precision@5: 0.0055    precision@10: 0.0045    precision@20: 0.0034    precision@50: 0.0023    map@5: 0.0138    map@10: 0.0160    map@20: 0.0176    map@50: 0.0190    
Fri 08 May 2026 03:18:37 INFO ██ PA2PD--Best validation results updated!!!
Fri 08 May 2026 03:18:54 INFO epoch 8 training [time: 17.04s, train loss: 26.0794]
Fri 08 May 2026 03:19:00 INFO epoch 8 evaluating [time: 3.08s, valid_score: 0.044900]
Fri 08 May 2026 03:19:00 INFO valid result: 
recall@5: 0.0275    recall@10: 0.0449    recall@20: 0.0687    recall@50: 0.1138    ndcg@5: 0.0179    ndcg@10: 0.0235    ndcg@20: 0.0296    ndcg@50: 0.0385    precision@5: 0.0056    precision@10: 0.0045    precision@20: 0.0035    precision@50: 0.0023    map@5: 0.0148    map@10: 0.0171    map@20: 0.0187    map@50: 0.0201    
Fri 08 May 2026 03:19:00 INFO test result: 
recall@5: 0.0275    recall@10: 0.0444    recall@20: 0.0681    recall@50: 0.1127    ndcg@5: 0.0177    ndcg@10: 0.0232    ndcg@20: 0.0292    ndcg@50: 0.0381    precision@5: 0.0057    precision@10: 0.0046    precision@20: 0.0035    precision@50: 0.0023    map@5: 0.0143    map@10: 0.0166    map@20: 0.0182    map@50: 0.0196    
Fri 08 May 2026 03:19:00 INFO ██ PA2PD--Best validation results updated!!!
Fri 08 May 2026 03:19:17 INFO epoch 9 training [time: 17.06s, train loss: 24.8783]
Fri 08 May 2026 03:19:23 INFO epoch 9 evaluating [time: 2.83s, valid_score: 0.045700]
Fri 08 May 2026 03:19:23 INFO valid result: 
recall@5: 0.0282    recall@10: 0.0457    recall@20: 0.0703    recall@50: 0.1161    ndcg@5: 0.0184    ndcg@10: 0.0241    ndcg@20: 0.0303    ndcg@50: 0.0393    precision@5: 0.0057    precision@10: 0.0046    precision@20: 0.0036    precision@50: 0.0024    map@5: 0.0152    map@10: 0.0175    map@20: 0.0192    map@50: 0.0206    
Fri 08 May 2026 03:19:23 INFO test result: 
recall@5: 0.0281    recall@10: 0.0457    recall@20: 0.0698    recall@50: 0.1150    ndcg@5: 0.0181    ndcg@10: 0.0238    ndcg@20: 0.0299    ndcg@50: 0.0389    precision@5: 0.0058    precision@10: 0.0047    precision@20: 0.0036    precision@50: 0.0024    map@5: 0.0146    map@10: 0.0169    map@20: 0.0186    map@50: 0.0200    
Fri 08 May 2026 03:19:23 INFO ██ PA2PD--Best validation results updated!!!
Fri 08 May 2026 03:19:40 INFO epoch 10 training [time: 17.08s, train loss: 24.0584]
Fri 08 May 2026 03:19:46 INFO epoch 10 evaluating [time: 2.88s, valid_score: 0.046500]
Fri 08 May 2026 03:19:46 INFO valid result: 
recall@5: 0.0290    recall@10: 0.0465    recall@20: 0.0720    recall@50: 0.1193    ndcg@5: 0.0190    ndcg@10: 0.0246    ndcg@20: 0.0311    ndcg@50: 0.0404    precision@5: 0.0059    precision@10: 0.0047    precision@20: 0.0037    precision@50: 0.0024    map@5: 0.0157    map@10: 0.0180    map@20: 0.0198    map@50: 0.0212    
Fri 08 May 2026 03:19:46 INFO test result: 
recall@5: 0.0291    recall@10: 0.0470    recall@20: 0.0711    recall@50: 0.1173    ndcg@5: 0.0189    ndcg@10: 0.0247    ndcg@20: 0.0308    ndcg@50: 0.0400    precision@5: 0.0060    precision@10: 0.0049    precision@20: 0.0037    precision@50: 0.0024    map@5: 0.0154    map@10: 0.0177    map@20: 0.0194    map@50: 0.0209    
Fri 08 May 2026 03:19:46 INFO ██ PA2PD--Best validation results updated!!!
Fri 08 May 2026 03:20:03 INFO epoch 11 training [time: 17.19s, train loss: 23.2330]
Fri 08 May 2026 03:20:09 INFO epoch 11 evaluating [time: 2.81s, valid_score: 0.047500]
Fri 08 May 2026 03:20:09 INFO valid result: 
recall@5: 0.0296    recall@10: 0.0475    recall@20: 0.0729    recall@50: 0.1205    ndcg@5: 0.0194    ndcg@10: 0.0251    ndcg@20: 0.0315    ndcg@50: 0.0409    precision@5: 0.0060    precision@10: 0.0048    precision@20: 0.0037    precision@50: 0.0024    map@5: 0.0160    map@10: 0.0183    map@20: 0.0201    map@50: 0.0215    
Fri 08 May 2026 03:20:09 INFO test result: 
recall@5: 0.0301    recall@10: 0.0475    recall@20: 0.0725    recall@50: 0.1195    ndcg@5: 0.0194    ndcg@10: 0.0251    ndcg@20: 0.0314    ndcg@50: 0.0408    precision@5: 0.0062    precision@10: 0.0049    precision@20: 0.0038    precision@50: 0.0025    map@5: 0.0157    map@10: 0.0180    map@20: 0.0198    map@50: 0.0212    
Fri 08 May 2026 03:20:09 INFO ██ PA2PD--Best validation results updated!!!
Fri 08 May 2026 03:20:26 INFO epoch 12 training [time: 17.04s, train loss: 22.4414]
Fri 08 May 2026 03:20:32 INFO epoch 12 evaluating [time: 2.97s, valid_score: 0.048400]
Fri 08 May 2026 03:20:32 INFO valid result: 
recall@5: 0.0306    recall@10: 0.0484    recall@20: 0.0738    recall@50: 0.1223    ndcg@5: 0.0199    ndcg@10: 0.0256    ndcg@20: 0.0320    ndcg@50: 0.0416    precision@5: 0.0062    precision@10: 0.0049    precision@20: 0.0037    precision@50: 0.0025    map@5: 0.0164    map@10: 0.0187    map@20: 0.0204    map@50: 0.0219    
Fri 08 May 2026 03:20:32 INFO test result: 
recall@5: 0.0302    recall@10: 0.0486    recall@20: 0.0736    recall@50: 0.1218    ndcg@5: 0.0195    ndcg@10: 0.0255    ndcg@20: 0.0318    ndcg@50: 0.0415    precision@5: 0.0062    precision@10: 0.0050    precision@20: 0.0038    precision@50: 0.0025    map@5: 0.0158    map@10: 0.0183    map@20: 0.0200    map@50: 0.0215    
Fri 08 May 2026 03:20:32 INFO ██ PA2PD--Best validation results updated!!!
Fri 08 May 2026 03:20:49 INFO epoch 13 training [time: 17.06s, train loss: 21.6945]
Fri 08 May 2026 03:20:54 INFO epoch 13 evaluating [time: 2.89s, valid_score: 0.048900]
Fri 08 May 2026 03:20:54 INFO valid result: 
recall@5: 0.0313    recall@10: 0.0489    recall@20: 0.0744    recall@50: 0.1239    ndcg@5: 0.0205    ndcg@10: 0.0261    ndcg@20: 0.0326    ndcg@50: 0.0424    precision@5: 0.0063    precision@10: 0.0049    precision@20: 0.0038    precision@50: 0.0025    map@5: 0.0169    map@10: 0.0192    map@20: 0.0209    map@50: 0.0225    
Fri 08 May 2026 03:20:54 INFO test result: 
recall@5: 0.0311    recall@10: 0.0495    recall@20: 0.0749    recall@50: 0.1219    ndcg@5: 0.0200    ndcg@10: 0.0259    ndcg@20: 0.0324    ndcg@50: 0.0418    precision@5: 0.0064    precision@10: 0.0051    precision@20: 0.0039    precision@50: 0.0025    map@5: 0.0162    map@10: 0.0186    map@20: 0.0203    map@50: 0.0218    
Fri 08 May 2026 03:20:54 INFO ██ PA2PD--Best validation results updated!!!
Fri 08 May 2026 03:21:12 INFO epoch 14 training [time: 17.06s, train loss: 21.1318]
Fri 08 May 2026 03:21:17 INFO epoch 14 evaluating [time: 2.59s, valid_score: 0.049900]
Fri 08 May 2026 03:21:17 INFO valid result: 
recall@5: 0.0321    recall@10: 0.0499    recall@20: 0.0753    recall@50: 0.1257    ndcg@5: 0.0209    ndcg@10: 0.0267    ndcg@20: 0.0331    ndcg@50: 0.0430    precision@5: 0.0065    precision@10: 0.0051    precision@20: 0.0038    precision@50: 0.0025    map@5: 0.0172    map@10: 0.0196    map@20: 0.0213    map@50: 0.0229    
Fri 08 May 2026 03:21:17 INFO test result: 
recall@5: 0.0316    recall@10: 0.0508    recall@20: 0.0761    recall@50: 0.1245    ndcg@5: 0.0203    ndcg@10: 0.0266    ndcg@20: 0.0330    ndcg@50: 0.0426    precision@5: 0.0065    precision@10: 0.0053    precision@20: 0.0040    precision@50: 0.0026    map@5: 0.0165    map@10: 0.0191    map@20: 0.0208    map@50: 0.0223    
Fri 08 May 2026 03:21:17 INFO ██ PA2PD--Best validation results updated!!!
Fri 08 May 2026 03:21:34 INFO epoch 15 training [time: 17.13s, train loss: 20.6235]
Fri 08 May 2026 03:21:40 INFO epoch 15 evaluating [time: 2.90s, valid_score: 0.050900]
Fri 08 May 2026 03:21:40 INFO valid result: 
recall@5: 0.0324    recall@10: 0.0509    recall@20: 0.0762    recall@50: 0.1268    ndcg@5: 0.0210    ndcg@10: 0.0270    ndcg@20: 0.0333    ndcg@50: 0.0433    precision@5: 0.0066    precision@10: 0.0051    precision@20: 0.0039    precision@50: 0.0026    map@5: 0.0172    map@10: 0.0197    map@20: 0.0214    map@50: 0.0230    
Fri 08 May 2026 03:21:40 INFO test result: 
recall@5: 0.0324    recall@10: 0.0512    recall@20: 0.0759    recall@50: 0.1250    ndcg@5: 0.0208    ndcg@10: 0.0269    ndcg@20: 0.0332    ndcg@50: 0.0430    precision@5: 0.0067    precision@10: 0.0053    precision@20: 0.0039    precision@50: 0.0026    map@5: 0.0169    map@10: 0.0194    map@20: 0.0211    map@50: 0.0227    
Fri 08 May 2026 03:21:40 INFO ██ PA2PD--Best validation results updated!!!
Fri 08 May 2026 03:21:57 INFO epoch 16 training [time: 17.06s, train loss: 20.0286]
Fri 08 May 2026 03:22:03 INFO epoch 16 evaluating [time: 3.02s, valid_score: 0.051100]
Fri 08 May 2026 03:22:03 INFO valid result: 
recall@5: 0.0327    recall@10: 0.0511    recall@20: 0.0771    recall@50: 0.1279    ndcg@5: 0.0213    ndcg@10: 0.0273    ndcg@20: 0.0338    ndcg@50: 0.0439    precision@5: 0.0066    precision@10: 0.0052    precision@20: 0.0039    precision@50: 0.0026    map@5: 0.0175    map@10: 0.0199    map@20: 0.0217    map@50: 0.0233    
Fri 08 May 2026 03:22:03 INFO test result: 
recall@5: 0.0324    recall@10: 0.0513    recall@20: 0.0771    recall@50: 0.1264    ndcg@5: 0.0208    ndcg@10: 0.0270    ndcg@20: 0.0336    ndcg@50: 0.0434    precision@5: 0.0067    precision@10: 0.0053    precision@20: 0.0040    precision@50: 0.0026    map@5: 0.0169    map@10: 0.0194    map@20: 0.0212    map@50: 0.0228    
Fri 08 May 2026 03:22:03 INFO ██ PA2PD--Best validation results updated!!!
Fri 08 May 2026 03:22:20 INFO epoch 17 training [time: 17.09s, train loss: 19.5477]
Fri 08 May 2026 03:22:26 INFO epoch 17 evaluating [time: 3.06s, valid_score: 0.052000]
Fri 08 May 2026 03:22:26 INFO valid result: 
recall@5: 0.0335    recall@10: 0.0520    recall@20: 0.0779    recall@50: 0.1289    ndcg@5: 0.0219    ndcg@10: 0.0278    ndcg@20: 0.0344    ndcg@50: 0.0445    precision@5: 0.0068    precision@10: 0.0053    precision@20: 0.0040    precision@50: 0.0026    map@5: 0.0180    map@10: 0.0204    map@20: 0.0222    map@50: 0.0238    
Fri 08 May 2026 03:22:26 INFO test result: 
recall@5: 0.0334    recall@10: 0.0529    recall@20: 0.0778    recall@50: 0.1282    ndcg@5: 0.0214    ndcg@10: 0.0277    ndcg@20: 0.0340    ndcg@50: 0.0441    precision@5: 0.0069    precision@10: 0.0055    precision@20: 0.0040    precision@50: 0.0027    map@5: 0.0172    map@10: 0.0198    map@20: 0.0215    map@50: 0.0231    
Fri 08 May 2026 03:22:26 INFO ██ PA2PD--Best validation results updated!!!
Fri 08 May 2026 03:22:43 INFO epoch 18 training [time: 17.04s, train loss: 19.1018]
Fri 08 May 2026 03:22:49 INFO epoch 18 evaluating [time: 2.89s, valid_score: 0.052700]
Fri 08 May 2026 03:22:49 INFO valid result: 
recall@5: 0.0337    recall@10: 0.0527    recall@20: 0.0782    recall@50: 0.1298    ndcg@5: 0.0221    ndcg@10: 0.0282    ndcg@20: 0.0346    ndcg@50: 0.0449    precision@5: 0.0068    precision@10: 0.0053    precision@20: 0.0040    precision@50: 0.0026    map@5: 0.0182    map@10: 0.0207    map@20: 0.0224    map@50: 0.0241    
Fri 08 May 2026 03:22:49 INFO test result: 
recall@5: 0.0338    recall@10: 0.0538    recall@20: 0.0792    recall@50: 0.1295    ndcg@5: 0.0218    ndcg@10: 0.0283    ndcg@20: 0.0347    ndcg@50: 0.0448    precision@5: 0.0070    precision@10: 0.0056    precision@20: 0.0041    precision@50: 0.0027    map@5: 0.0177    map@10: 0.0203    map@20: 0.0221    map@50: 0.0237    
Fri 08 May 2026 03:22:49 INFO ██ PA2PD--Best validation results updated!!!
Fri 08 May 2026 03:23:06 INFO epoch 19 training [time: 17.06s, train loss: 18.6149]
Fri 08 May 2026 03:23:11 INFO epoch 19 evaluating [time: 2.86s, valid_score: 0.053200]
Fri 08 May 2026 03:23:11 INFO valid result: 
recall@5: 0.0340    recall@10: 0.0532    recall@20: 0.0794    recall@50: 0.1309    ndcg@5: 0.0223    ndcg@10: 0.0285    ndcg@20: 0.0351    ndcg@50: 0.0453    precision@5: 0.0069    precision@10: 0.0054    precision@20: 0.0040    precision@50: 0.0027    map@5: 0.0184    map@10: 0.0209    map@20: 0.0227    map@50: 0.0243    
Fri 08 May 2026 03:23:11 INFO test result: 
recall@5: 0.0340    recall@10: 0.0540    recall@20: 0.0795    recall@50: 0.1307    ndcg@5: 0.0219    ndcg@10: 0.0284    ndcg@20: 0.0349    ndcg@50: 0.0451    precision@5: 0.0070    precision@10: 0.0056    precision@20: 0.0041    precision@50: 0.0027    map@5: 0.0178    map@10: 0.0205    map@20: 0.0222    map@50: 0.0238    
Fri 08 May 2026 03:23:11 INFO ██ PA2PD--Best validation results updated!!!
Fri 08 May 2026 03:23:29 INFO epoch 20 training [time: 17.23s, train loss: 18.1020]
Fri 08 May 2026 03:23:34 INFO epoch 20 evaluating [time: 2.85s, valid_score: 0.054200]
Fri 08 May 2026 03:23:34 INFO valid result: 
recall@5: 0.0344    recall@10: 0.0542    recall@20: 0.0803    recall@50: 0.1323    ndcg@5: 0.0226    ndcg@10: 0.0290    ndcg@20: 0.0355    ndcg@50: 0.0458    precision@5: 0.0070    precision@10: 0.0055    precision@20: 0.0041    precision@50: 0.0027    map@5: 0.0187    map@10: 0.0213    map@20: 0.0230    map@50: 0.0247    
Fri 08 May 2026 03:23:34 INFO test result: 
recall@5: 0.0348    recall@10: 0.0542    recall@20: 0.0808    recall@50: 0.1310    ndcg@5: 0.0224    ndcg@10: 0.0287    ndcg@20: 0.0354    ndcg@50: 0.0455    precision@5: 0.0072    precision@10: 0.0056    precision@20: 0.0042    precision@50: 0.0027    map@5: 0.0182    map@10: 0.0207    map@20: 0.0225    map@50: 0.0241    
Fri 08 May 2026 03:23:34 INFO ██ PA2PD--Best validation results updated!!!
Fri 08 May 2026 03:23:51 INFO epoch 21 training [time: 17.05s, train loss: 17.6866]
Fri 08 May 2026 03:23:57 INFO epoch 21 evaluating [time: 3.11s, valid_score: 0.054600]
Fri 08 May 2026 03:23:57 INFO valid result: 
recall@5: 0.0345    recall@10: 0.0546    recall@20: 0.0810    recall@50: 0.1333    ndcg@5: 0.0227    ndcg@10: 0.0291    ndcg@20: 0.0358    ndcg@50: 0.0461    precision@5: 0.0070    precision@10: 0.0055    precision@20: 0.0041    precision@50: 0.0027    map@5: 0.0187    map@10: 0.0214    map@20: 0.0232    map@50: 0.0248    
Fri 08 May 2026 03:23:57 INFO test result: 
recall@5: 0.0350    recall@10: 0.0547    recall@20: 0.0811    recall@50: 0.1319    ndcg@5: 0.0225    ndcg@10: 0.0289    ndcg@20: 0.0356    ndcg@50: 0.0458    precision@5: 0.0072    precision@10: 0.0057    precision@20: 0.0042    precision@50: 0.0027    map@5: 0.0183    map@10: 0.0209    map@20: 0.0227    map@50: 0.0243    
Fri 08 May 2026 03:23:57 INFO ██ PA2PD--Best validation results updated!!!
Fri 08 May 2026 03:24:15 INFO epoch 22 training [time: 17.07s, train loss: 17.3019]
Fri 08 May 2026 03:24:20 INFO epoch 22 evaluating [time: 3.07s, valid_score: 0.054700]
Fri 08 May 2026 03:24:20 INFO valid result: 
recall@5: 0.0351    recall@10: 0.0547    recall@20: 0.0816    recall@50: 0.1342    ndcg@5: 0.0231    ndcg@10: 0.0294    ndcg@20: 0.0362    ndcg@50: 0.0466    precision@5: 0.0071    precision@10: 0.0055    precision@20: 0.0041    precision@50: 0.0027    map@5: 0.0191    map@10: 0.0217    map@20: 0.0235    map@50: 0.0252    
Fri 08 May 2026 03:24:20 INFO test result: 
recall@5: 0.0354    recall@10: 0.0562    recall@20: 0.0821    recall@50: 0.1327    ndcg@5: 0.0228    ndcg@10: 0.0295    ndcg@20: 0.0361    ndcg@50: 0.0462    precision@5: 0.0073    precision@10: 0.0058    precision@20: 0.0043    precision@50: 0.0028    map@5: 0.0185    map@10: 0.0212    map@20: 0.0230    map@50: 0.0246    
Fri 08 May 2026 03:24:20 INFO ██ PA2PD--Best validation results updated!!!
Fri 08 May 2026 03:24:38 INFO epoch 23 training [time: 17.07s, train loss: 16.9034]
Fri 08 May 2026 03:24:43 INFO epoch 23 evaluating [time: 2.92s, valid_score: 0.055100]
Fri 08 May 2026 03:24:43 INFO valid result: 
recall@5: 0.0353    recall@10: 0.0551    recall@20: 0.0826    recall@50: 0.1342    ndcg@5: 0.0232    ndcg@10: 0.0296    ndcg@20: 0.0365    ndcg@50: 0.0467    precision@5: 0.0072    precision@10: 0.0056    precision@20: 0.0042    precision@50: 0.0027    map@5: 0.0192    map@10: 0.0218    map@20: 0.0236    map@50: 0.0253    
Fri 08 May 2026 03:24:43 INFO test result: 
recall@5: 0.0354    recall@10: 0.0563    recall@20: 0.0825    recall@50: 0.1346    ndcg@5: 0.0230    ndcg@10: 0.0297    ndcg@20: 0.0364    ndcg@50: 0.0467    precision@5: 0.0073    precision@10: 0.0058    precision@20: 0.0043    precision@50: 0.0028    map@5: 0.0187    map@10: 0.0215    map@20: 0.0233    map@50: 0.0249    
Fri 08 May 2026 03:24:43 INFO ██ PA2PD--Best validation results updated!!!
Fri 08 May 2026 03:25:01 INFO epoch 24 training [time: 17.08s, train loss: 16.4948]
Fri 08 May 2026 03:25:06 INFO epoch 24 evaluating [time: 2.84s, valid_score: 0.056000]
Fri 08 May 2026 03:25:06 INFO valid result: 
recall@5: 0.0357    recall@10: 0.0560    recall@20: 0.0830    recall@50: 0.1358    ndcg@5: 0.0235    ndcg@10: 0.0301    ndcg@20: 0.0368    ndcg@50: 0.0473    precision@5: 0.0072    precision@10: 0.0057    precision@20: 0.0042    precision@50: 0.0028    map@5: 0.0195    map@10: 0.0221    map@20: 0.0239    map@50: 0.0256    
Fri 08 May 2026 03:25:06 INFO test result: 
recall@5: 0.0356    recall@10: 0.0567    recall@20: 0.0827    recall@50: 0.1339    ndcg@5: 0.0232    ndcg@10: 0.0300    ndcg@20: 0.0366    ndcg@50: 0.0469    precision@5: 0.0073    precision@10: 0.0059    precision@20: 0.0043    precision@50: 0.0028    map@5: 0.0189    map@10: 0.0217    map@20: 0.0235    map@50: 0.0251    
Fri 08 May 2026 03:25:06 INFO ██ PA2PD--Best validation results updated!!!
Fri 08 May 2026 03:25:23 INFO epoch 25 training [time: 17.23s, train loss: 16.0725]
Fri 08 May 2026 03:25:29 INFO epoch 25 evaluating [time: 2.88s, valid_score: 0.056000]
Fri 08 May 2026 03:25:29 INFO valid result: 
recall@5: 0.0360    recall@10: 0.0560    recall@20: 0.0839    recall@50: 0.1364    ndcg@5: 0.0238    ndcg@10: 0.0302    ndcg@20: 0.0372    ndcg@50: 0.0477    precision@5: 0.0073    precision@10: 0.0057    precision@20: 0.0042    precision@50: 0.0028    map@5: 0.0197    map@10: 0.0223    map@20: 0.0242    map@50: 0.0259    
Fri 08 May 2026 03:25:29 INFO test result: 
recall@5: 0.0358    recall@10: 0.0569    recall@20: 0.0841    recall@50: 0.1345    ndcg@5: 0.0233    ndcg@10: 0.0301    ndcg@20: 0.0370    ndcg@50: 0.0471    precision@5: 0.0074    precision@10: 0.0059    precision@20: 0.0044    precision@50: 0.0028    map@5: 0.0190    map@10: 0.0218    map@20: 0.0236    map@50: 0.0252    
Fri 08 May 2026 03:25:46 INFO epoch 26 training [time: 17.06s, train loss: 15.6702]
Fri 08 May 2026 03:25:52 INFO epoch 26 evaluating [time: 2.98s, valid_score: 0.056500]
Fri 08 May 2026 03:25:52 INFO valid result: 
recall@5: 0.0359    recall@10: 0.0565    recall@20: 0.0842    recall@50: 0.1379    ndcg@5: 0.0238    ndcg@10: 0.0304    ndcg@20: 0.0374    ndcg@50: 0.0480    precision@5: 0.0073    precision@10: 0.0057    precision@20: 0.0043    precision@50: 0.0028    map@5: 0.0197    map@10: 0.0224    map@20: 0.0243    map@50: 0.0260    
Fri 08 May 2026 03:25:52 INFO test result: 
recall@5: 0.0359    recall@10: 0.0571    recall@20: 0.0839    recall@50: 0.1360    ndcg@5: 0.0233    ndcg@10: 0.0302    ndcg@20: 0.0370    ndcg@50: 0.0474    precision@5: 0.0074    precision@10: 0.0059    precision@20: 0.0044    precision@50: 0.0028    map@5: 0.0190    map@10: 0.0218    map@20: 0.0236    map@50: 0.0253    
Fri 08 May 2026 03:25:52 INFO ██ PA2PD--Best validation results updated!!!
Fri 08 May 2026 03:26:09 INFO epoch 27 training [time: 17.07s, train loss: 15.2389]
Fri 08 May 2026 03:26:15 INFO epoch 27 evaluating [time: 2.85s, valid_score: 0.056900]
Fri 08 May 2026 03:26:15 INFO valid result: 
recall@5: 0.0361    recall@10: 0.0569    recall@20: 0.0849    recall@50: 0.1389    ndcg@5: 0.0238    ndcg@10: 0.0305    ndcg@20: 0.0376    ndcg@50: 0.0482    precision@5: 0.0073    precision@10: 0.0058    precision@20: 0.0043    precision@50: 0.0028    map@5: 0.0197    map@10: 0.0224    map@20: 0.0243    map@50: 0.0260    
Fri 08 May 2026 03:26:15 INFO test result: 
recall@5: 0.0365    recall@10: 0.0575    recall@20: 0.0848    recall@50: 0.1368    ndcg@5: 0.0237    ndcg@10: 0.0306    ndcg@20: 0.0375    ndcg@50: 0.0479    precision@5: 0.0075    precision@10: 0.0059    precision@20: 0.0044    precision@50: 0.0028    map@5: 0.0194    map@10: 0.0222    map@20: 0.0240    map@50: 0.0257    
Fri 08 May 2026 03:26:15 INFO ██ PA2PD--Best validation results updated!!!
Fri 08 May 2026 03:26:32 INFO epoch 28 training [time: 17.06s, train loss: 14.8638]
Fri 08 May 2026 03:26:38 INFO epoch 28 evaluating [time: 2.95s, valid_score: 0.057500]
Fri 08 May 2026 03:26:38 INFO valid result: 
recall@5: 0.0365    recall@10: 0.0575    recall@20: 0.0853    recall@50: 0.1395    ndcg@5: 0.0242    ndcg@10: 0.0310    ndcg@20: 0.0379    ndcg@50: 0.0487    precision@5: 0.0074    precision@10: 0.0058    precision@20: 0.0043    precision@50: 0.0028    map@5: 0.0200    map@10: 0.0228    map@20: 0.0247    map@50: 0.0264    
Fri 08 May 2026 03:26:38 INFO test result: 
recall@5: 0.0366    recall@10: 0.0580    recall@20: 0.0855    recall@50: 0.1371    ndcg@5: 0.0240    ndcg@10: 0.0309    ndcg@20: 0.0379    ndcg@50: 0.0482    precision@5: 0.0075    precision@10: 0.0060    precision@20: 0.0044    precision@50: 0.0029    map@5: 0.0197    map@10: 0.0225    map@20: 0.0244    map@50: 0.0260    
Fri 08 May 2026 03:26:38 INFO ██ PA2PD--Best validation results updated!!!
Fri 08 May 2026 03:26:55 INFO epoch 29 training [time: 17.09s, train loss: 14.4929]
Fri 08 May 2026 03:27:01 INFO epoch 29 evaluating [time: 2.87s, valid_score: 0.057800]
Fri 08 May 2026 03:27:01 INFO valid result: 
recall@5: 0.0372    recall@10: 0.0578    recall@20: 0.0859    recall@50: 0.1401    ndcg@5: 0.0246    ndcg@10: 0.0313    ndcg@20: 0.0383    ndcg@50: 0.0491    precision@5: 0.0075    precision@10: 0.0059    precision@20: 0.0044    precision@50: 0.0028    map@5: 0.0204    map@10: 0.0231    map@20: 0.0250    map@50: 0.0267    
Fri 08 May 2026 03:27:01 INFO test result: 
recall@5: 0.0364    recall@10: 0.0581    recall@20: 0.0859    recall@50: 0.1381    ndcg@5: 0.0239    ndcg@10: 0.0310    ndcg@20: 0.0380    ndcg@50: 0.0484    precision@5: 0.0075    precision@10: 0.0060    precision@20: 0.0045    precision@50: 0.0029    map@5: 0.0196    map@10: 0.0225    map@20: 0.0244    map@50: 0.0260    
Fri 08 May 2026 03:27:01 INFO ██ PA2PD--Best validation results updated!!!
Fri 08 May 2026 03:27:18 INFO epoch 30 training [time: 17.23s, train loss: 14.0853]
Fri 08 May 2026 03:27:24 INFO epoch 30 evaluating [time: 2.87s, valid_score: 0.058000]
Fri 08 May 2026 03:27:24 INFO valid result: 
recall@5: 0.0377    recall@10: 0.0580    recall@20: 0.0862    recall@50: 0.1406    ndcg@5: 0.0248    ndcg@10: 0.0314    ndcg@20: 0.0385    ndcg@50: 0.0493    precision@5: 0.0076    precision@10: 0.0059    precision@20: 0.0044    precision@50: 0.0029    map@5: 0.0205    map@10: 0.0232    map@20: 0.0251    map@50: 0.0269    
Fri 08 May 2026 03:27:24 INFO test result: 
recall@5: 0.0367    recall@10: 0.0586    recall@20: 0.0866    recall@50: 0.1385    ndcg@5: 0.0241    ndcg@10: 0.0312    ndcg@20: 0.0383    ndcg@50: 0.0487    precision@5: 0.0076    precision@10: 0.0061    precision@20: 0.0045    precision@50: 0.0029    map@5: 0.0198    map@10: 0.0227    map@20: 0.0246    map@50: 0.0263    
Fri 08 May 2026 03:27:24 INFO ██ PA2PD--Best validation results updated!!!
Fri 08 May 2026 03:27:41 INFO epoch 31 training [time: 17.07s, train loss: 13.7288]
Fri 08 May 2026 03:27:47 INFO epoch 31 evaluating [time: 3.03s, valid_score: 0.059000]
Fri 08 May 2026 03:27:47 INFO valid result: 
recall@5: 0.0378    recall@10: 0.0590    recall@20: 0.0875    recall@50: 0.1419    ndcg@5: 0.0250    ndcg@10: 0.0317    ndcg@20: 0.0389    ndcg@50: 0.0497    precision@5: 0.0077    precision@10: 0.0060    precision@20: 0.0044    precision@50: 0.0029    map@5: 0.0207    map@10: 0.0234    map@20: 0.0254    map@50: 0.0271    
Fri 08 May 2026 03:27:47 INFO test result: 
recall@5: 0.0375    recall@10: 0.0589    recall@20: 0.0872    recall@50: 0.1396    ndcg@5: 0.0245    ndcg@10: 0.0315    ndcg@20: 0.0386    ndcg@50: 0.0491    precision@5: 0.0077    precision@10: 0.0061    precision@20: 0.0045    precision@50: 0.0029    map@5: 0.0201    map@10: 0.0229    map@20: 0.0248    map@50: 0.0265    
Fri 08 May 2026 03:27:47 INFO ██ PA2PD--Best validation results updated!!!
Fri 08 May 2026 03:28:04 INFO epoch 32 training [time: 17.09s, train loss: 13.3015]
Fri 08 May 2026 03:28:10 INFO epoch 32 evaluating [time: 3.06s, valid_score: 0.058900]
Fri 08 May 2026 03:28:10 INFO valid result: 
recall@5: 0.0378    recall@10: 0.0589    recall@20: 0.0875    recall@50: 0.1415    ndcg@5: 0.0249    ndcg@10: 0.0317    ndcg@20: 0.0389    ndcg@50: 0.0497    precision@5: 0.0077    precision@10: 0.0060    precision@20: 0.0044    precision@50: 0.0029    map@5: 0.0207    map@10: 0.0234    map@20: 0.0254    map@50: 0.0271    
Fri 08 May 2026 03:28:10 INFO test result: 
recall@5: 0.0371    recall@10: 0.0593    recall@20: 0.0870    recall@50: 0.1396    ndcg@5: 0.0243    ndcg@10: 0.0315    ndcg@20: 0.0385    ndcg@50: 0.0490    precision@5: 0.0076    precision@10: 0.0061    precision@20: 0.0045    precision@50: 0.0029    map@5: 0.0199    map@10: 0.0228    map@20: 0.0247    map@50: 0.0264    
Fri 08 May 2026 03:28:27 INFO epoch 33 training [time: 17.07s, train loss: 12.9150]
Fri 08 May 2026 03:28:33 INFO epoch 33 evaluating [time: 2.95s, valid_score: 0.059100]
Fri 08 May 2026 03:28:33 INFO valid result: 
recall@5: 0.0381    recall@10: 0.0591    recall@20: 0.0882    recall@50: 0.1424    ndcg@5: 0.0251    ndcg@10: 0.0319    ndcg@20: 0.0392    ndcg@50: 0.0500    precision@5: 0.0077    precision@10: 0.0060    precision@20: 0.0045    precision@50: 0.0029    map@5: 0.0208    map@10: 0.0236    map@20: 0.0256    map@50: 0.0273    
Fri 08 May 2026 03:28:33 INFO test result: 
recall@5: 0.0375    recall@10: 0.0594    recall@20: 0.0871    recall@50: 0.1400    ndcg@5: 0.0246    ndcg@10: 0.0318    ndcg@20: 0.0388    ndcg@50: 0.0494    precision@5: 0.0077    precision@10: 0.0061    precision@20: 0.0045    precision@50: 0.0029    map@5: 0.0202    map@10: 0.0231    map@20: 0.0250    map@50: 0.0267    
Fri 08 May 2026 03:28:33 INFO ██ PA2PD--Best validation results updated!!!
Fri 08 May 2026 03:28:50 INFO epoch 34 training [time: 17.10s, train loss: 12.5576]
Fri 08 May 2026 03:28:56 INFO epoch 34 evaluating [time: 2.82s, valid_score: 0.059200]
Fri 08 May 2026 03:28:56 INFO valid result: 
recall@5: 0.0381    recall@10: 0.0592    recall@20: 0.0890    recall@50: 0.1425    ndcg@5: 0.0252    ndcg@10: 0.0320    ndcg@20: 0.0395    ndcg@50: 0.0501    precision@5: 0.0077    precision@10: 0.0060    precision@20: 0.0045    precision@50: 0.0029    map@5: 0.0209    map@10: 0.0237    map@20: 0.0257    map@50: 0.0274    
Fri 08 May 2026 03:28:56 INFO test result: 
recall@5: 0.0380    recall@10: 0.0602    recall@20: 0.0886    recall@50: 0.1405    ndcg@5: 0.0249    ndcg@10: 0.0321    ndcg@20: 0.0393    ndcg@50: 0.0496    precision@5: 0.0078    precision@10: 0.0062    precision@20: 0.0046    precision@50: 0.0029    map@5: 0.0204    map@10: 0.0233    map@20: 0.0253    map@50: 0.0269    
Fri 08 May 2026 03:28:56 INFO ██ PA2PD--Best validation results updated!!!
Fri 08 May 2026 03:29:13 INFO epoch 35 training [time: 17.23s, train loss: 12.1817]
Fri 08 May 2026 03:29:19 INFO epoch 35 evaluating [time: 2.93s, valid_score: 0.059900]
Fri 08 May 2026 03:29:19 INFO valid result: 
recall@5: 0.0383    recall@10: 0.0599    recall@20: 0.0891    recall@50: 0.1432    ndcg@5: 0.0254    ndcg@10: 0.0323    ndcg@20: 0.0397    ndcg@50: 0.0504    precision@5: 0.0077    precision@10: 0.0061    precision@20: 0.0045    precision@50: 0.0029    map@5: 0.0211    map@10: 0.0239    map@20: 0.0259    map@50: 0.0276    
Fri 08 May 2026 03:29:19 INFO test result: 
recall@5: 0.0380    recall@10: 0.0602    recall@20: 0.0887    recall@50: 0.1416    ndcg@5: 0.0249    ndcg@10: 0.0321    ndcg@20: 0.0393    ndcg@50: 0.0499    precision@5: 0.0078    precision@10: 0.0062    precision@20: 0.0046    precision@50: 0.0030    map@5: 0.0204    map@10: 0.0233    map@20: 0.0253    map@50: 0.0270    
Fri 08 May 2026 03:29:19 INFO ██ PA2PD--Best validation results updated!!!
Fri 08 May 2026 03:29:36 INFO epoch 36 training [time: 17.07s, train loss: 11.7889]
Fri 08 May 2026 03:29:42 INFO epoch 36 evaluating [time: 3.03s, valid_score: 0.059900]
Fri 08 May 2026 03:29:42 INFO valid result: 
recall@5: 0.0385    recall@10: 0.0599    recall@20: 0.0894    recall@50: 0.1434    ndcg@5: 0.0254    ndcg@10: 0.0323    ndcg@20: 0.0398    ndcg@50: 0.0505    precision@5: 0.0078    precision@10: 0.0061    precision@20: 0.0045    precision@50: 0.0029    map@5: 0.0210    map@10: 0.0239    map@20: 0.0259    map@50: 0.0276    
Fri 08 May 2026 03:29:42 INFO test result: 
recall@5: 0.0378    recall@10: 0.0609    recall@20: 0.0887    recall@50: 0.1418    ndcg@5: 0.0250    ndcg@10: 0.0325    ndcg@20: 0.0395    ndcg@50: 0.0501    precision@5: 0.0078    precision@10: 0.0063    precision@20: 0.0046    precision@50: 0.0030    map@5: 0.0206    map@10: 0.0236    map@20: 0.0255    map@50: 0.0272    
Fri 08 May 2026 03:29:59 INFO epoch 37 training [time: 17.08s, train loss: 11.4354]
Fri 08 May 2026 03:30:05 INFO epoch 37 evaluating [time: 3.01s, valid_score: 0.060400]
Fri 08 May 2026 03:30:05 INFO valid result: 
recall@5: 0.0384    recall@10: 0.0604    recall@20: 0.0892    recall@50: 0.1438    ndcg@5: 0.0255    ndcg@10: 0.0326    ndcg@20: 0.0399    ndcg@50: 0.0508    precision@5: 0.0078    precision@10: 0.0061    precision@20: 0.0045    precision@50: 0.0029    map@5: 0.0212    map@10: 0.0241    map@20: 0.0261    map@50: 0.0278    
Fri 08 May 2026 03:30:05 INFO test result: 
recall@5: 0.0382    recall@10: 0.0609    recall@20: 0.0895    recall@50: 0.1420    ndcg@5: 0.0252    ndcg@10: 0.0326    ndcg@20: 0.0399    ndcg@50: 0.0503    precision@5: 0.0079    precision@10: 0.0063    precision@20: 0.0047    precision@50: 0.0030    map@5: 0.0208    map@10: 0.0238    map@20: 0.0257    map@50: 0.0274    
Fri 08 May 2026 03:30:05 INFO ██ PA2PD--Best validation results updated!!!
Fri 08 May 2026 03:30:22 INFO epoch 38 training [time: 17.08s, train loss: 11.1615]
Fri 08 May 2026 03:30:28 INFO epoch 38 evaluating [time: 2.90s, valid_score: 0.060700]
Fri 08 May 2026 03:30:28 INFO valid result: 
recall@5: 0.0391    recall@10: 0.0607    recall@20: 0.0899    recall@50: 0.1447    ndcg@5: 0.0258    ndcg@10: 0.0328    ndcg@20: 0.0402    ndcg@50: 0.0510    precision@5: 0.0079    precision@10: 0.0061    precision@20: 0.0046    precision@50: 0.0029    map@5: 0.0214    map@10: 0.0242    map@20: 0.0262    map@50: 0.0280    
Fri 08 May 2026 03:30:28 INFO test result: 
recall@5: 0.0385    recall@10: 0.0608    recall@20: 0.0893    recall@50: 0.1428    ndcg@5: 0.0254    ndcg@10: 0.0326    ndcg@20: 0.0399    ndcg@50: 0.0505    precision@5: 0.0079    precision@10: 0.0063    precision@20: 0.0046    precision@50: 0.0030    map@5: 0.0209    map@10: 0.0238    map@20: 0.0258    map@50: 0.0275    
Fri 08 May 2026 03:30:28 INFO ██ PA2PD--Best validation results updated!!!
Fri 08 May 2026 03:30:45 INFO epoch 39 training [time: 17.10s, train loss: 10.7900]
Fri 08 May 2026 03:30:51 INFO epoch 39 evaluating [time: 2.92s, valid_score: 0.060900]
Fri 08 May 2026 03:30:51 INFO valid result: 
recall@5: 0.0389    recall@10: 0.0609    recall@20: 0.0902    recall@50: 0.1450    ndcg@5: 0.0258    ndcg@10: 0.0329    ndcg@20: 0.0403    ndcg@50: 0.0512    precision@5: 0.0079    precision@10: 0.0062    precision@20: 0.0046    precision@50: 0.0029    map@5: 0.0214    map@10: 0.0243    map@20: 0.0264    map@50: 0.0281    
Fri 08 May 2026 03:30:51 INFO test result: 
recall@5: 0.0387    recall@10: 0.0612    recall@20: 0.0900    recall@50: 0.1437    ndcg@5: 0.0255    ndcg@10: 0.0328    ndcg@20: 0.0401    ndcg@50: 0.0508    precision@5: 0.0080    precision@10: 0.0063    precision@20: 0.0047    precision@50: 0.0030    map@5: 0.0209    map@10: 0.0239    map@20: 0.0259    map@50: 0.0276    
Fri 08 May 2026 03:30:51 INFO ██ PA2PD--Best validation results updated!!!
Fri 08 May 2026 03:31:08 INFO epoch 40 training [time: 17.24s, train loss: 10.5183]
Fri 08 May 2026 03:31:14 INFO epoch 40 evaluating [time: 3.06s, valid_score: 0.061000]
Fri 08 May 2026 03:31:14 INFO valid result: 
recall@5: 0.0390    recall@10: 0.0610    recall@20: 0.0906    recall@50: 0.1455    ndcg@5: 0.0258    ndcg@10: 0.0329    ndcg@20: 0.0404    ndcg@50: 0.0513    precision@5: 0.0079    precision@10: 0.0062    precision@20: 0.0046    precision@50: 0.0030    map@5: 0.0214    map@10: 0.0243    map@20: 0.0264    map@50: 0.0281    
Fri 08 May 2026 03:31:14 INFO test result: 
recall@5: 0.0388    recall@10: 0.0618    recall@20: 0.0908    recall@50: 0.1432    ndcg@5: 0.0257    ndcg@10: 0.0331    ndcg@20: 0.0405    ndcg@50: 0.0509    precision@5: 0.0080    precision@10: 0.0064    precision@20: 0.0047    precision@50: 0.0030    map@5: 0.0211    map@10: 0.0242    map@20: 0.0261    map@50: 0.0278    
Fri 08 May 2026 03:31:14 INFO ██ PA2PD--Best validation results updated!!!
Fri 08 May 2026 03:31:31 INFO epoch 41 training [time: 17.08s, train loss: 10.2070]
Fri 08 May 2026 03:31:37 INFO epoch 41 evaluating [time: 3.05s, valid_score: 0.061100]
Fri 08 May 2026 03:31:37 INFO valid result: 
recall@5: 0.0391    recall@10: 0.0611    recall@20: 0.0913    recall@50: 0.1455    ndcg@5: 0.0259    ndcg@10: 0.0330    ndcg@20: 0.0406    ndcg@50: 0.0514    precision@5: 0.0079    precision@10: 0.0062    precision@20: 0.0046    precision@50: 0.0030    map@5: 0.0215    map@10: 0.0244    map@20: 0.0265    map@50: 0.0282    
Fri 08 May 2026 03:31:37 INFO test result: 
recall@5: 0.0393    recall@10: 0.0614    recall@20: 0.0908    recall@50: 0.1440    ndcg@5: 0.0258    ndcg@10: 0.0330    ndcg@20: 0.0405    ndcg@50: 0.0511    precision@5: 0.0081    precision@10: 0.0064    precision@20: 0.0047    precision@50: 0.0030    map@5: 0.0212    map@10: 0.0241    map@20: 0.0262    map@50: 0.0278    
Fri 08 May 2026 03:31:37 INFO ██ PA2PD--Best validation results updated!!!
Fri 08 May 2026 03:31:54 INFO epoch 42 training [time: 17.09s, train loss: 9.9787]
Fri 08 May 2026 03:32:00 INFO epoch 42 evaluating [time: 2.89s, valid_score: 0.061500]
Fri 08 May 2026 03:32:00 INFO valid result: 
recall@5: 0.0392    recall@10: 0.0615    recall@20: 0.0917    recall@50: 0.1461    ndcg@5: 0.0260    ndcg@10: 0.0332    ndcg@20: 0.0408    ndcg@50: 0.0516    precision@5: 0.0079    precision@10: 0.0062    precision@20: 0.0046    precision@50: 0.0030    map@5: 0.0215    map@10: 0.0245    map@20: 0.0266    map@50: 0.0283    
Fri 08 May 2026 03:32:00 INFO test result: 
recall@5: 0.0391    recall@10: 0.0620    recall@20: 0.0914    recall@50: 0.1447    ndcg@5: 0.0258    ndcg@10: 0.0332    ndcg@20: 0.0407    ndcg@50: 0.0513    precision@5: 0.0081    precision@10: 0.0064    precision@20: 0.0047    precision@50: 0.0030    map@5: 0.0212    map@10: 0.0242    map@20: 0.0262    map@50: 0.0279    
Fri 08 May 2026 03:32:00 INFO ██ PA2PD--Best validation results updated!!!
Fri 08 May 2026 03:32:17 INFO epoch 43 training [time: 17.11s, train loss: 9.6899]
Fri 08 May 2026 03:32:23 INFO epoch 43 evaluating [time: 2.90s, valid_score: 0.061800]
Fri 08 May 2026 03:32:23 INFO valid result: 
recall@5: 0.0402    recall@10: 0.0618    recall@20: 0.0919    recall@50: 0.1462    ndcg@5: 0.0264    ndcg@10: 0.0333    ndcg@20: 0.0409    ndcg@50: 0.0517    precision@5: 0.0081    precision@10: 0.0063    precision@20: 0.0047    precision@50: 0.0030    map@5: 0.0218    map@10: 0.0246    map@20: 0.0267    map@50: 0.0284    
Fri 08 May 2026 03:32:23 INFO test result: 
recall@5: 0.0394    recall@10: 0.0618    recall@20: 0.0917    recall@50: 0.1451    ndcg@5: 0.0262    ndcg@10: 0.0334    ndcg@20: 0.0410    ndcg@50: 0.0517    precision@5: 0.0081    precision@10: 0.0064    precision@20: 0.0048    precision@50: 0.0030    map@5: 0.0216    map@10: 0.0245    map@20: 0.0266    map@50: 0.0283    
Fri 08 May 2026 03:32:23 INFO ██ PA2PD--Best validation results updated!!!
Fri 08 May 2026 03:32:40 INFO epoch 44 training [time: 17.09s, train loss: 9.4873]
Fri 08 May 2026 03:32:46 INFO epoch 44 evaluating [time: 2.90s, valid_score: 0.061900]
Fri 08 May 2026 03:32:46 INFO valid result: 
recall@5: 0.0402    recall@10: 0.0619    recall@20: 0.0926    recall@50: 0.1463    ndcg@5: 0.0265    ndcg@10: 0.0335    ndcg@20: 0.0413    ndcg@50: 0.0519    precision@5: 0.0081    precision@10: 0.0063    precision@20: 0.0047    precision@50: 0.0030    map@5: 0.0219    map@10: 0.0248    map@20: 0.0269    map@50: 0.0286    
Fri 08 May 2026 03:32:46 INFO test result: 
recall@5: 0.0401    recall@10: 0.0622    recall@20: 0.0915    recall@50: 0.1450    ndcg@5: 0.0265    ndcg@10: 0.0336    ndcg@20: 0.0411    ndcg@50: 0.0518    precision@5: 0.0083    precision@10: 0.0064    precision@20: 0.0048    precision@50: 0.0030    map@5: 0.0218    map@10: 0.0247    map@20: 0.0267    map@50: 0.0284    
Fri 08 May 2026 03:32:46 INFO ██ PA2PD--Best validation results updated!!!
Fri 08 May 2026 03:33:04 INFO epoch 45 training [time: 17.25s, train loss: 9.3163]
Fri 08 May 2026 03:33:09 INFO epoch 45 evaluating [time: 2.98s, valid_score: 0.062300]
Fri 08 May 2026 03:33:09 INFO valid result: 
recall@5: 0.0401    recall@10: 0.0623    recall@20: 0.0928    recall@50: 0.1467    ndcg@5: 0.0264    ndcg@10: 0.0336    ndcg@20: 0.0413    ndcg@50: 0.0520    precision@5: 0.0081    precision@10: 0.0063    precision@20: 0.0047    precision@50: 0.0030    map@5: 0.0219    map@10: 0.0248    map@20: 0.0269    map@50: 0.0286    
Fri 08 May 2026 03:33:09 INFO test result: 
recall@5: 0.0403    recall@10: 0.0622    recall@20: 0.0921    recall@50: 0.1462    ndcg@5: 0.0266    ndcg@10: 0.0337    ndcg@20: 0.0413    ndcg@50: 0.0521    precision@5: 0.0083    precision@10: 0.0064    precision@20: 0.0048    precision@50: 0.0030    map@5: 0.0219    map@10: 0.0248    map@20: 0.0268    map@50: 0.0285    
Fri 08 May 2026 03:33:09 INFO ██ PA2PD--Best validation results updated!!!
Fri 08 May 2026 03:33:27 INFO epoch 46 training [time: 17.12s, train loss: 9.1117]
Fri 08 May 2026 03:33:32 INFO epoch 46 evaluating [time: 3.03s, valid_score: 0.062400]
Fri 08 May 2026 03:33:32 INFO valid result: 
recall@5: 0.0401    recall@10: 0.0624    recall@20: 0.0932    recall@50: 0.1469    ndcg@5: 0.0265    ndcg@10: 0.0337    ndcg@20: 0.0415    ndcg@50: 0.0521    precision@5: 0.0081    precision@10: 0.0063    precision@20: 0.0047    precision@50: 0.0030    map@5: 0.0220    map@10: 0.0249    map@20: 0.0270    map@50: 0.0287    
Fri 08 May 2026 03:33:32 INFO test result: 
recall@5: 0.0404    recall@10: 0.0626    recall@20: 0.0918    recall@50: 0.1459    ndcg@5: 0.0267    ndcg@10: 0.0339    ndcg@20: 0.0413    ndcg@50: 0.0521    precision@5: 0.0084    precision@10: 0.0065    precision@20: 0.0048    precision@50: 0.0030    map@5: 0.0219    map@10: 0.0249    map@20: 0.0269    map@50: 0.0286    
Fri 08 May 2026 03:33:32 INFO ██ PA2PD--Best validation results updated!!!
Fri 08 May 2026 03:33:49 INFO epoch 47 training [time: 17.08s, train loss: 8.9237]
Fri 08 May 2026 03:33:55 INFO epoch 47 evaluating [time: 3.06s, valid_score: 0.063000]
Fri 08 May 2026 03:33:55 INFO valid result: 
recall@5: 0.0402    recall@10: 0.0630    recall@20: 0.0932    recall@50: 0.1471    ndcg@5: 0.0266    ndcg@10: 0.0339    ndcg@20: 0.0416    ndcg@50: 0.0523    precision@5: 0.0081    precision@10: 0.0064    precision@20: 0.0047    precision@50: 0.0030    map@5: 0.0221    map@10: 0.0251    map@20: 0.0271    map@50: 0.0288    
Fri 08 May 2026 03:33:55 INFO test result: 
recall@5: 0.0403    recall@10: 0.0629    recall@20: 0.0922    recall@50: 0.1461    ndcg@5: 0.0268    ndcg@10: 0.0341    ndcg@20: 0.0415    ndcg@50: 0.0523    precision@5: 0.0083    precision@10: 0.0065    precision@20: 0.0048    precision@50: 0.0030    map@5: 0.0221    map@10: 0.0251    map@20: 0.0271    map@50: 0.0288    
Fri 08 May 2026 03:33:55 INFO ██ PA2PD--Best validation results updated!!!
Fri 08 May 2026 03:34:13 INFO epoch 48 training [time: 17.07s, train loss: 8.7697]
Fri 08 May 2026 03:34:18 INFO epoch 48 evaluating [time: 2.96s, valid_score: 0.062700]
Fri 08 May 2026 03:34:18 INFO valid result: 
recall@5: 0.0404    recall@10: 0.0627    recall@20: 0.0935    recall@50: 0.1476    ndcg@5: 0.0269    ndcg@10: 0.0341    ndcg@20: 0.0418    ndcg@50: 0.0526    precision@5: 0.0082    precision@10: 0.0063    precision@20: 0.0047    precision@50: 0.0030    map@5: 0.0224    map@10: 0.0253    map@20: 0.0274    map@50: 0.0291    
Fri 08 May 2026 03:34:18 INFO test result: 
recall@5: 0.0407    recall@10: 0.0629    recall@20: 0.0933    recall@50: 0.1473    ndcg@5: 0.0269    ndcg@10: 0.0341    ndcg@20: 0.0418    ndcg@50: 0.0526    precision@5: 0.0084    precision@10: 0.0065    precision@20: 0.0048    precision@50: 0.0031    map@5: 0.0222    map@10: 0.0251    map@20: 0.0272    map@50: 0.0289    
Fri 08 May 2026 03:34:36 INFO epoch 49 training [time: 17.16s, train loss: 8.6262]
Fri 08 May 2026 03:34:41 INFO epoch 49 evaluating [time: 2.88s, valid_score: 0.063700]
Fri 08 May 2026 03:34:41 INFO valid result: 
recall@5: 0.0398    recall@10: 0.0637    recall@20: 0.0935    recall@50: 0.1482    ndcg@5: 0.0267    ndcg@10: 0.0343    ndcg@20: 0.0418    ndcg@50: 0.0527    precision@5: 0.0081    precision@10: 0.0064    precision@20: 0.0047    precision@50: 0.0030    map@5: 0.0223    map@10: 0.0254    map@20: 0.0274    map@50: 0.0292    
Fri 08 May 2026 03:34:41 INFO test result: 
recall@5: 0.0407    recall@10: 0.0633    recall@20: 0.0930    recall@50: 0.1472    ndcg@5: 0.0269    ndcg@10: 0.0343    ndcg@20: 0.0418    ndcg@50: 0.0526    precision@5: 0.0084    precision@10: 0.0066    precision@20: 0.0048    precision@50: 0.0031    map@5: 0.0222    map@10: 0.0252    map@20: 0.0272    map@50: 0.0289    
Fri 08 May 2026 03:34:41 INFO ██ PA2PD--Best validation results updated!!!
Fri 08 May 2026 03:34:59 INFO epoch 50 training [time: 17.26s, train loss: 8.5001]
Fri 08 May 2026 03:35:05 INFO epoch 50 evaluating [time: 2.89s, valid_score: 0.062800]
Fri 08 May 2026 03:35:05 INFO valid result: 
recall@5: 0.0402    recall@10: 0.0628    recall@20: 0.0943    recall@50: 0.1477    ndcg@5: 0.0267    ndcg@10: 0.0340    ndcg@20: 0.0419    ndcg@50: 0.0525    precision@5: 0.0082    precision@10: 0.0064    precision@20: 0.0048    precision@50: 0.0030    map@5: 0.0222    map@10: 0.0251    map@20: 0.0273    map@50: 0.0290    
Fri 08 May 2026 03:35:05 INFO test result: 
recall@5: 0.0407    recall@10: 0.0636    recall@20: 0.0932    recall@50: 0.1472    ndcg@5: 0.0269    ndcg@10: 0.0344    ndcg@20: 0.0419    ndcg@50: 0.0527    precision@5: 0.0084    precision@10: 0.0066    precision@20: 0.0048    precision@50: 0.0031    map@5: 0.0222    map@10: 0.0253    map@20: 0.0273    map@50: 0.0290    
Fri 08 May 2026 03:35:22 INFO epoch 51 training [time: 17.11s, train loss: 8.3650]
Fri 08 May 2026 03:35:28 INFO epoch 51 evaluating [time: 3.04s, valid_score: 0.063400]
Fri 08 May 2026 03:35:28 INFO valid result: 
recall@5: 0.0401    recall@10: 0.0634    recall@20: 0.0944    recall@50: 0.1485    ndcg@5: 0.0268    ndcg@10: 0.0343    ndcg@20: 0.0421    ndcg@50: 0.0529    precision@5: 0.0081    precision@10: 0.0064    precision@20: 0.0048    precision@50: 0.0030    map@5: 0.0223    map@10: 0.0254    map@20: 0.0275    map@50: 0.0292    
Fri 08 May 2026 03:35:28 INFO test result: 
recall@5: 0.0406    recall@10: 0.0634    recall@20: 0.0934    recall@50: 0.1477    ndcg@5: 0.0269    ndcg@10: 0.0343    ndcg@20: 0.0419    ndcg@50: 0.0528    precision@5: 0.0084    precision@10: 0.0066    precision@20: 0.0049    precision@50: 0.0031    map@5: 0.0222    map@10: 0.0252    map@20: 0.0273    map@50: 0.0290    
Fri 08 May 2026 03:35:45 INFO epoch 52 training [time: 17.09s, train loss: 8.2480]
Fri 08 May 2026 03:35:51 INFO epoch 52 evaluating [time: 3.06s, valid_score: 0.064000]
Fri 08 May 2026 03:35:51 INFO valid result: 
recall@5: 0.0406    recall@10: 0.0640    recall@20: 0.0940    recall@50: 0.1490    ndcg@5: 0.0270    ndcg@10: 0.0345    ndcg@20: 0.0421    ndcg@50: 0.0530    precision@5: 0.0082    precision@10: 0.0065    precision@20: 0.0048    precision@50: 0.0030    map@5: 0.0225    map@10: 0.0255    map@20: 0.0276    map@50: 0.0294    
Fri 08 May 2026 03:35:51 INFO test result: 
recall@5: 0.0402    recall@10: 0.0637    recall@20: 0.0932    recall@50: 0.1472    ndcg@5: 0.0268    ndcg@10: 0.0345    ndcg@20: 0.0420    ndcg@50: 0.0528    precision@5: 0.0083    precision@10: 0.0066    precision@20: 0.0048    precision@50: 0.0031    map@5: 0.0222    map@10: 0.0254    map@20: 0.0274    map@50: 0.0291    
Fri 08 May 2026 03:35:51 INFO ██ PA2PD--Best validation results updated!!!
Fri 08 May 2026 03:36:08 INFO epoch 53 training [time: 17.10s, train loss: 8.1434]
Fri 08 May 2026 03:36:14 INFO epoch 53 evaluating [time: 2.97s, valid_score: 0.064000]
Fri 08 May 2026 03:36:14 INFO valid result: 
recall@5: 0.0403    recall@10: 0.0640    recall@20: 0.0946    recall@50: 0.1480    ndcg@5: 0.0269    ndcg@10: 0.0345    ndcg@20: 0.0423    ndcg@50: 0.0529    precision@5: 0.0082    precision@10: 0.0065    precision@20: 0.0048    precision@50: 0.0030    map@5: 0.0224    map@10: 0.0256    map@20: 0.0277    map@50: 0.0294    
Fri 08 May 2026 03:36:14 INFO test result: 
recall@5: 0.0409    recall@10: 0.0632    recall@20: 0.0933    recall@50: 0.1482    ndcg@5: 0.0271    ndcg@10: 0.0344    ndcg@20: 0.0420    ndcg@50: 0.0530    precision@5: 0.0085    precision@10: 0.0066    precision@20: 0.0048    precision@50: 0.0031    map@5: 0.0224    map@10: 0.0253    map@20: 0.0274    map@50: 0.0292    
Fri 08 May 2026 03:36:31 INFO epoch 54 training [time: 17.09s, train loss: 8.0449]
Fri 08 May 2026 03:36:37 INFO epoch 54 evaluating [time: 2.96s, valid_score: 0.063500]
Fri 08 May 2026 03:36:37 INFO valid result: 
recall@5: 0.0408    recall@10: 0.0635    recall@20: 0.0947    recall@50: 0.1487    ndcg@5: 0.0272    ndcg@10: 0.0345    ndcg@20: 0.0424    ndcg@50: 0.0531    precision@5: 0.0083    precision@10: 0.0064    precision@20: 0.0048    precision@50: 0.0030    map@5: 0.0226    map@10: 0.0256    map@20: 0.0277    map@50: 0.0294    
Fri 08 May 2026 03:36:37 INFO test result: 
recall@5: 0.0408    recall@10: 0.0634    recall@20: 0.0945    recall@50: 0.1475    ndcg@5: 0.0270    ndcg@10: 0.0344    ndcg@20: 0.0423    ndcg@50: 0.0529    precision@5: 0.0084    precision@10: 0.0066    precision@20: 0.0049    precision@50: 0.0031    map@5: 0.0223    map@10: 0.0253    map@20: 0.0275    map@50: 0.0291    
Fri 08 May 2026 03:36:54 INFO epoch 55 training [time: 17.24s, train loss: 7.9530]
Fri 08 May 2026 03:37:00 INFO epoch 55 evaluating [time: 2.96s, valid_score: 0.064000]
Fri 08 May 2026 03:37:00 INFO valid result: 
recall@5: 0.0408    recall@10: 0.0640    recall@20: 0.0953    recall@50: 0.1494    ndcg@5: 0.0273    ndcg@10: 0.0347    ndcg@20: 0.0426    ndcg@50: 0.0533    precision@5: 0.0083    precision@10: 0.0065    precision@20: 0.0048    precision@50: 0.0030    map@5: 0.0227    map@10: 0.0257    map@20: 0.0279    map@50: 0.0296    
Fri 08 May 2026 03:37:00 INFO test result: 
recall@5: 0.0414    recall@10: 0.0635    recall@20: 0.0935    recall@50: 0.1486    ndcg@5: 0.0273    ndcg@10: 0.0345    ndcg@20: 0.0421    ndcg@50: 0.0531    precision@5: 0.0086    precision@10: 0.0066    precision@20: 0.0049    precision@50: 0.0031    map@5: 0.0225    map@10: 0.0254    map@20: 0.0275    map@50: 0.0292    
Fri 08 May 2026 03:37:17 INFO epoch 56 training [time: 17.11s, train loss: 7.8803]
Fri 08 May 2026 03:37:23 INFO epoch 56 evaluating [time: 3.03s, valid_score: 0.064200]
Fri 08 May 2026 03:37:23 INFO valid result: 
recall@5: 0.0410    recall@10: 0.0642    recall@20: 0.0948    recall@50: 0.1498    ndcg@5: 0.0274    ndcg@10: 0.0349    ndcg@20: 0.0426    ndcg@50: 0.0535    precision@5: 0.0083    precision@10: 0.0065    precision@20: 0.0048    precision@50: 0.0030    map@5: 0.0228    map@10: 0.0259    map@20: 0.0280    map@50: 0.0297    
Fri 08 May 2026 03:37:23 INFO test result: 
recall@5: 0.0413    recall@10: 0.0637    recall@20: 0.0940    recall@50: 0.1479    ndcg@5: 0.0272    ndcg@10: 0.0344    ndcg@20: 0.0421    ndcg@50: 0.0529    precision@5: 0.0085    precision@10: 0.0066    precision@20: 0.0049    precision@50: 0.0031    map@5: 0.0223    map@10: 0.0253    map@20: 0.0274    map@50: 0.0291    
Fri 08 May 2026 03:37:23 INFO ██ PA2PD--Best validation results updated!!!
Fri 08 May 2026 03:37:40 INFO epoch 57 training [time: 17.13s, train loss: 7.7891]
Fri 08 May 2026 03:37:46 INFO epoch 57 evaluating [time: 2.90s, valid_score: 0.064500]
Fri 08 May 2026 03:37:46 INFO valid result: 
recall@5: 0.0411    recall@10: 0.0645    recall@20: 0.0954    recall@50: 0.1498    ndcg@5: 0.0273    ndcg@10: 0.0348    ndcg@20: 0.0426    ndcg@50: 0.0534    precision@5: 0.0083    precision@10: 0.0065    precision@20: 0.0048    precision@50: 0.0030    map@5: 0.0227    map@10: 0.0258    map@20: 0.0279    map@50: 0.0296    
Fri 08 May 2026 03:37:46 INFO test result: 
recall@5: 0.0409    recall@10: 0.0641    recall@20: 0.0944    recall@50: 0.1482    ndcg@5: 0.0270    ndcg@10: 0.0345    ndcg@20: 0.0422    ndcg@50: 0.0530    precision@5: 0.0084    precision@10: 0.0066    precision@20: 0.0049    precision@50: 0.0031    map@5: 0.0222    map@10: 0.0253    map@20: 0.0274    map@50: 0.0291    
Fri 08 May 2026 03:37:46 INFO ██ PA2PD--Best validation results updated!!!
Fri 08 May 2026 03:38:03 INFO epoch 58 training [time: 17.08s, train loss: 7.7137]
Fri 08 May 2026 03:38:09 INFO epoch 58 evaluating [time: 2.87s, valid_score: 0.064700]
Fri 08 May 2026 03:38:09 INFO valid result: 
recall@5: 0.0416    recall@10: 0.0647    recall@20: 0.0954    recall@50: 0.1504    ndcg@5: 0.0276    ndcg@10: 0.0350    ndcg@20: 0.0427    ndcg@50: 0.0536    precision@5: 0.0084    precision@10: 0.0065    precision@20: 0.0048    precision@50: 0.0031    map@5: 0.0229    map@10: 0.0259    map@20: 0.0280    map@50: 0.0297    
Fri 08 May 2026 03:38:09 INFO test result: 
recall@5: 0.0411    recall@10: 0.0641    recall@20: 0.0949    recall@50: 0.1489    ndcg@5: 0.0271    ndcg@10: 0.0345    ndcg@20: 0.0423    ndcg@50: 0.0531    precision@5: 0.0085    precision@10: 0.0066    precision@20: 0.0049    precision@50: 0.0031    map@5: 0.0222    map@10: 0.0253    map@20: 0.0274    map@50: 0.0291    
Fri 08 May 2026 03:38:09 INFO ██ PA2PD--Best validation results updated!!!
Fri 08 May 2026 03:38:26 INFO epoch 59 training [time: 17.09s, train loss: 7.6342]
Fri 08 May 2026 03:38:32 INFO epoch 59 evaluating [time: 2.89s, valid_score: 0.064900]
Fri 08 May 2026 03:38:32 INFO valid result: 
recall@5: 0.0412    recall@10: 0.0649    recall@20: 0.0954    recall@50: 0.1500    ndcg@5: 0.0275    ndcg@10: 0.0351    ndcg@20: 0.0428    ndcg@50: 0.0536    precision@5: 0.0083    precision@10: 0.0066    precision@20: 0.0048    precision@50: 0.0030    map@5: 0.0229    map@10: 0.0260    map@20: 0.0281    map@50: 0.0298    
Fri 08 May 2026 03:38:32 INFO test result: 
recall@5: 0.0413    recall@10: 0.0642    recall@20: 0.0946    recall@50: 0.1494    ndcg@5: 0.0272    ndcg@10: 0.0347    ndcg@20: 0.0424    ndcg@50: 0.0534    precision@5: 0.0085    precision@10: 0.0067    precision@20: 0.0049    precision@50: 0.0031    map@5: 0.0224    map@10: 0.0255    map@20: 0.0276    map@50: 0.0293    
Fri 08 May 2026 03:38:32 INFO ██ PA2PD--Best validation results updated!!!
Fri 08 May 2026 03:38:49 INFO epoch 60 training [time: 17.25s, train loss: 7.5547]
Fri 08 May 2026 03:38:55 INFO epoch 60 evaluating [time: 2.91s, valid_score: 0.065600]
Fri 08 May 2026 03:38:55 INFO valid result: 
recall@5: 0.0419    recall@10: 0.0656    recall@20: 0.0956    recall@50: 0.1507    ndcg@5: 0.0277    ndcg@10: 0.0353    ndcg@20: 0.0429    ndcg@50: 0.0538    precision@5: 0.0085    precision@10: 0.0066    precision@20: 0.0048    precision@50: 0.0031    map@5: 0.0230    map@10: 0.0261    map@20: 0.0281    map@50: 0.0299    
Fri 08 May 2026 03:38:55 INFO test result: 
recall@5: 0.0414    recall@10: 0.0643    recall@20: 0.0953    recall@50: 0.1496    ndcg@5: 0.0273    ndcg@10: 0.0347    ndcg@20: 0.0426    ndcg@50: 0.0534    precision@5: 0.0086    precision@10: 0.0067    precision@20: 0.0050    precision@50: 0.0031    map@5: 0.0225    map@10: 0.0255    map@20: 0.0276    map@50: 0.0293    
Fri 08 May 2026 03:38:55 INFO ██ PA2PD--Best validation results updated!!!
Fri 08 May 2026 03:39:12 INFO epoch 61 training [time: 17.11s, train loss: 7.4620]
Fri 08 May 2026 03:39:18 INFO epoch 61 evaluating [time: 3.05s, valid_score: 0.065000]
Fri 08 May 2026 03:39:18 INFO valid result: 
recall@5: 0.0416    recall@10: 0.0650    recall@20: 0.0955    recall@50: 0.1504    ndcg@5: 0.0275    ndcg@10: 0.0351    ndcg@20: 0.0428    ndcg@50: 0.0537    precision@5: 0.0084    precision@10: 0.0066    precision@20: 0.0048    precision@50: 0.0031    map@5: 0.0228    map@10: 0.0259    map@20: 0.0280    map@50: 0.0297    
Fri 08 May 2026 03:39:18 INFO test result: 
recall@5: 0.0419    recall@10: 0.0641    recall@20: 0.0955    recall@50: 0.1499    ndcg@5: 0.0276    ndcg@10: 0.0348    ndcg@20: 0.0427    ndcg@50: 0.0536    precision@5: 0.0087    precision@10: 0.0066    precision@20: 0.0050    precision@50: 0.0031    map@5: 0.0226    map@10: 0.0256    map@20: 0.0277    map@50: 0.0294    
Fri 08 May 2026 03:39:35 INFO epoch 62 training [time: 17.07s, train loss: 7.4265]
Fri 08 May 2026 03:39:41 INFO epoch 62 evaluating [time: 3.05s, valid_score: 0.065200]
Fri 08 May 2026 03:39:41 INFO valid result: 
recall@5: 0.0420    recall@10: 0.0652    recall@20: 0.0958    recall@50: 0.1504    ndcg@5: 0.0278    ndcg@10: 0.0353    ndcg@20: 0.0430    ndcg@50: 0.0539    precision@5: 0.0085    precision@10: 0.0066    precision@20: 0.0049    precision@50: 0.0031    map@5: 0.0231    map@10: 0.0261    map@20: 0.0282    map@50: 0.0299    
Fri 08 May 2026 03:39:41 INFO test result: 
recall@5: 0.0417    recall@10: 0.0643    recall@20: 0.0952    recall@50: 0.1500    ndcg@5: 0.0275    ndcg@10: 0.0348    ndcg@20: 0.0427    ndcg@50: 0.0537    precision@5: 0.0086    precision@10: 0.0067    precision@20: 0.0050    precision@50: 0.0031    map@5: 0.0226    map@10: 0.0256    map@20: 0.0278    map@50: 0.0295    
Fri 08 May 2026 03:39:58 INFO epoch 63 training [time: 17.09s, train loss: 7.3144]
Fri 08 May 2026 03:40:04 INFO epoch 63 evaluating [time: 2.93s, valid_score: 0.065200]
Fri 08 May 2026 03:40:04 INFO valid result: 
recall@5: 0.0417    recall@10: 0.0652    recall@20: 0.0965    recall@50: 0.1511    ndcg@5: 0.0275    ndcg@10: 0.0351    ndcg@20: 0.0430    ndcg@50: 0.0539    precision@5: 0.0084    precision@10: 0.0066    precision@20: 0.0049    precision@50: 0.0031    map@5: 0.0228    map@10: 0.0259    map@20: 0.0281    map@50: 0.0298    
Fri 08 May 2026 03:40:04 INFO test result: 
recall@5: 0.0419    recall@10: 0.0644    recall@20: 0.0953    recall@50: 0.1502    ndcg@5: 0.0276    ndcg@10: 0.0350    ndcg@20: 0.0429    ndcg@50: 0.0538    precision@5: 0.0087    precision@10: 0.0067    precision@20: 0.0050    precision@50: 0.0031    map@5: 0.0228    map@10: 0.0258    map@20: 0.0279    map@50: 0.0296    
Fri 08 May 2026 03:40:21 INFO epoch 64 training [time: 17.11s, train loss: 7.2556]
Fri 08 May 2026 03:40:27 INFO epoch 64 evaluating [time: 2.93s, valid_score: 0.065500]
Fri 08 May 2026 03:40:27 INFO valid result: 
recall@5: 0.0418    recall@10: 0.0655    recall@20: 0.0964    recall@50: 0.1509    ndcg@5: 0.0276    ndcg@10: 0.0353    ndcg@20: 0.0430    ndcg@50: 0.0539    precision@5: 0.0085    precision@10: 0.0066    precision@20: 0.0049    precision@50: 0.0031    map@5: 0.0229    map@10: 0.0260    map@20: 0.0281    map@50: 0.0299    
Fri 08 May 2026 03:40:27 INFO test result: 
recall@5: 0.0414    recall@10: 0.0650    recall@20: 0.0951    recall@50: 0.1503    ndcg@5: 0.0275    ndcg@10: 0.0352    ndcg@20: 0.0428    ndcg@50: 0.0539    precision@5: 0.0086    precision@10: 0.0067    precision@20: 0.0049    precision@50: 0.0031    map@5: 0.0227    map@10: 0.0259    map@20: 0.0279    map@50: 0.0297    
Fri 08 May 2026 03:40:44 INFO epoch 65 training [time: 17.24s, train loss: 7.2288]
Fri 08 May 2026 03:40:50 INFO epoch 65 evaluating [time: 2.92s, valid_score: 0.065700]
Fri 08 May 2026 03:40:50 INFO valid result: 
recall@5: 0.0420    recall@10: 0.0657    recall@20: 0.0962    recall@50: 0.1507    ndcg@5: 0.0277    ndcg@10: 0.0354    ndcg@20: 0.0431    ndcg@50: 0.0539    precision@5: 0.0085    precision@10: 0.0066    precision@20: 0.0049    precision@50: 0.0031    map@5: 0.0230    map@10: 0.0261    map@20: 0.0282    map@50: 0.0300    
Fri 08 May 2026 03:40:50 INFO test result: 
recall@5: 0.0413    recall@10: 0.0645    recall@20: 0.0954    recall@50: 0.1501    ndcg@5: 0.0275    ndcg@10: 0.0350    ndcg@20: 0.0429    ndcg@50: 0.0538    precision@5: 0.0085    precision@10: 0.0067    precision@20: 0.0050    precision@50: 0.0031    map@5: 0.0227    map@10: 0.0258    map@20: 0.0280    map@50: 0.0297    
Fri 08 May 2026 03:40:50 INFO ██ PA2PD--Best validation results updated!!!
Fri 08 May 2026 03:41:07 INFO epoch 66 training [time: 17.10s, train loss: 7.1756]
Fri 08 May 2026 03:41:13 INFO epoch 66 evaluating [time: 3.06s, valid_score: 0.065900]
Fri 08 May 2026 03:41:13 INFO valid result: 
recall@5: 0.0417    recall@10: 0.0659    recall@20: 0.0966    recall@50: 0.1517    ndcg@5: 0.0276    ndcg@10: 0.0354    ndcg@20: 0.0431    ndcg@50: 0.0540    precision@5: 0.0085    precision@10: 0.0067    precision@20: 0.0049    precision@50: 0.0031    map@5: 0.0229    map@10: 0.0260    map@20: 0.0282    map@50: 0.0299    
Fri 08 May 2026 03:41:13 INFO test result: 
recall@5: 0.0422    recall@10: 0.0649    recall@20: 0.0955    recall@50: 0.1503    ndcg@5: 0.0278    ndcg@10: 0.0352    ndcg@20: 0.0430    ndcg@50: 0.0539    precision@5: 0.0087    precision@10: 0.0067    precision@20: 0.0050    precision@50: 0.0031    map@5: 0.0229    map@10: 0.0259    map@20: 0.0280    map@50: 0.0297    
Fri 08 May 2026 03:41:13 INFO ██ PA2PD--Best validation results updated!!!
Fri 08 May 2026 03:41:31 INFO epoch 67 training [time: 17.11s, train loss: 7.1077]
Fri 08 May 2026 03:41:37 INFO epoch 67 evaluating [time: 3.13s, valid_score: 0.065400]
Fri 08 May 2026 03:41:37 INFO valid result: 
recall@5: 0.0421    recall@10: 0.0654    recall@20: 0.0962    recall@50: 0.1515    ndcg@5: 0.0277    ndcg@10: 0.0352    ndcg@20: 0.0430    ndcg@50: 0.0540    precision@5: 0.0085    precision@10: 0.0066    precision@20: 0.0049    precision@50: 0.0031    map@5: 0.0229    map@10: 0.0260    map@20: 0.0281    map@50: 0.0299    
Fri 08 May 2026 03:41:37 INFO test result: 
recall@5: 0.0419    recall@10: 0.0649    recall@20: 0.0950    recall@50: 0.1515    ndcg@5: 0.0277    ndcg@10: 0.0352    ndcg@20: 0.0429    ndcg@50: 0.0541    precision@5: 0.0087    precision@10: 0.0067    precision@20: 0.0049    precision@50: 0.0032    map@5: 0.0228    map@10: 0.0259    map@20: 0.0280    map@50: 0.0298    
Fri 08 May 2026 03:41:54 INFO epoch 68 training [time: 17.09s, train loss: 7.0665]
Fri 08 May 2026 03:42:00 INFO epoch 68 evaluating [time: 2.93s, valid_score: 0.065400]
Fri 08 May 2026 03:42:00 INFO valid result: 
recall@5: 0.0421    recall@10: 0.0654    recall@20: 0.0964    recall@50: 0.1512    ndcg@5: 0.0277    ndcg@10: 0.0352    ndcg@20: 0.0431    ndcg@50: 0.0539    precision@5: 0.0085    precision@10: 0.0066    precision@20: 0.0049    precision@50: 0.0031    map@5: 0.0229    map@10: 0.0260    map@20: 0.0281    map@50: 0.0299    
Fri 08 May 2026 03:42:00 INFO test result: 
recall@5: 0.0424    recall@10: 0.0652    recall@20: 0.0957    recall@50: 0.1512    ndcg@5: 0.0279    ndcg@10: 0.0353    ndcg@20: 0.0431    ndcg@50: 0.0542    precision@5: 0.0088    precision@10: 0.0068    precision@20: 0.0050    precision@50: 0.0032    map@5: 0.0230    map@10: 0.0260    map@20: 0.0281    map@50: 0.0299    
Fri 08 May 2026 03:42:17 INFO epoch 69 training [time: 17.12s, train loss: 6.9684]
Fri 08 May 2026 03:42:23 INFO epoch 69 evaluating [time: 3.00s, valid_score: 0.065800]
Fri 08 May 2026 03:42:23 INFO valid result: 
recall@5: 0.0419    recall@10: 0.0658    recall@20: 0.0962    recall@50: 0.1520    ndcg@5: 0.0277    ndcg@10: 0.0354    ndcg@20: 0.0430    ndcg@50: 0.0541    precision@5: 0.0085    precision@10: 0.0067    precision@20: 0.0049    precision@50: 0.0031    map@5: 0.0229    map@10: 0.0260    map@20: 0.0281    map@50: 0.0299    
Fri 08 May 2026 03:42:23 INFO test result: 
recall@5: 0.0422    recall@10: 0.0652    recall@20: 0.0955    recall@50: 0.1504    ndcg@5: 0.0279    ndcg@10: 0.0353    ndcg@20: 0.0431    ndcg@50: 0.0540    precision@5: 0.0087    precision@10: 0.0068    precision@20: 0.0050    precision@50: 0.0031    map@5: 0.0230    map@10: 0.0260    map@20: 0.0281    map@50: 0.0298    
Fri 08 May 2026 03:42:40 INFO epoch 70 training [time: 17.21s, train loss: 6.9430]
Fri 08 May 2026 03:42:46 INFO epoch 70 evaluating [time: 3.06s, valid_score: 0.065800]
Fri 08 May 2026 03:42:46 INFO valid result: 
recall@5: 0.0421    recall@10: 0.0658    recall@20: 0.0967    recall@50: 0.1517    ndcg@5: 0.0278    ndcg@10: 0.0354    ndcg@20: 0.0432    ndcg@50: 0.0542    precision@5: 0.0085    precision@10: 0.0067    precision@20: 0.0049    precision@50: 0.0031    map@5: 0.0230    map@10: 0.0261    map@20: 0.0283    map@50: 0.0300    
Fri 08 May 2026 03:42:46 INFO test result: 
recall@5: 0.0423    recall@10: 0.0656    recall@20: 0.0956    recall@50: 0.1520    ndcg@5: 0.0280    ndcg@10: 0.0356    ndcg@20: 0.0432    ndcg@50: 0.0545    precision@5: 0.0088    precision@10: 0.0068    precision@20: 0.0050    precision@50: 0.0032    map@5: 0.0231    map@10: 0.0262    map@20: 0.0283    map@50: 0.0301    
Fri 08 May 2026 03:43:03 INFO epoch 71 training [time: 17.09s, train loss: 6.8643]
Fri 08 May 2026 03:43:09 INFO epoch 71 evaluating [time: 3.16s, valid_score: 0.065700]
Fri 08 May 2026 03:43:09 INFO valid result: 
recall@5: 0.0421    recall@10: 0.0657    recall@20: 0.0966    recall@50: 0.1523    ndcg@5: 0.0277    ndcg@10: 0.0353    ndcg@20: 0.0432    ndcg@50: 0.0542    precision@5: 0.0085    precision@10: 0.0066    precision@20: 0.0049    precision@50: 0.0031    map@5: 0.0229    map@10: 0.0260    map@20: 0.0282    map@50: 0.0299    
Fri 08 May 2026 03:43:09 INFO test result: 
recall@5: 0.0423    recall@10: 0.0653    recall@20: 0.0959    recall@50: 0.1516    ndcg@5: 0.0281    ndcg@10: 0.0356    ndcg@20: 0.0433    ndcg@50: 0.0544    precision@5: 0.0087    precision@10: 0.0068    precision@20: 0.0050    precision@50: 0.0032    map@5: 0.0232    map@10: 0.0262    map@20: 0.0283    map@50: 0.0301    
Fri 08 May 2026 03:43:26 INFO epoch 72 training [time: 17.10s, train loss: 6.8216]
Fri 08 May 2026 03:43:32 INFO epoch 72 evaluating [time: 2.98s, valid_score: 0.065600]
Fri 08 May 2026 03:43:32 INFO valid result: 
recall@5: 0.0421    recall@10: 0.0656    recall@20: 0.0968    recall@50: 0.1525    ndcg@5: 0.0277    ndcg@10: 0.0353    ndcg@20: 0.0432    ndcg@50: 0.0542    precision@5: 0.0085    precision@10: 0.0066    precision@20: 0.0049    precision@50: 0.0031    map@5: 0.0229    map@10: 0.0260    map@20: 0.0281    map@50: 0.0299    
Fri 08 May 2026 03:43:32 INFO test result: 
recall@5: 0.0422    recall@10: 0.0653    recall@20: 0.0959    recall@50: 0.1512    ndcg@5: 0.0279    ndcg@10: 0.0354    ndcg@20: 0.0432    ndcg@50: 0.0542    precision@5: 0.0087    precision@10: 0.0068    precision@20: 0.0050    precision@50: 0.0032    map@5: 0.0230    map@10: 0.0261    map@20: 0.0282    map@50: 0.0299    
Fri 08 May 2026 03:43:50 INFO epoch 73 training [time: 17.08s, train loss: 6.7790]
Fri 08 May 2026 03:43:56 INFO epoch 73 evaluating [time: 2.97s, valid_score: 0.066300]
Fri 08 May 2026 03:43:56 INFO valid result: 
recall@5: 0.0423    recall@10: 0.0663    recall@20: 0.0964    recall@50: 0.1532    ndcg@5: 0.0279    ndcg@10: 0.0356    ndcg@20: 0.0432    ndcg@50: 0.0545    precision@5: 0.0086    precision@10: 0.0067    precision@20: 0.0049    precision@50: 0.0031    map@5: 0.0231    map@10: 0.0262    map@20: 0.0283    map@50: 0.0301    
Fri 08 May 2026 03:43:56 INFO test result: 
recall@5: 0.0423    recall@10: 0.0653    recall@20: 0.0966    recall@50: 0.1511    ndcg@5: 0.0279    ndcg@10: 0.0353    ndcg@20: 0.0433    ndcg@50: 0.0542    precision@5: 0.0087    precision@10: 0.0068    precision@20: 0.0050    precision@50: 0.0031    map@5: 0.0230    map@10: 0.0260    map@20: 0.0281    map@50: 0.0299    
Fri 08 May 2026 03:43:56 INFO ██ PA2PD--Best validation results updated!!!
Fri 08 May 2026 03:44:13 INFO epoch 74 training [time: 17.07s, train loss: 6.7615]
Fri 08 May 2026 03:44:19 INFO epoch 74 evaluating [time: 2.96s, valid_score: 0.065600]
Fri 08 May 2026 03:44:19 INFO valid result: 
recall@5: 0.0423    recall@10: 0.0656    recall@20: 0.0974    recall@50: 0.1530    ndcg@5: 0.0279    ndcg@10: 0.0355    ndcg@20: 0.0435    ndcg@50: 0.0545    precision@5: 0.0086    precision@10: 0.0066    precision@20: 0.0049    precision@50: 0.0031    map@5: 0.0232    map@10: 0.0262    map@20: 0.0284    map@50: 0.0302    
Fri 08 May 2026 03:44:19 INFO test result: 
recall@5: 0.0423    recall@10: 0.0655    recall@20: 0.0965    recall@50: 0.1520    ndcg@5: 0.0279    ndcg@10: 0.0354    ndcg@20: 0.0433    ndcg@50: 0.0544    precision@5: 0.0087    precision@10: 0.0068    precision@20: 0.0050    precision@50: 0.0032    map@5: 0.0230    map@10: 0.0260    map@20: 0.0282    map@50: 0.0299    
Fri 08 May 2026 03:44:36 INFO epoch 75 training [time: 17.26s, train loss: 6.6671]
Fri 08 May 2026 03:44:42 INFO epoch 75 evaluating [time: 2.98s, valid_score: 0.066200]
Fri 08 May 2026 03:44:42 INFO valid result: 
recall@5: 0.0425    recall@10: 0.0662    recall@20: 0.0976    recall@50: 0.1532    ndcg@5: 0.0280    ndcg@10: 0.0356    ndcg@20: 0.0436    ndcg@50: 0.0546    precision@5: 0.0086    precision@10: 0.0067    precision@20: 0.0049    precision@50: 0.0031    map@5: 0.0232    map@10: 0.0263    map@20: 0.0285    map@50: 0.0302    
Fri 08 May 2026 03:44:42 INFO test result: 
recall@5: 0.0424    recall@10: 0.0657    recall@20: 0.0966    recall@50: 0.1521    ndcg@5: 0.0281    ndcg@10: 0.0356    ndcg@20: 0.0435    ndcg@50: 0.0546    precision@5: 0.0088    precision@10: 0.0068    precision@20: 0.0050    precision@50: 0.0032    map@5: 0.0232    map@10: 0.0262    map@20: 0.0284    map@50: 0.0301    
Fri 08 May 2026 03:44:59 INFO epoch 76 training [time: 17.08s, train loss: 6.6401]
Fri 08 May 2026 03:45:05 INFO epoch 76 evaluating [time: 3.11s, valid_score: 0.066500]
Fri 08 May 2026 03:45:05 INFO valid result: 
recall@5: 0.0424    recall@10: 0.0665    recall@20: 0.0971    recall@50: 0.1530    ndcg@5: 0.0279    ndcg@10: 0.0357    ndcg@20: 0.0434    ndcg@50: 0.0545    precision@5: 0.0086    precision@10: 0.0067    precision@20: 0.0049    precision@50: 0.0031    map@5: 0.0231    map@10: 0.0263    map@20: 0.0284    map@50: 0.0302    
Fri 08 May 2026 03:45:05 INFO test result: 
recall@5: 0.0424    recall@10: 0.0662    recall@20: 0.0964    recall@50: 0.1518    ndcg@5: 0.0280    ndcg@10: 0.0357    ndcg@20: 0.0434    ndcg@50: 0.0544    precision@5: 0.0088    precision@10: 0.0069    precision@20: 0.0050    precision@50: 0.0032    map@5: 0.0231    map@10: 0.0262    map@20: 0.0283    map@50: 0.0300    
Fri 08 May 2026 03:45:05 INFO ██ PA2PD--Best validation results updated!!!
Fri 08 May 2026 03:45:22 INFO epoch 77 training [time: 17.08s, train loss: 6.6059]
Fri 08 May 2026 03:45:28 INFO epoch 77 evaluating [time: 3.12s, valid_score: 0.066600]
Fri 08 May 2026 03:45:28 INFO valid result: 
recall@5: 0.0424    recall@10: 0.0666    recall@20: 0.0975    recall@50: 0.1533    ndcg@5: 0.0279    ndcg@10: 0.0357    ndcg@20: 0.0435    ndcg@50: 0.0546    precision@5: 0.0086    precision@10: 0.0067    precision@20: 0.0049    precision@50: 0.0031    map@5: 0.0231    map@10: 0.0263    map@20: 0.0284    map@50: 0.0302    
Fri 08 May 2026 03:45:28 INFO test result: 
recall@5: 0.0423    recall@10: 0.0657    recall@20: 0.0971    recall@50: 0.1518    ndcg@5: 0.0281    ndcg@10: 0.0356    ndcg@20: 0.0436    ndcg@50: 0.0545    precision@5: 0.0088    precision@10: 0.0068    precision@20: 0.0051    precision@50: 0.0032    map@5: 0.0231    map@10: 0.0262    map@20: 0.0284    map@50: 0.0301    
Fri 08 May 2026 03:45:28 INFO ██ PA2PD--Best validation results updated!!!
Fri 08 May 2026 03:45:45 INFO epoch 78 training [time: 17.09s, train loss: 6.5662]
Fri 08 May 2026 03:45:51 INFO epoch 78 evaluating [time: 2.93s, valid_score: 0.066900]
Fri 08 May 2026 03:45:51 INFO valid result: 
recall@5: 0.0425    recall@10: 0.0669    recall@20: 0.0972    recall@50: 0.1536    ndcg@5: 0.0281    ndcg@10: 0.0360    ndcg@20: 0.0437    ndcg@50: 0.0548    precision@5: 0.0086    precision@10: 0.0068    precision@20: 0.0049    precision@50: 0.0031    map@5: 0.0233    map@10: 0.0265    map@20: 0.0286    map@50: 0.0304    
Fri 08 May 2026 03:45:51 INFO test result: 
recall@5: 0.0426    recall@10: 0.0660    recall@20: 0.0970    recall@50: 0.1526    ndcg@5: 0.0282    ndcg@10: 0.0358    ndcg@20: 0.0436    ndcg@50: 0.0547    precision@5: 0.0088    precision@10: 0.0068    precision@20: 0.0051    precision@50: 0.0032    map@5: 0.0232    map@10: 0.0263    map@20: 0.0284    map@50: 0.0302    
Fri 08 May 2026 03:45:51 INFO ██ PA2PD--Best validation results updated!!!
Fri 08 May 2026 03:46:09 INFO epoch 79 training [time: 17.09s, train loss: 6.5078]
Fri 08 May 2026 03:46:15 INFO epoch 79 evaluating [time: 3.02s, valid_score: 0.067200]
Fri 08 May 2026 03:46:15 INFO valid result: 
recall@5: 0.0429    recall@10: 0.0672    recall@20: 0.0971    recall@50: 0.1536    ndcg@5: 0.0282    ndcg@10: 0.0360    ndcg@20: 0.0436    ndcg@50: 0.0548    precision@5: 0.0087    precision@10: 0.0068    precision@20: 0.0049    precision@50: 0.0031    map@5: 0.0233    map@10: 0.0265    map@20: 0.0286    map@50: 0.0303    
Fri 08 May 2026 03:46:15 INFO test result: 
recall@5: 0.0427    recall@10: 0.0657    recall@20: 0.0971    recall@50: 0.1523    ndcg@5: 0.0281    ndcg@10: 0.0356    ndcg@20: 0.0435    ndcg@50: 0.0546    precision@5: 0.0088    precision@10: 0.0068    precision@20: 0.0051    precision@50: 0.0032    map@5: 0.0231    map@10: 0.0262    map@20: 0.0283    map@50: 0.0301    
Fri 08 May 2026 03:46:15 INFO ██ PA2PD--Best validation results updated!!!
Fri 08 May 2026 03:46:32 INFO epoch 80 training [time: 17.24s, train loss: 6.4548]
Fri 08 May 2026 03:46:38 INFO epoch 80 evaluating [time: 2.92s, valid_score: 0.066900]
Fri 08 May 2026 03:46:38 INFO valid result: 
recall@5: 0.0430    recall@10: 0.0669    recall@20: 0.0973    recall@50: 0.1543    ndcg@5: 0.0284    ndcg@10: 0.0361    ndcg@20: 0.0438    ndcg@50: 0.0551    precision@5: 0.0087    precision@10: 0.0068    precision@20: 0.0049    precision@50: 0.0031    map@5: 0.0235    map@10: 0.0267    map@20: 0.0288    map@50: 0.0306    
Fri 08 May 2026 03:46:38 INFO test result: 
recall@5: 0.0427    recall@10: 0.0656    recall@20: 0.0968    recall@50: 0.1529    ndcg@5: 0.0283    ndcg@10: 0.0357    ndcg@20: 0.0436    ndcg@50: 0.0548    precision@5: 0.0088    precision@10: 0.0068    precision@20: 0.0050    precision@50: 0.0032    map@5: 0.0233    map@10: 0.0263    map@20: 0.0285    map@50: 0.0303    
Fri 08 May 2026 03:46:55 INFO epoch 81 training [time: 17.08s, train loss: 6.4018]
Fri 08 May 2026 03:47:01 INFO epoch 81 evaluating [time: 3.15s, valid_score: 0.067300]
Fri 08 May 2026 03:47:01 INFO valid result: 
recall@5: 0.0425    recall@10: 0.0673    recall@20: 0.0975    recall@50: 0.1544    ndcg@5: 0.0281    ndcg@10: 0.0361    ndcg@20: 0.0438    ndcg@50: 0.0551    precision@5: 0.0086    precision@10: 0.0068    precision@20: 0.0049    precision@50: 0.0031    map@5: 0.0233    map@10: 0.0266    map@20: 0.0287    map@50: 0.0305    
Fri 08 May 2026 03:47:01 INFO test result: 
recall@5: 0.0428    recall@10: 0.0659    recall@20: 0.0970    recall@50: 0.1527    ndcg@5: 0.0283    ndcg@10: 0.0358    ndcg@20: 0.0437    ndcg@50: 0.0548    precision@5: 0.0089    precision@10: 0.0068    precision@20: 0.0050    precision@50: 0.0032    map@5: 0.0233    map@10: 0.0264    map@20: 0.0285    map@50: 0.0303    
Fri 08 May 2026 03:47:01 INFO ██ PA2PD--Best validation results updated!!!
Fri 08 May 2026 03:47:18 INFO epoch 82 training [time: 17.11s, train loss: 6.3760]
Fri 08 May 2026 03:47:24 INFO epoch 82 evaluating [time: 3.10s, valid_score: 0.067000]
Fri 08 May 2026 03:47:24 INFO valid result: 
recall@5: 0.0427    recall@10: 0.0670    recall@20: 0.0975    recall@50: 0.1543    ndcg@5: 0.0283    ndcg@10: 0.0361    ndcg@20: 0.0438    ndcg@50: 0.0551    precision@5: 0.0086    precision@10: 0.0068    precision@20: 0.0049    precision@50: 0.0031    map@5: 0.0235    map@10: 0.0267    map@20: 0.0288    map@50: 0.0306    
Fri 08 May 2026 03:47:24 INFO test result: 
recall@5: 0.0431    recall@10: 0.0661    recall@20: 0.0973    recall@50: 0.1524    ndcg@5: 0.0284    ndcg@10: 0.0358    ndcg@20: 0.0438    ndcg@50: 0.0548    precision@5: 0.0089    precision@10: 0.0068    precision@20: 0.0051    precision@50: 0.0032    map@5: 0.0233    map@10: 0.0264    map@20: 0.0285    map@50: 0.0303    
Fri 08 May 2026 03:47:41 INFO epoch 83 training [time: 17.13s, train loss: 6.3543]
Fri 08 May 2026 03:47:48 INFO epoch 83 evaluating [time: 3.09s, valid_score: 0.067200]
Fri 08 May 2026 03:47:48 INFO valid result: 
recall@5: 0.0427    recall@10: 0.0672    recall@20: 0.0973    recall@50: 0.1543    ndcg@5: 0.0283    ndcg@10: 0.0361    ndcg@20: 0.0438    ndcg@50: 0.0551    precision@5: 0.0086    precision@10: 0.0068    precision@20: 0.0049    precision@50: 0.0031    map@5: 0.0234    map@10: 0.0266    map@20: 0.0287    map@50: 0.0305    
Fri 08 May 2026 03:47:48 INFO test result: 
recall@5: 0.0425    recall@10: 0.0662    recall@20: 0.0977    recall@50: 0.1530    ndcg@5: 0.0282    ndcg@10: 0.0359    ndcg@20: 0.0439    ndcg@50: 0.0549    precision@5: 0.0088    precision@10: 0.0069    precision@20: 0.0051    precision@50: 0.0032    map@5: 0.0232    map@10: 0.0264    map@20: 0.0285    map@50: 0.0303    
Fri 08 May 2026 03:48:05 INFO epoch 84 training [time: 17.08s, train loss: 6.3308]
Fri 08 May 2026 03:48:11 INFO epoch 84 evaluating [time: 2.97s, valid_score: 0.067000]
Fri 08 May 2026 03:48:11 INFO valid result: 
recall@5: 0.0427    recall@10: 0.0670    recall@20: 0.0982    recall@50: 0.1544    ndcg@5: 0.0282    ndcg@10: 0.0360    ndcg@20: 0.0439    ndcg@50: 0.0550    precision@5: 0.0086    precision@10: 0.0068    precision@20: 0.0050    precision@50: 0.0031    map@5: 0.0233    map@10: 0.0265    map@20: 0.0287    map@50: 0.0305    
Fri 08 May 2026 03:48:11 INFO test result: 
recall@5: 0.0433    recall@10: 0.0663    recall@20: 0.0979    recall@50: 0.1530    ndcg@5: 0.0286    ndcg@10: 0.0360    ndcg@20: 0.0441    ndcg@50: 0.0550    precision@5: 0.0089    precision@10: 0.0069    precision@20: 0.0051    precision@50: 0.0032    map@5: 0.0235    map@10: 0.0266    map@20: 0.0287    map@50: 0.0305    
Fri 08 May 2026 03:48:28 INFO epoch 85 training [time: 17.23s, train loss: 6.2609]
Fri 08 May 2026 03:48:34 INFO epoch 85 evaluating [time: 3.00s, valid_score: 0.067600]
Fri 08 May 2026 03:48:34 INFO valid result: 
recall@5: 0.0428    recall@10: 0.0676    recall@20: 0.0985    recall@50: 0.1540    ndcg@5: 0.0280    ndcg@10: 0.0360    ndcg@20: 0.0438    ndcg@50: 0.0549    precision@5: 0.0087    precision@10: 0.0068    precision@20: 0.0050    precision@50: 0.0031    map@5: 0.0231    map@10: 0.0264    map@20: 0.0285    map@50: 0.0303    
Fri 08 May 2026 03:48:34 INFO test result: 
recall@5: 0.0432    recall@10: 0.0659    recall@20: 0.0978    recall@50: 0.1531    ndcg@5: 0.0284    ndcg@10: 0.0358    ndcg@20: 0.0439    ndcg@50: 0.0549    precision@5: 0.0089    precision@10: 0.0068    precision@20: 0.0051    precision@50: 0.0032    map@5: 0.0233    map@10: 0.0263    map@20: 0.0285    map@50: 0.0303    
Fri 08 May 2026 03:48:34 INFO ██ PA2PD--Best validation results updated!!!
Fri 08 May 2026 03:48:51 INFO epoch 86 training [time: 17.09s, train loss: 6.2320]
Fri 08 May 2026 03:48:57 INFO epoch 86 evaluating [time: 3.14s, valid_score: 0.067100]
Fri 08 May 2026 03:48:57 INFO valid result: 
recall@5: 0.0426    recall@10: 0.0671    recall@20: 0.0985    recall@50: 0.1545    ndcg@5: 0.0280    ndcg@10: 0.0359    ndcg@20: 0.0439    ndcg@50: 0.0550    precision@5: 0.0086    precision@10: 0.0068    precision@20: 0.0050    precision@50: 0.0031    map@5: 0.0232    map@10: 0.0264    map@20: 0.0286    map@50: 0.0303    
Fri 08 May 2026 03:48:57 INFO test result: 
recall@5: 0.0431    recall@10: 0.0660    recall@20: 0.0980    recall@50: 0.1533    ndcg@5: 0.0284    ndcg@10: 0.0358    ndcg@20: 0.0440    ndcg@50: 0.0550    precision@5: 0.0089    precision@10: 0.0068    precision@20: 0.0051    precision@50: 0.0032    map@5: 0.0234    map@10: 0.0264    map@20: 0.0286    map@50: 0.0304    
Fri 08 May 2026 03:49:14 INFO epoch 87 training [time: 17.10s, train loss: 6.2002]
Fri 08 May 2026 03:49:20 INFO epoch 87 evaluating [time: 3.01s, valid_score: 0.067600]
Fri 08 May 2026 03:49:20 INFO valid result: 
recall@5: 0.0430    recall@10: 0.0676    recall@20: 0.0978    recall@50: 0.1550    ndcg@5: 0.0283    ndcg@10: 0.0362    ndcg@20: 0.0439    ndcg@50: 0.0552    precision@5: 0.0087    precision@10: 0.0068    precision@20: 0.0050    precision@50: 0.0031    map@5: 0.0234    map@10: 0.0266    map@20: 0.0287    map@50: 0.0305    
Fri 08 May 2026 03:49:20 INFO test result: 
recall@5: 0.0433    recall@10: 0.0664    recall@20: 0.0974    recall@50: 0.1532    ndcg@5: 0.0286    ndcg@10: 0.0360    ndcg@20: 0.0439    ndcg@50: 0.0551    precision@5: 0.0090    precision@10: 0.0069    precision@20: 0.0051    precision@50: 0.0032    map@5: 0.0235    map@10: 0.0265    map@20: 0.0286    map@50: 0.0304    
Fri 08 May 2026 03:49:37 INFO epoch 88 training [time: 17.11s, train loss: 6.1623]
Fri 08 May 2026 03:49:43 INFO epoch 88 evaluating [time: 2.99s, valid_score: 0.067400]
Fri 08 May 2026 03:49:43 INFO valid result: 
recall@5: 0.0431    recall@10: 0.0674    recall@20: 0.0978    recall@50: 0.1545    ndcg@5: 0.0284    ndcg@10: 0.0362    ndcg@20: 0.0440    ndcg@50: 0.0552    precision@5: 0.0087    precision@10: 0.0068    precision@20: 0.0050    precision@50: 0.0031    map@5: 0.0236    map@10: 0.0267    map@20: 0.0288    map@50: 0.0306    
Fri 08 May 2026 03:49:43 INFO test result: 
recall@5: 0.0433    recall@10: 0.0658    recall@20: 0.0975    recall@50: 0.1540    ndcg@5: 0.0286    ndcg@10: 0.0358    ndcg@20: 0.0439    ndcg@50: 0.0552    precision@5: 0.0090    precision@10: 0.0068    precision@20: 0.0051    precision@50: 0.0032    map@5: 0.0235    map@10: 0.0264    map@20: 0.0286    map@50: 0.0304    
Fri 08 May 2026 03:50:01 INFO epoch 89 training [time: 17.09s, train loss: 6.1205]
Fri 08 May 2026 03:50:07 INFO epoch 89 evaluating [time: 3.01s, valid_score: 0.067400]
Fri 08 May 2026 03:50:07 INFO valid result: 
recall@5: 0.0429    recall@10: 0.0674    recall@20: 0.0981    recall@50: 0.1550    ndcg@5: 0.0284    ndcg@10: 0.0362    ndcg@20: 0.0440    ndcg@50: 0.0553    precision@5: 0.0087    precision@10: 0.0068    precision@20: 0.0050    precision@50: 0.0031    map@5: 0.0235    map@10: 0.0267    map@20: 0.0288    map@50: 0.0306    
Fri 08 May 2026 03:50:07 INFO test result: 
recall@5: 0.0436    recall@10: 0.0662    recall@20: 0.0974    recall@50: 0.1540    ndcg@5: 0.0287    ndcg@10: 0.0360    ndcg@20: 0.0440    ndcg@50: 0.0552    precision@5: 0.0090    precision@10: 0.0069    precision@20: 0.0051    precision@50: 0.0032    map@5: 0.0235    map@10: 0.0265    map@20: 0.0287    map@50: 0.0305    
Fri 08 May 2026 03:50:24 INFO epoch 90 training [time: 17.27s, train loss: 6.0821]
Fri 08 May 2026 03:50:30 INFO epoch 90 evaluating [time: 2.95s, valid_score: 0.067800]
Fri 08 May 2026 03:50:30 INFO valid result: 
recall@5: 0.0430    recall@10: 0.0678    recall@20: 0.0988    recall@50: 0.1547    ndcg@5: 0.0284    ndcg@10: 0.0363    ndcg@20: 0.0442    ndcg@50: 0.0552    precision@5: 0.0087    precision@10: 0.0069    precision@20: 0.0050    precision@50: 0.0031    map@5: 0.0235    map@10: 0.0267    map@20: 0.0289    map@50: 0.0306    
Fri 08 May 2026 03:50:30 INFO test result: 
recall@5: 0.0431    recall@10: 0.0664    recall@20: 0.0974    recall@50: 0.1541    ndcg@5: 0.0286    ndcg@10: 0.0361    ndcg@20: 0.0440    ndcg@50: 0.0553    precision@5: 0.0089    precision@10: 0.0069    precision@20: 0.0051    precision@50: 0.0032    map@5: 0.0235    map@10: 0.0266    map@20: 0.0287    map@50: 0.0305    
Fri 08 May 2026 03:50:30 INFO ██ PA2PD--Best validation results updated!!!
Fri 08 May 2026 03:50:47 INFO epoch 91 training [time: 17.07s, train loss: 6.0861]
Fri 08 May 2026 03:50:53 INFO epoch 91 evaluating [time: 3.10s, valid_score: 0.067400]
Fri 08 May 2026 03:50:53 INFO valid result: 
recall@5: 0.0431    recall@10: 0.0674    recall@20: 0.0986    recall@50: 0.1547    ndcg@5: 0.0284    ndcg@10: 0.0362    ndcg@20: 0.0441    ndcg@50: 0.0552    precision@5: 0.0087    precision@10: 0.0068    precision@20: 0.0050    precision@50: 0.0031    map@5: 0.0236    map@10: 0.0267    map@20: 0.0289    map@50: 0.0306    
Fri 08 May 2026 03:50:53 INFO test result: 
recall@5: 0.0435    recall@10: 0.0668    recall@20: 0.0973    recall@50: 0.1536    ndcg@5: 0.0288    ndcg@10: 0.0363    ndcg@20: 0.0441    ndcg@50: 0.0553    precision@5: 0.0090    precision@10: 0.0069    precision@20: 0.0051    precision@50: 0.0032    map@5: 0.0237    map@10: 0.0267    map@20: 0.0288    map@50: 0.0306    
Fri 08 May 2026 03:51:10 INFO epoch 92 training [time: 17.09s, train loss: 6.0142]
Fri 08 May 2026 03:51:16 INFO epoch 92 evaluating [time: 3.16s, valid_score: 0.067900]
Fri 08 May 2026 03:51:16 INFO valid result: 
recall@5: 0.0429    recall@10: 0.0679    recall@20: 0.0982    recall@50: 0.1550    ndcg@5: 0.0285    ndcg@10: 0.0365    ndcg@20: 0.0442    ndcg@50: 0.0554    precision@5: 0.0087    precision@10: 0.0069    precision@20: 0.0050    precision@50: 0.0031    map@5: 0.0237    map@10: 0.0269    map@20: 0.0290    map@50: 0.0308    
Fri 08 May 2026 03:51:16 INFO test result: 
recall@5: 0.0437    recall@10: 0.0665    recall@20: 0.0973    recall@50: 0.1547    ndcg@5: 0.0288    ndcg@10: 0.0363    ndcg@20: 0.0441    ndcg@50: 0.0556    precision@5: 0.0090    precision@10: 0.0069    precision@20: 0.0051    precision@50: 0.0032    map@5: 0.0237    map@10: 0.0268    map@20: 0.0289    map@50: 0.0307    
Fri 08 May 2026 03:51:16 INFO ██ PA2PD--Best validation results updated!!!
Fri 08 May 2026 03:51:33 INFO epoch 93 training [time: 17.08s, train loss: 5.9929]
Fri 08 May 2026 03:51:39 INFO epoch 93 evaluating [time: 2.93s, valid_score: 0.067900]
Fri 08 May 2026 03:51:39 INFO valid result: 
recall@5: 0.0433    recall@10: 0.0679    recall@20: 0.0984    recall@50: 0.1550    ndcg@5: 0.0286    ndcg@10: 0.0365    ndcg@20: 0.0442    ndcg@50: 0.0555    precision@5: 0.0087    precision@10: 0.0069    precision@20: 0.0050    precision@50: 0.0031    map@5: 0.0237    map@10: 0.0269    map@20: 0.0290    map@50: 0.0308    
Fri 08 May 2026 03:51:39 INFO test result: 
recall@5: 0.0437    recall@10: 0.0669    recall@20: 0.0980    recall@50: 0.1543    ndcg@5: 0.0288    ndcg@10: 0.0363    ndcg@20: 0.0442    ndcg@50: 0.0554    precision@5: 0.0090    precision@10: 0.0069    precision@20: 0.0051    precision@50: 0.0032    map@5: 0.0236    map@10: 0.0267    map@20: 0.0288    map@50: 0.0306    
Fri 08 May 2026 03:51:56 INFO epoch 94 training [time: 17.08s, train loss: 5.9530]
Fri 08 May 2026 03:52:02 INFO epoch 94 evaluating [time: 2.92s, valid_score: 0.067700]
Fri 08 May 2026 03:52:02 INFO valid result: 
recall@5: 0.0429    recall@10: 0.0677    recall@20: 0.0987    recall@50: 0.1545    ndcg@5: 0.0284    ndcg@10: 0.0364    ndcg@20: 0.0443    ndcg@50: 0.0554    precision@5: 0.0087    precision@10: 0.0069    precision@20: 0.0050    precision@50: 0.0031    map@5: 0.0236    map@10: 0.0269    map@20: 0.0290    map@50: 0.0308    
Fri 08 May 2026 03:52:02 INFO test result: 
recall@5: 0.0437    recall@10: 0.0666    recall@20: 0.0973    recall@50: 0.1546    ndcg@5: 0.0287    ndcg@10: 0.0362    ndcg@20: 0.0440    ndcg@50: 0.0554    precision@5: 0.0090    precision@10: 0.0069    precision@20: 0.0051    precision@50: 0.0032    map@5: 0.0236    map@10: 0.0266    map@20: 0.0287    map@50: 0.0306    
Fri 08 May 2026 03:52:19 INFO epoch 95 training [time: 17.24s, train loss: 5.9284]
Fri 08 May 2026 03:52:25 INFO epoch 95 evaluating [time: 2.96s, valid_score: 0.067800]
Fri 08 May 2026 03:52:25 INFO valid result: 
recall@5: 0.0427    recall@10: 0.0678    recall@20: 0.0993    recall@50: 0.1548    ndcg@5: 0.0283    ndcg@10: 0.0364    ndcg@20: 0.0443    ndcg@50: 0.0554    precision@5: 0.0086    precision@10: 0.0069    precision@20: 0.0050    precision@50: 0.0031    map@5: 0.0235    map@10: 0.0268    map@20: 0.0290    map@50: 0.0307    
Fri 08 May 2026 03:52:25 INFO test result: 
recall@5: 0.0437    recall@10: 0.0666    recall@20: 0.0980    recall@50: 0.1545    ndcg@5: 0.0288    ndcg@10: 0.0362    ndcg@20: 0.0442    ndcg@50: 0.0555    precision@5: 0.0090    precision@10: 0.0069    precision@20: 0.0051    precision@50: 0.0032    map@5: 0.0237    map@10: 0.0267    map@20: 0.0289    map@50: 0.0307    
Fri 08 May 2026 03:52:43 INFO epoch 96 training [time: 17.10s, train loss: 5.9122]
Fri 08 May 2026 03:52:49 INFO epoch 96 evaluating [time: 3.17s, valid_score: 0.068300]
Fri 08 May 2026 03:52:49 INFO valid result: 
recall@5: 0.0434    recall@10: 0.0683    recall@20: 0.0991    recall@50: 0.1552    ndcg@5: 0.0287    ndcg@10: 0.0367    ndcg@20: 0.0445    ndcg@50: 0.0557    precision@5: 0.0088    precision@10: 0.0069    precision@20: 0.0050    precision@50: 0.0032    map@5: 0.0238    map@10: 0.0271    map@20: 0.0292    map@50: 0.0310    
Fri 08 May 2026 03:52:49 INFO test result: 
recall@5: 0.0441    recall@10: 0.0669    recall@20: 0.0979    recall@50: 0.1551    ndcg@5: 0.0291    ndcg@10: 0.0366    ndcg@20: 0.0444    ndcg@50: 0.0559    precision@5: 0.0091    precision@10: 0.0069    precision@20: 0.0051    precision@50: 0.0032    map@5: 0.0240    map@10: 0.0270    map@20: 0.0292    map@50: 0.0310    
Fri 08 May 2026 03:52:49 INFO ██ PA2PD--Best validation results updated!!!
Fri 08 May 2026 03:53:06 INFO epoch 97 training [time: 17.10s, train loss: 5.8605]
Fri 08 May 2026 03:53:12 INFO epoch 97 evaluating [time: 3.15s, valid_score: 0.068700]
Fri 08 May 2026 03:53:12 INFO valid result: 
recall@5: 0.0436    recall@10: 0.0687    recall@20: 0.0991    recall@50: 0.1547    ndcg@5: 0.0288    ndcg@10: 0.0369    ndcg@20: 0.0446    ndcg@50: 0.0556    precision@5: 0.0088    precision@10: 0.0070    precision@20: 0.0050    precision@50: 0.0031    map@5: 0.0239    map@10: 0.0271    map@20: 0.0292    map@50: 0.0310    
Fri 08 May 2026 03:53:12 INFO test result: 
recall@5: 0.0440    recall@10: 0.0669    recall@20: 0.0976    recall@50: 0.1550    ndcg@5: 0.0290    ndcg@10: 0.0364    ndcg@20: 0.0442    ndcg@50: 0.0557    precision@5: 0.0091    precision@10: 0.0069    precision@20: 0.0051    precision@50: 0.0032    map@5: 0.0238    map@10: 0.0269    map@20: 0.0290    map@50: 0.0308    
Fri 08 May 2026 03:53:12 INFO ██ PA2PD--Best validation results updated!!!
Fri 08 May 2026 03:53:29 INFO epoch 98 training [time: 17.11s, train loss: 5.8454]
Fri 08 May 2026 03:53:35 INFO epoch 98 evaluating [time: 2.97s, valid_score: 0.068400]
Fri 08 May 2026 03:53:35 INFO valid result: 
recall@5: 0.0435    recall@10: 0.0684    recall@20: 0.0992    recall@50: 0.1546    ndcg@5: 0.0287    ndcg@10: 0.0367    ndcg@20: 0.0445    ndcg@50: 0.0555    precision@5: 0.0088    precision@10: 0.0069    precision@20: 0.0050    precision@50: 0.0031    map@5: 0.0238    map@10: 0.0270    map@20: 0.0292    map@50: 0.0309    
Fri 08 May 2026 03:53:35 INFO test result: 
recall@5: 0.0438    recall@10: 0.0670    recall@20: 0.0980    recall@50: 0.1544    ndcg@5: 0.0290    ndcg@10: 0.0365    ndcg@20: 0.0444    ndcg@50: 0.0557    precision@5: 0.0091    precision@10: 0.0070    precision@20: 0.0051    precision@50: 0.0032    map@5: 0.0239    map@10: 0.0269    map@20: 0.0291    map@50: 0.0309    
Fri 08 May 2026 03:53:52 INFO epoch 99 training [time: 17.11s, train loss: 5.7943]
Fri 08 May 2026 03:53:58 INFO epoch 99 evaluating [time: 2.91s, valid_score: 0.068000]
Fri 08 May 2026 03:53:58 INFO valid result: 
recall@5: 0.0438    recall@10: 0.0680    recall@20: 0.0986    recall@50: 0.1548    ndcg@5: 0.0288    ndcg@10: 0.0366    ndcg@20: 0.0444    ndcg@50: 0.0555    precision@5: 0.0089    precision@10: 0.0069    precision@20: 0.0050    precision@50: 0.0031    map@5: 0.0238    map@10: 0.0270    map@20: 0.0291    map@50: 0.0309    
Fri 08 May 2026 03:53:58 INFO test result: 
recall@5: 0.0440    recall@10: 0.0673    recall@20: 0.0980    recall@50: 0.1552    ndcg@5: 0.0290    ndcg@10: 0.0365    ndcg@20: 0.0443    ndcg@50: 0.0558    precision@5: 0.0091    precision@10: 0.0070    precision@20: 0.0051    precision@50: 0.0032    map@5: 0.0238    map@10: 0.0269    map@20: 0.0290    map@50: 0.0308    
Fri 08 May 2026 03:54:15 INFO epoch 100 training [time: 17.24s, train loss: 5.7943]
Fri 08 May 2026 03:54:21 INFO epoch 100 evaluating [time: 2.97s, valid_score: 0.068000]
Fri 08 May 2026 03:54:21 INFO valid result: 
recall@5: 0.0431    recall@10: 0.0680    recall@20: 0.0994    recall@50: 0.1549    ndcg@5: 0.0284    ndcg@10: 0.0364    ndcg@20: 0.0444    ndcg@50: 0.0554    precision@5: 0.0087    precision@10: 0.0069    precision@20: 0.0050    precision@50: 0.0031    map@5: 0.0235    map@10: 0.0268    map@20: 0.0290    map@50: 0.0307    
Fri 08 May 2026 03:54:21 INFO test result: 
recall@5: 0.0440    recall@10: 0.0670    recall@20: 0.0981    recall@50: 0.1553    ndcg@5: 0.0291    ndcg@10: 0.0365    ndcg@20: 0.0445    ndcg@50: 0.0559    precision@5: 0.0091    precision@10: 0.0069    precision@20: 0.0051    precision@50: 0.0032    map@5: 0.0239    map@10: 0.0270    map@20: 0.0291    map@50: 0.0309    
Fri 08 May 2026 03:54:38 INFO epoch 101 training [time: 17.09s, train loss: 5.7324]
Fri 08 May 2026 03:54:45 INFO epoch 101 evaluating [time: 3.14s, valid_score: 0.068800]
Fri 08 May 2026 03:54:45 INFO valid result: 
recall@5: 0.0433    recall@10: 0.0688    recall@20: 0.0993    recall@50: 0.1552    ndcg@5: 0.0284    ndcg@10: 0.0367    ndcg@20: 0.0444    ndcg@50: 0.0555    precision@5: 0.0088    precision@10: 0.0070    precision@20: 0.0050    precision@50: 0.0032    map@5: 0.0235    map@10: 0.0269    map@20: 0.0290    map@50: 0.0307    
Fri 08 May 2026 03:54:45 INFO test result: 
recall@5: 0.0438    recall@10: 0.0671    recall@20: 0.0983    recall@50: 0.1555    ndcg@5: 0.0290    ndcg@10: 0.0365    ndcg@20: 0.0445    ndcg@50: 0.0559    precision@5: 0.0091    precision@10: 0.0070    precision@20: 0.0051    precision@50: 0.0032    map@5: 0.0238    map@10: 0.0269    map@20: 0.0291    map@50: 0.0309    
Fri 08 May 2026 03:54:45 INFO ██ PA2PD--Best validation results updated!!!
Fri 08 May 2026 03:55:02 INFO epoch 102 training [time: 17.12s, train loss: 5.7521]
Fri 08 May 2026 03:55:08 INFO epoch 102 evaluating [time: 2.94s, valid_score: 0.068700]
Fri 08 May 2026 03:55:08 INFO valid result: 
recall@5: 0.0435    recall@10: 0.0687    recall@20: 0.0993    recall@50: 0.1555    ndcg@5: 0.0285    ndcg@10: 0.0366    ndcg@20: 0.0443    ndcg@50: 0.0555    precision@5: 0.0088    precision@10: 0.0070    precision@20: 0.0050    precision@50: 0.0032    map@5: 0.0235    map@10: 0.0268    map@20: 0.0289    map@50: 0.0306    
Fri 08 May 2026 03:55:08 INFO test result: 
recall@5: 0.0439    recall@10: 0.0671    recall@20: 0.0986    recall@50: 0.1557    ndcg@5: 0.0291    ndcg@10: 0.0367    ndcg@20: 0.0447    ndcg@50: 0.0561    precision@5: 0.0091    precision@10: 0.0070    precision@20: 0.0051    precision@50: 0.0032    map@5: 0.0240    map@10: 0.0271    map@20: 0.0293    map@50: 0.0311    
Fri 08 May 2026 03:55:25 INFO epoch 103 training [time: 17.16s, train loss: 5.6835]
Fri 08 May 2026 03:55:31 INFO epoch 103 evaluating [time: 3.02s, valid_score: 0.068200]
Fri 08 May 2026 03:55:31 INFO valid result: 
recall@5: 0.0430    recall@10: 0.0682    recall@20: 0.0997    recall@50: 0.1549    ndcg@5: 0.0282    ndcg@10: 0.0363    ndcg@20: 0.0443    ndcg@50: 0.0553    precision@5: 0.0087    precision@10: 0.0069    precision@20: 0.0051    precision@50: 0.0031    map@5: 0.0233    map@10: 0.0266    map@20: 0.0288    map@50: 0.0305    
Fri 08 May 2026 03:55:31 INFO test result: 
recall@5: 0.0442    recall@10: 0.0664    recall@20: 0.0980    recall@50: 0.1555    ndcg@5: 0.0292    ndcg@10: 0.0364    ndcg@20: 0.0445    ndcg@50: 0.0560    precision@5: 0.0092    precision@10: 0.0069    precision@20: 0.0051    precision@50: 0.0032    map@5: 0.0240    map@10: 0.0270    map@20: 0.0292    map@50: 0.0310    
Fri 08 May 2026 03:55:48 INFO epoch 104 training [time: 17.09s, train loss: 5.6806]
Fri 08 May 2026 03:55:54 INFO epoch 104 evaluating [time: 2.91s, valid_score: 0.068000]
Fri 08 May 2026 03:55:54 INFO valid result: 
recall@5: 0.0436    recall@10: 0.0680    recall@20: 0.0996    recall@50: 0.1550    ndcg@5: 0.0284    ndcg@10: 0.0363    ndcg@20: 0.0443    ndcg@50: 0.0553    precision@5: 0.0088    precision@10: 0.0069    precision@20: 0.0051    precision@50: 0.0031    map@5: 0.0234    map@10: 0.0266    map@20: 0.0288    map@50: 0.0305    
Fri 08 May 2026 03:55:54 INFO test result: 
recall@5: 0.0439    recall@10: 0.0673    recall@20: 0.0984    recall@50: 0.1554    ndcg@5: 0.0290    ndcg@10: 0.0366    ndcg@20: 0.0445    ndcg@50: 0.0559    precision@5: 0.0091    precision@10: 0.0070    precision@20: 0.0051    precision@50: 0.0032    map@5: 0.0239    map@10: 0.0270    map@20: 0.0291    map@50: 0.0309    
Fri 08 May 2026 03:56:11 INFO epoch 105 training [time: 17.23s, train loss: 5.6227]
Fri 08 May 2026 03:56:17 INFO epoch 105 evaluating [time: 3.01s, valid_score: 0.068200]
Fri 08 May 2026 03:56:17 INFO valid result: 
recall@5: 0.0434    recall@10: 0.0682    recall@20: 0.0990    recall@50: 0.1547    ndcg@5: 0.0284    ndcg@10: 0.0364    ndcg@20: 0.0442    ndcg@50: 0.0553    precision@5: 0.0088    precision@10: 0.0069    precision@20: 0.0050    precision@50: 0.0031    map@5: 0.0235    map@10: 0.0267    map@20: 0.0289    map@50: 0.0306    
Fri 08 May 2026 03:56:17 INFO test result: 
recall@5: 0.0448    recall@10: 0.0671    recall@20: 0.0984    recall@50: 0.1556    ndcg@5: 0.0293    ndcg@10: 0.0365    ndcg@20: 0.0445    ndcg@50: 0.0559    precision@5: 0.0092    precision@10: 0.0070    precision@20: 0.0051    precision@50: 0.0032    map@5: 0.0239    map@10: 0.0269    map@20: 0.0291    map@50: 0.0309    
Fri 08 May 2026 03:56:34 INFO epoch 106 training [time: 17.10s, train loss: 5.6280]
Fri 08 May 2026 03:56:40 INFO epoch 106 evaluating [time: 3.13s, valid_score: 0.068000]
Fri 08 May 2026 03:56:40 INFO valid result: 
recall@5: 0.0432    recall@10: 0.0680    recall@20: 0.0993    recall@50: 0.1552    ndcg@5: 0.0282    ndcg@10: 0.0362    ndcg@20: 0.0441    ndcg@50: 0.0552    precision@5: 0.0088    precision@10: 0.0069    precision@20: 0.0050    precision@50: 0.0032    map@5: 0.0232    map@10: 0.0265    map@20: 0.0286    map@50: 0.0304    
Fri 08 May 2026 03:56:40 INFO test result: 
recall@5: 0.0440    recall@10: 0.0673    recall@20: 0.0983    recall@50: 0.1554    ndcg@5: 0.0291    ndcg@10: 0.0367    ndcg@20: 0.0446    ndcg@50: 0.0560    precision@5: 0.0091    precision@10: 0.0070    precision@20: 0.0051    precision@50: 0.0032    map@5: 0.0240    map@10: 0.0271    map@20: 0.0292    map@50: 0.0310    
Fri 08 May 2026 03:56:58 INFO epoch 107 training [time: 17.12s, train loss: 5.6138]
Fri 08 May 2026 03:57:04 INFO epoch 107 evaluating [time: 3.11s, valid_score: 0.067700]
Fri 08 May 2026 03:57:04 INFO valid result: 
recall@5: 0.0436    recall@10: 0.0677    recall@20: 0.1001    recall@50: 0.1560    ndcg@5: 0.0285    ndcg@10: 0.0363    ndcg@20: 0.0445    ndcg@50: 0.0556    precision@5: 0.0088    precision@10: 0.0069    precision@20: 0.0051    precision@50: 0.0032    map@5: 0.0235    map@10: 0.0266    map@20: 0.0289    map@50: 0.0306    
Fri 08 May 2026 03:57:04 INFO test result: 
recall@5: 0.0439    recall@10: 0.0676    recall@20: 0.0986    recall@50: 0.1552    ndcg@5: 0.0290    ndcg@10: 0.0367    ndcg@20: 0.0446    ndcg@50: 0.0559    precision@5: 0.0091    precision@10: 0.0070    precision@20: 0.0051    precision@50: 0.0032    map@5: 0.0239    map@10: 0.0270    map@20: 0.0292    map@50: 0.0310    
Fri 08 May 2026 03:57:21 INFO epoch 108 training [time: 17.13s, train loss: 5.5368]
Fri 08 May 2026 03:57:27 INFO epoch 108 evaluating [time: 2.92s, valid_score: 0.068200]
Fri 08 May 2026 03:57:27 INFO valid result: 
recall@5: 0.0439    recall@10: 0.0682    recall@20: 0.1000    recall@50: 0.1557    ndcg@5: 0.0285    ndcg@10: 0.0363    ndcg@20: 0.0443    ndcg@50: 0.0554    precision@5: 0.0089    precision@10: 0.0069    precision@20: 0.0051    precision@50: 0.0032    map@5: 0.0234    map@10: 0.0266    map@20: 0.0287    map@50: 0.0305    
Fri 08 May 2026 03:57:27 INFO test result: 
recall@5: 0.0440    recall@10: 0.0676    recall@20: 0.0987    recall@50: 0.1556    ndcg@5: 0.0291    ndcg@10: 0.0368    ndcg@20: 0.0447    ndcg@50: 0.0561    precision@5: 0.0091    precision@10: 0.0070    precision@20: 0.0051    precision@50: 0.0032    map@5: 0.0240    map@10: 0.0271    map@20: 0.0293    map@50: 0.0311    
Fri 08 May 2026 03:57:44 INFO epoch 109 training [time: 17.08s, train loss: 5.5281]
Fri 08 May 2026 03:57:50 INFO epoch 109 evaluating [time: 2.97s, valid_score: 0.068900]
Fri 08 May 2026 03:57:50 INFO valid result: 
recall@5: 0.0438    recall@10: 0.0689    recall@20: 0.0996    recall@50: 0.1559    ndcg@5: 0.0286    ndcg@10: 0.0367    ndcg@20: 0.0445    ndcg@50: 0.0556    precision@5: 0.0089    precision@10: 0.0070    precision@20: 0.0051    precision@50: 0.0032    map@5: 0.0236    map@10: 0.0269    map@20: 0.0290    map@50: 0.0308    
Fri 08 May 2026 03:57:50 INFO test result: 
recall@5: 0.0443    recall@10: 0.0677    recall@20: 0.0986    recall@50: 0.1563    ndcg@5: 0.0294    ndcg@10: 0.0370    ndcg@20: 0.0448    ndcg@50: 0.0563    precision@5: 0.0092    precision@10: 0.0070    precision@20: 0.0051    precision@50: 0.0033    map@5: 0.0242    map@10: 0.0273    map@20: 0.0295    map@50: 0.0313    
Fri 08 May 2026 03:57:50 INFO ██ PA2PD--Best validation results updated!!!
Fri 08 May 2026 03:58:07 INFO epoch 110 training [time: 17.23s, train loss: 5.5226]
Fri 08 May 2026 03:58:13 INFO epoch 110 evaluating [time: 2.99s, valid_score: 0.068000]
Fri 08 May 2026 03:58:13 INFO valid result: 
recall@5: 0.0439    recall@10: 0.0680    recall@20: 0.0998    recall@50: 0.1556    ndcg@5: 0.0288    ndcg@10: 0.0365    ndcg@20: 0.0446    ndcg@50: 0.0556    precision@5: 0.0089    precision@10: 0.0069    precision@20: 0.0051    precision@50: 0.0032    map@5: 0.0238    map@10: 0.0269    map@20: 0.0291    map@50: 0.0309    
Fri 08 May 2026 03:58:13 INFO test result: 
recall@5: 0.0442    recall@10: 0.0678    recall@20: 0.0990    recall@50: 0.1555    ndcg@5: 0.0293    ndcg@10: 0.0370    ndcg@20: 0.0449    ndcg@50: 0.0562    precision@5: 0.0091    precision@10: 0.0070    precision@20: 0.0052    precision@50: 0.0032    map@5: 0.0242    map@10: 0.0273    map@20: 0.0295    map@50: 0.0313    
Fri 08 May 2026 03:58:30 INFO epoch 111 training [time: 17.10s, train loss: 5.4858]
Fri 08 May 2026 03:58:36 INFO epoch 111 evaluating [time: 3.08s, valid_score: 0.068300]
Fri 08 May 2026 03:58:36 INFO valid result: 
recall@5: 0.0438    recall@10: 0.0683    recall@20: 0.1000    recall@50: 0.1557    ndcg@5: 0.0286    ndcg@10: 0.0364    ndcg@20: 0.0444    ndcg@50: 0.0555    precision@5: 0.0089    precision@10: 0.0069    precision@20: 0.0051    precision@50: 0.0032    map@5: 0.0235    map@10: 0.0267    map@20: 0.0289    map@50: 0.0306    
Fri 08 May 2026 03:58:36 INFO test result: 
recall@5: 0.0439    recall@10: 0.0680    recall@20: 0.0989    recall@50: 0.1556    ndcg@5: 0.0292    ndcg@10: 0.0370    ndcg@20: 0.0449    ndcg@50: 0.0562    precision@5: 0.0091    precision@10: 0.0071    precision@20: 0.0052    precision@50: 0.0032    map@5: 0.0241    map@10: 0.0273    map@20: 0.0294    map@50: 0.0312    
Fri 08 May 2026 03:58:53 INFO epoch 112 training [time: 17.09s, train loss: 5.4329]
Fri 08 May 2026 03:58:59 INFO epoch 112 evaluating [time: 3.14s, valid_score: 0.068100]
Fri 08 May 2026 03:58:59 INFO valid result: 
recall@5: 0.0438    recall@10: 0.0681    recall@20: 0.1001    recall@50: 0.1557    ndcg@5: 0.0287    ndcg@10: 0.0365    ndcg@20: 0.0446    ndcg@50: 0.0556    precision@5: 0.0089    precision@10: 0.0069    precision@20: 0.0051    precision@50: 0.0032    map@5: 0.0236    map@10: 0.0268    map@20: 0.0290    map@50: 0.0308    
Fri 08 May 2026 03:58:59 INFO test result: 
recall@5: 0.0440    recall@10: 0.0682    recall@20: 0.0994    recall@50: 0.1555    ndcg@5: 0.0293    ndcg@10: 0.0371    ndcg@20: 0.0450    ndcg@50: 0.0562    precision@5: 0.0091    precision@10: 0.0071    precision@20: 0.0052    precision@50: 0.0032    map@5: 0.0242    map@10: 0.0274    map@20: 0.0295    map@50: 0.0313    
Fri 08 May 2026 03:59:16 INFO epoch 113 training [time: 17.09s, train loss: 5.4523]
Fri 08 May 2026 03:59:23 INFO epoch 113 evaluating [time: 2.95s, valid_score: 0.067700]
Fri 08 May 2026 03:59:23 INFO valid result: 
recall@5: 0.0439    recall@10: 0.0677    recall@20: 0.0998    recall@50: 0.1562    ndcg@5: 0.0287    ndcg@10: 0.0364    ndcg@20: 0.0445    ndcg@50: 0.0557    precision@5: 0.0089    precision@10: 0.0069    precision@20: 0.0051    precision@50: 0.0032    map@5: 0.0237    map@10: 0.0268    map@20: 0.0290    map@50: 0.0308    
Fri 08 May 2026 03:59:23 INFO test result: 
recall@5: 0.0440    recall@10: 0.0681    recall@20: 0.0994    recall@50: 0.1557    ndcg@5: 0.0292    ndcg@10: 0.0370    ndcg@20: 0.0450    ndcg@50: 0.0562    precision@5: 0.0091    precision@10: 0.0071    precision@20: 0.0052    precision@50: 0.0032    map@5: 0.0241    map@10: 0.0273    map@20: 0.0294    map@50: 0.0312    
Fri 08 May 2026 03:59:40 INFO epoch 114 training [time: 17.10s, train loss: 5.4093]
Fri 08 May 2026 03:59:46 INFO epoch 114 evaluating [time: 2.99s, valid_score: 0.068600]
Fri 08 May 2026 03:59:46 INFO valid result: 
recall@5: 0.0434    recall@10: 0.0686    recall@20: 0.1003    recall@50: 0.1567    ndcg@5: 0.0285    ndcg@10: 0.0366    ndcg@20: 0.0447    ndcg@50: 0.0558    precision@5: 0.0088    precision@10: 0.0070    precision@20: 0.0051    precision@50: 0.0032    map@5: 0.0236    map@10: 0.0269    map@20: 0.0291    map@50: 0.0308    
Fri 08 May 2026 03:59:46 INFO test result: 
recall@5: 0.0442    recall@10: 0.0680    recall@20: 0.0993    recall@50: 0.1557    ndcg@5: 0.0294    ndcg@10: 0.0371    ndcg@20: 0.0450    ndcg@50: 0.0563    precision@5: 0.0091    precision@10: 0.0071    precision@20: 0.0052    precision@50: 0.0032    map@5: 0.0242    map@10: 0.0274    map@20: 0.0295    map@50: 0.0313    
Fri 08 May 2026 04:00:03 INFO epoch 115 training [time: 17.27s, train loss: 5.3785]
Fri 08 May 2026 04:00:09 INFO epoch 115 evaluating [time: 3.10s, valid_score: 0.068800]
Fri 08 May 2026 04:00:09 INFO valid result: 
recall@5: 0.0435    recall@10: 0.0688    recall@20: 0.0996    recall@50: 0.1563    ndcg@5: 0.0286    ndcg@10: 0.0367    ndcg@20: 0.0445    ndcg@50: 0.0558    precision@5: 0.0088    precision@10: 0.0070    precision@20: 0.0051    precision@50: 0.0032    map@5: 0.0236    map@10: 0.0269    map@20: 0.0290    map@50: 0.0308    
Fri 08 May 2026 04:00:09 INFO test result: 
recall@5: 0.0442    recall@10: 0.0679    recall@20: 0.1003    recall@50: 0.1559    ndcg@5: 0.0292    ndcg@10: 0.0369    ndcg@20: 0.0451    ndcg@50: 0.0562    precision@5: 0.0092    precision@10: 0.0071    precision@20: 0.0052    precision@50: 0.0033    map@5: 0.0241    map@10: 0.0271    map@20: 0.0294    map@50: 0.0311    
Fri 08 May 2026 04:00:26 INFO epoch 116 training [time: 17.11s, train loss: 5.3712]
Fri 08 May 2026 04:00:32 INFO epoch 116 evaluating [time: 3.14s, valid_score: 0.068200]
Fri 08 May 2026 04:00:32 INFO valid result: 
recall@5: 0.0439    recall@10: 0.0682    recall@20: 0.1004    recall@50: 0.1562    ndcg@5: 0.0287    ndcg@10: 0.0365    ndcg@20: 0.0447    ndcg@50: 0.0557    precision@5: 0.0089    precision@10: 0.0069    precision@20: 0.0051    precision@50: 0.0032    map@5: 0.0236    map@10: 0.0268    map@20: 0.0290    map@50: 0.0308    
Fri 08 May 2026 04:00:32 INFO test result: 
recall@5: 0.0444    recall@10: 0.0673    recall@20: 0.1004    recall@50: 0.1564    ndcg@5: 0.0294    ndcg@10: 0.0369    ndcg@20: 0.0453    ndcg@50: 0.0565    precision@5: 0.0092    precision@10: 0.0070    precision@20: 0.0052    precision@50: 0.0033    map@5: 0.0243    map@10: 0.0273    map@20: 0.0296    map@50: 0.0314    
Fri 08 May 2026 04:00:49 INFO epoch 117 training [time: 17.11s, train loss: 5.3601]
Fri 08 May 2026 04:00:55 INFO epoch 117 evaluating [time: 2.98s, valid_score: 0.068700]
Fri 08 May 2026 04:00:55 INFO valid result: 
recall@5: 0.0437    recall@10: 0.0687    recall@20: 0.1006    recall@50: 0.1558    ndcg@5: 0.0287    ndcg@10: 0.0368    ndcg@20: 0.0448    ndcg@50: 0.0558    precision@5: 0.0088    precision@10: 0.0070    precision@20: 0.0051    precision@50: 0.0032    map@5: 0.0237    map@10: 0.0270    map@20: 0.0292    map@50: 0.0309    
Fri 08 May 2026 04:00:55 INFO test result: 
recall@5: 0.0445    recall@10: 0.0680    recall@20: 0.1003    recall@50: 0.1565    ndcg@5: 0.0294    ndcg@10: 0.0371    ndcg@20: 0.0453    ndcg@50: 0.0565    precision@5: 0.0092    precision@10: 0.0071    precision@20: 0.0052    precision@50: 0.0033    map@5: 0.0243    map@10: 0.0274    map@20: 0.0296    map@50: 0.0314    
Fri 08 May 2026 04:01:12 INFO epoch 118 training [time: 17.09s, train loss: 5.3436]
Fri 08 May 2026 04:01:19 INFO epoch 118 evaluating [time: 2.97s, valid_score: 0.068600]
Fri 08 May 2026 04:01:19 INFO valid result: 
recall@5: 0.0440    recall@10: 0.0686    recall@20: 0.1006    recall@50: 0.1566    ndcg@5: 0.0290    ndcg@10: 0.0370    ndcg@20: 0.0450    ndcg@50: 0.0562    precision@5: 0.0089    precision@10: 0.0070    precision@20: 0.0051    precision@50: 0.0032    map@5: 0.0241    map@10: 0.0273    map@20: 0.0295    map@50: 0.0313    
Fri 08 May 2026 04:01:19 INFO test result: 
recall@5: 0.0446    recall@10: 0.0682    recall@20: 0.1001    recall@50: 0.1565    ndcg@5: 0.0296    ndcg@10: 0.0373    ndcg@20: 0.0454    ndcg@50: 0.0566    precision@5: 0.0092    precision@10: 0.0071    precision@20: 0.0052    precision@50: 0.0033    map@5: 0.0244    map@10: 0.0275    map@20: 0.0297    map@50: 0.0315    
Fri 08 May 2026 04:01:36 INFO epoch 119 training [time: 17.09s, train loss: 5.3097]
Fri 08 May 2026 04:01:42 INFO epoch 119 evaluating [time: 3.02s, valid_score: 0.068600]
Fri 08 May 2026 04:01:42 INFO valid result: 
recall@5: 0.0441    recall@10: 0.0686    recall@20: 0.1002    recall@50: 0.1568    ndcg@5: 0.0289    ndcg@10: 0.0368    ndcg@20: 0.0448    ndcg@50: 0.0560    precision@5: 0.0089    precision@10: 0.0069    precision@20: 0.0051    precision@50: 0.0032    map@5: 0.0239    map@10: 0.0271    map@20: 0.0293    map@50: 0.0310    
Fri 08 May 2026 04:01:42 INFO test result: 
recall@5: 0.0451    recall@10: 0.0678    recall@20: 0.1008    recall@50: 0.1552    ndcg@5: 0.0297    ndcg@10: 0.0370    ndcg@20: 0.0454    ndcg@50: 0.0563    precision@5: 0.0094    precision@10: 0.0070    precision@20: 0.0053    precision@50: 0.0032    map@5: 0.0243    map@10: 0.0273    map@20: 0.0296    map@50: 0.0313    
Fri 08 May 2026 04:01:59 INFO epoch 120 training [time: 17.26s, train loss: 5.2616]
Fri 08 May 2026 04:02:05 INFO epoch 120 evaluating [time: 2.99s, valid_score: 0.068800]
Fri 08 May 2026 04:02:05 INFO valid result: 
recall@5: 0.0443    recall@10: 0.0688    recall@20: 0.1005    recall@50: 0.1564    ndcg@5: 0.0291    ndcg@10: 0.0370    ndcg@20: 0.0450    ndcg@50: 0.0560    precision@5: 0.0089    precision@10: 0.0070    precision@20: 0.0051    precision@50: 0.0032    map@5: 0.0240    map@10: 0.0272    map@20: 0.0294    map@50: 0.0312    
Fri 08 May 2026 04:02:05 INFO test result: 
recall@5: 0.0444    recall@10: 0.0683    recall@20: 0.1001    recall@50: 0.1553    ndcg@5: 0.0295    ndcg@10: 0.0372    ndcg@20: 0.0453    ndcg@50: 0.0564    precision@5: 0.0092    precision@10: 0.0071    precision@20: 0.0052    precision@50: 0.0032    map@5: 0.0243    map@10: 0.0275    map@20: 0.0297    map@50: 0.0314    
Fri 08 May 2026 04:02:22 INFO epoch 121 training [time: 17.10s, train loss: 5.2620]
Fri 08 May 2026 04:02:28 INFO epoch 121 evaluating [time: 3.10s, valid_score: 0.068700]
Fri 08 May 2026 04:02:28 INFO valid result: 
recall@5: 0.0443    recall@10: 0.0687    recall@20: 0.1012    recall@50: 0.1573    ndcg@5: 0.0292    ndcg@10: 0.0370    ndcg@20: 0.0453    ndcg@50: 0.0564    precision@5: 0.0090    precision@10: 0.0070    precision@20: 0.0051    precision@50: 0.0032    map@5: 0.0242    map@10: 0.0274    map@20: 0.0296    map@50: 0.0313    
Fri 08 May 2026 04:02:28 INFO test result: 
recall@5: 0.0446    recall@10: 0.0683    recall@20: 0.1001    recall@50: 0.1558    ndcg@5: 0.0295    ndcg@10: 0.0372    ndcg@20: 0.0453    ndcg@50: 0.0564    precision@5: 0.0092    precision@10: 0.0071    precision@20: 0.0052    precision@50: 0.0033    map@5: 0.0243    map@10: 0.0275    map@20: 0.0297    map@50: 0.0314    
Fri 08 May 2026 04:02:45 INFO epoch 122 training [time: 17.11s, train loss: 5.2274]
Fri 08 May 2026 04:02:51 INFO epoch 122 evaluating [time: 3.13s, valid_score: 0.068700]
Fri 08 May 2026 04:02:51 INFO valid result: 
recall@5: 0.0442    recall@10: 0.0687    recall@20: 0.1010    recall@50: 0.1571    ndcg@5: 0.0292    ndcg@10: 0.0371    ndcg@20: 0.0452    ndcg@50: 0.0563    precision@5: 0.0089    precision@10: 0.0070    precision@20: 0.0051    precision@50: 0.0032    map@5: 0.0242    map@10: 0.0274    map@20: 0.0296    map@50: 0.0314    
Fri 08 May 2026 04:02:51 INFO test result: 
recall@5: 0.0448    recall@10: 0.0679    recall@20: 0.1003    recall@50: 0.1563    ndcg@5: 0.0296    ndcg@10: 0.0371    ndcg@20: 0.0454    ndcg@50: 0.0565    precision@5: 0.0093    precision@10: 0.0071    precision@20: 0.0052    precision@50: 0.0033    map@5: 0.0244    map@10: 0.0275    map@20: 0.0297    map@50: 0.0315    
Fri 08 May 2026 04:03:08 INFO epoch 123 training [time: 17.08s, train loss: 5.2358]
Fri 08 May 2026 04:03:14 INFO epoch 123 evaluating [time: 2.96s, valid_score: 0.068800]
Fri 08 May 2026 04:03:14 INFO valid result: 
recall@5: 0.0440    recall@10: 0.0688    recall@20: 0.1007    recall@50: 0.1563    ndcg@5: 0.0290    ndcg@10: 0.0370    ndcg@20: 0.0450    ndcg@50: 0.0560    precision@5: 0.0089    precision@10: 0.0070    precision@20: 0.0051    precision@50: 0.0032    map@5: 0.0240    map@10: 0.0272    map@20: 0.0294    map@50: 0.0311    
Fri 08 May 2026 04:03:14 INFO test result: 
recall@5: 0.0449    recall@10: 0.0681    recall@20: 0.1004    recall@50: 0.1560    ndcg@5: 0.0296    ndcg@10: 0.0371    ndcg@20: 0.0453    ndcg@50: 0.0565    precision@5: 0.0093    precision@10: 0.0071    precision@20: 0.0052    precision@50: 0.0033    map@5: 0.0243    map@10: 0.0274    map@20: 0.0296    map@50: 0.0314    
Fri 08 May 2026 04:03:31 INFO epoch 124 training [time: 17.09s, train loss: 5.2055]
Fri 08 May 2026 04:03:38 INFO epoch 124 evaluating [time: 3.10s, valid_score: 0.068700]
Fri 08 May 2026 04:03:38 INFO valid result: 
recall@5: 0.0440    recall@10: 0.0687    recall@20: 0.0995    recall@50: 0.1560    ndcg@5: 0.0290    ndcg@10: 0.0369    ndcg@20: 0.0447    ndcg@50: 0.0560    precision@5: 0.0089    precision@10: 0.0070    precision@20: 0.0051    precision@50: 0.0032    map@5: 0.0240    map@10: 0.0272    map@20: 0.0293    map@50: 0.0312    
Fri 08 May 2026 04:03:38 INFO test result: 
recall@5: 0.0452    recall@10: 0.0680    recall@20: 0.1006    recall@50: 0.1559    ndcg@5: 0.0298    ndcg@10: 0.0372    ndcg@20: 0.0455    ndcg@50: 0.0565    precision@5: 0.0094    precision@10: 0.0071    precision@20: 0.0052    precision@50: 0.0033    map@5: 0.0245    map@10: 0.0275    map@20: 0.0298    map@50: 0.0315    
Fri 08 May 2026 04:03:55 INFO epoch 125 training [time: 17.25s, train loss: 5.2202]
Fri 08 May 2026 04:04:01 INFO epoch 125 evaluating [time: 3.02s, valid_score: 0.068200]
Fri 08 May 2026 04:04:01 INFO valid result: 
recall@5: 0.0437    recall@10: 0.0682    recall@20: 0.1003    recall@50: 0.1565    ndcg@5: 0.0288    ndcg@10: 0.0367    ndcg@20: 0.0448    ndcg@50: 0.0560    precision@5: 0.0089    precision@10: 0.0069    precision@20: 0.0051    precision@50: 0.0032    map@5: 0.0239    map@10: 0.0271    map@20: 0.0293    map@50: 0.0311    
Fri 08 May 2026 04:04:01 INFO test result: 
recall@5: 0.0450    recall@10: 0.0685    recall@20: 0.1002    recall@50: 0.1565    ndcg@5: 0.0298    ndcg@10: 0.0374    ndcg@20: 0.0455    ndcg@50: 0.0567    precision@5: 0.0093    precision@10: 0.0071    precision@20: 0.0052    precision@50: 0.0033    map@5: 0.0246    map@10: 0.0277    map@20: 0.0298    map@50: 0.0316    
Fri 08 May 2026 04:04:18 INFO epoch 126 training [time: 17.09s, train loss: 5.1544]
Fri 08 May 2026 04:04:24 INFO epoch 126 evaluating [time: 3.18s, valid_score: 0.068700]
Fri 08 May 2026 04:04:24 INFO valid result: 
recall@5: 0.0446    recall@10: 0.0687    recall@20: 0.1006    recall@50: 0.1567    ndcg@5: 0.0293    ndcg@10: 0.0371    ndcg@20: 0.0451    ndcg@50: 0.0562    precision@5: 0.0090    precision@10: 0.0070    precision@20: 0.0051    precision@50: 0.0032    map@5: 0.0242    map@10: 0.0274    map@20: 0.0296    map@50: 0.0313    
Fri 08 May 2026 04:04:24 INFO test result: 
recall@5: 0.0446    recall@10: 0.0683    recall@20: 0.1005    recall@50: 0.1563    ndcg@5: 0.0296    ndcg@10: 0.0374    ndcg@20: 0.0455    ndcg@50: 0.0567    precision@5: 0.0092    precision@10: 0.0071    precision@20: 0.0052    precision@50: 0.0033    map@5: 0.0245    map@10: 0.0276    map@20: 0.0299    map@50: 0.0316    
Fri 08 May 2026 04:04:41 INFO epoch 127 training [time: 17.09s, train loss: 5.1541]
Fri 08 May 2026 04:04:47 INFO epoch 127 evaluating [time: 3.14s, valid_score: 0.068900]
Fri 08 May 2026 04:04:47 INFO valid result: 
recall@5: 0.0439    recall@10: 0.0689    recall@20: 0.1004    recall@50: 0.1570    ndcg@5: 0.0289    ndcg@10: 0.0370    ndcg@20: 0.0449    ndcg@50: 0.0562    precision@5: 0.0089    precision@10: 0.0070    precision@20: 0.0051    precision@50: 0.0032    map@5: 0.0240    map@10: 0.0273    map@20: 0.0294    map@50: 0.0312    
Fri 08 May 2026 04:04:47 INFO test result: 
recall@5: 0.0449    recall@10: 0.0689    recall@20: 0.1002    recall@50: 0.1558    ndcg@5: 0.0298    ndcg@10: 0.0376    ndcg@20: 0.0455    ndcg@50: 0.0567    precision@5: 0.0093    precision@10: 0.0072    precision@20: 0.0052    precision@50: 0.0033    map@5: 0.0246    map@10: 0.0278    map@20: 0.0299    map@50: 0.0317    
Fri 08 May 2026 04:05:04 INFO epoch 128 training [time: 17.10s, train loss: 5.1337]
Fri 08 May 2026 04:05:11 INFO epoch 128 evaluating [time: 3.03s, valid_score: 0.069000]
Fri 08 May 2026 04:05:11 INFO valid result: 
recall@5: 0.0440    recall@10: 0.0690    recall@20: 0.1006    recall@50: 0.1573    ndcg@5: 0.0291    ndcg@10: 0.0372    ndcg@20: 0.0451    ndcg@50: 0.0564    precision@5: 0.0089    precision@10: 0.0070    precision@20: 0.0051    precision@50: 0.0032    map@5: 0.0241    map@10: 0.0274    map@20: 0.0296    map@50: 0.0314    
Fri 08 May 2026 04:05:11 INFO test result: 
recall@5: 0.0446    recall@10: 0.0686    recall@20: 0.1006    recall@50: 0.1562    ndcg@5: 0.0296    ndcg@10: 0.0374    ndcg@20: 0.0455    ndcg@50: 0.0566    precision@5: 0.0093    precision@10: 0.0071    precision@20: 0.0052    precision@50: 0.0033    map@5: 0.0244    map@10: 0.0276    map@20: 0.0298    map@50: 0.0316    
Fri 08 May 2026 04:05:11 INFO ██ PA2PD--Best validation results updated!!!
Fri 08 May 2026 04:05:28 INFO epoch 129 training [time: 17.08s, train loss: 5.1287]
Fri 08 May 2026 04:05:34 INFO epoch 129 evaluating [time: 3.09s, valid_score: 0.069000]
Fri 08 May 2026 04:05:34 INFO valid result: 
recall@5: 0.0442    recall@10: 0.0690    recall@20: 0.1006    recall@50: 0.1567    ndcg@5: 0.0292    ndcg@10: 0.0372    ndcg@20: 0.0452    ndcg@50: 0.0563    precision@5: 0.0090    precision@10: 0.0070    precision@20: 0.0051    precision@50: 0.0032    map@5: 0.0242    map@10: 0.0274    map@20: 0.0296    map@50: 0.0314    
Fri 08 May 2026 04:05:34 INFO test result: 
recall@5: 0.0452    recall@10: 0.0686    recall@20: 0.1007    recall@50: 0.1562    ndcg@5: 0.0299    ndcg@10: 0.0375    ndcg@20: 0.0457    ndcg@50: 0.0568    precision@5: 0.0094    precision@10: 0.0071    precision@20: 0.0052    precision@50: 0.0033    map@5: 0.0247    map@10: 0.0278    map@20: 0.0300    map@50: 0.0317    
Fri 08 May 2026 04:05:51 INFO epoch 130 training [time: 17.24s, train loss: 5.1106]
Fri 08 May 2026 04:05:57 INFO epoch 130 evaluating [time: 2.94s, valid_score: 0.068600]
Fri 08 May 2026 04:05:57 INFO valid result: 
recall@5: 0.0447    recall@10: 0.0686    recall@20: 0.0999    recall@50: 0.1566    ndcg@5: 0.0294    ndcg@10: 0.0371    ndcg@20: 0.0451    ndcg@50: 0.0563    precision@5: 0.0090    precision@10: 0.0070    precision@20: 0.0051    precision@50: 0.0032    map@5: 0.0243    map@10: 0.0275    map@20: 0.0297    map@50: 0.0315    
Fri 08 May 2026 04:05:57 INFO test result: 
recall@5: 0.0450    recall@10: 0.0688    recall@20: 0.1012    recall@50: 0.1565    ndcg@5: 0.0297    ndcg@10: 0.0374    ndcg@20: 0.0457    ndcg@50: 0.0567    precision@5: 0.0093    precision@10: 0.0071    precision@20: 0.0053    precision@50: 0.0033    map@5: 0.0245    map@10: 0.0276    map@20: 0.0298    map@50: 0.0316    
Fri 08 May 2026 04:06:14 INFO epoch 131 training [time: 17.11s, train loss: 5.0802]
Fri 08 May 2026 04:06:20 INFO epoch 131 evaluating [time: 3.15s, valid_score: 0.068800]
Fri 08 May 2026 04:06:20 INFO valid result: 
recall@5: 0.0448    recall@10: 0.0688    recall@20: 0.1009    recall@50: 0.1571    ndcg@5: 0.0294    ndcg@10: 0.0371    ndcg@20: 0.0452    ndcg@50: 0.0564    precision@5: 0.0091    precision@10: 0.0070    precision@20: 0.0051    precision@50: 0.0032    map@5: 0.0242    map@10: 0.0274    map@20: 0.0296    map@50: 0.0314    
Fri 08 May 2026 04:06:20 INFO test result: 
recall@5: 0.0451    recall@10: 0.0688    recall@20: 0.1012    recall@50: 0.1562    ndcg@5: 0.0299    ndcg@10: 0.0375    ndcg@20: 0.0458    ndcg@50: 0.0567    precision@5: 0.0094    precision@10: 0.0071    precision@20: 0.0053    precision@50: 0.0033    map@5: 0.0246    map@10: 0.0277    map@20: 0.0299    map@50: 0.0317    
Fri 08 May 2026 04:06:37 INFO epoch 132 training [time: 17.11s, train loss: 5.0575]
Fri 08 May 2026 04:06:43 INFO epoch 132 evaluating [time: 3.01s, valid_score: 0.068400]
Fri 08 May 2026 04:06:43 INFO valid result: 
recall@5: 0.0445    recall@10: 0.0684    recall@20: 0.1011    recall@50: 0.1568    ndcg@5: 0.0293    ndcg@10: 0.0370    ndcg@20: 0.0453    ndcg@50: 0.0564    precision@5: 0.0090    precision@10: 0.0069    precision@20: 0.0051    precision@50: 0.0032    map@5: 0.0242    map@10: 0.0274    map@20: 0.0296    map@50: 0.0314    
Fri 08 May 2026 04:06:43 INFO test result: 
recall@5: 0.0449    recall@10: 0.0681    recall@20: 0.1003    recall@50: 0.1564    ndcg@5: 0.0297    ndcg@10: 0.0373    ndcg@20: 0.0455    ndcg@50: 0.0567    precision@5: 0.0093    precision@10: 0.0071    precision@20: 0.0052    precision@50: 0.0033    map@5: 0.0245    map@10: 0.0276    map@20: 0.0298    map@50: 0.0316    
Fri 08 May 2026 04:07:01 INFO epoch 133 training [time: 17.07s, train loss: 5.0327]
Fri 08 May 2026 04:07:07 INFO epoch 133 evaluating [time: 2.97s, valid_score: 0.069000]
Fri 08 May 2026 04:07:07 INFO valid result: 
recall@5: 0.0448    recall@10: 0.0690    recall@20: 0.1017    recall@50: 0.1564    ndcg@5: 0.0295    ndcg@10: 0.0373    ndcg@20: 0.0456    ndcg@50: 0.0564    precision@5: 0.0091    precision@10: 0.0070    precision@20: 0.0052    precision@50: 0.0032    map@5: 0.0244    map@10: 0.0276    map@20: 0.0299    map@50: 0.0316    
Fri 08 May 2026 04:07:07 INFO test result: 
recall@5: 0.0447    recall@10: 0.0687    recall@20: 0.1005    recall@50: 0.1558    ndcg@5: 0.0296    ndcg@10: 0.0374    ndcg@20: 0.0455    ndcg@50: 0.0565    precision@5: 0.0093    precision@10: 0.0071    precision@20: 0.0052    precision@50: 0.0032    map@5: 0.0244    map@10: 0.0276    map@20: 0.0298    map@50: 0.0315    
Fri 08 May 2026 04:07:24 INFO epoch 134 training [time: 17.10s, train loss: 5.0211]
Fri 08 May 2026 04:07:30 INFO epoch 134 evaluating [time: 2.99s, valid_score: 0.069200]
Fri 08 May 2026 04:07:30 INFO valid result: 
recall@5: 0.0441    recall@10: 0.0692    recall@20: 0.1016    recall@50: 0.1571    ndcg@5: 0.0293    ndcg@10: 0.0375    ndcg@20: 0.0456    ndcg@50: 0.0567    precision@5: 0.0089    precision@10: 0.0070    precision@20: 0.0052    precision@50: 0.0032    map@5: 0.0244    map@10: 0.0278    map@20: 0.0300    map@50: 0.0317    
Fri 08 May 2026 04:07:30 INFO test result: 
recall@5: 0.0451    recall@10: 0.0682    recall@20: 0.1004    recall@50: 0.1557    ndcg@5: 0.0297    ndcg@10: 0.0372    ndcg@20: 0.0454    ndcg@50: 0.0565    precision@5: 0.0094    precision@10: 0.0071    precision@20: 0.0052    precision@50: 0.0032    map@5: 0.0244    map@10: 0.0274    map@20: 0.0297    map@50: 0.0314    
Fri 08 May 2026 04:07:30 INFO ██ PA2PD--Best validation results updated!!!
Fri 08 May 2026 04:07:47 INFO epoch 135 training [time: 17.27s, train loss: 5.0191]
Fri 08 May 2026 04:07:53 INFO epoch 135 evaluating [time: 3.04s, valid_score: 0.069200]
Fri 08 May 2026 04:07:53 INFO valid result: 
recall@5: 0.0445    recall@10: 0.0692    recall@20: 0.1014    recall@50: 0.1570    ndcg@5: 0.0293    ndcg@10: 0.0373    ndcg@20: 0.0454    ndcg@50: 0.0565    precision@5: 0.0090    precision@10: 0.0070    precision@20: 0.0052    precision@50: 0.0032    map@5: 0.0243    map@10: 0.0276    map@20: 0.0298    map@50: 0.0315    
Fri 08 May 2026 04:07:53 INFO test result: 
recall@5: 0.0449    recall@10: 0.0683    recall@20: 0.1005    recall@50: 0.1562    ndcg@5: 0.0297    ndcg@10: 0.0373    ndcg@20: 0.0454    ndcg@50: 0.0566    precision@5: 0.0093    precision@10: 0.0071    precision@20: 0.0052    precision@50: 0.0033    map@5: 0.0244    map@10: 0.0275    map@20: 0.0297    map@50: 0.0315    
Fri 08 May 2026 04:08:10 INFO epoch 136 training [time: 17.09s, train loss: 5.0181]
Fri 08 May 2026 04:08:17 INFO epoch 136 evaluating [time: 3.21s, valid_score: 0.069600]
Fri 08 May 2026 04:08:17 INFO valid result: 
recall@5: 0.0440    recall@10: 0.0696    recall@20: 0.1014    recall@50: 0.1564    ndcg@5: 0.0291    ndcg@10: 0.0374    ndcg@20: 0.0454    ndcg@50: 0.0563    precision@5: 0.0089    precision@10: 0.0071    precision@20: 0.0052    precision@50: 0.0032    map@5: 0.0242    map@10: 0.0276    map@20: 0.0297    map@50: 0.0315    
Fri 08 May 2026 04:08:17 INFO test result: 
recall@5: 0.0451    recall@10: 0.0687    recall@20: 0.1009    recall@50: 0.1559    ndcg@5: 0.0299    ndcg@10: 0.0375    ndcg@20: 0.0457    ndcg@50: 0.0567    precision@5: 0.0094    precision@10: 0.0071    precision@20: 0.0053    precision@50: 0.0033    map@5: 0.0246    map@10: 0.0277    map@20: 0.0299    map@50: 0.0317    
Fri 08 May 2026 04:08:17 INFO ██ PA2PD--Best validation results updated!!!
Fri 08 May 2026 04:08:34 INFO epoch 137 training [time: 17.09s, train loss: 4.9904]
Fri 08 May 2026 04:08:40 INFO epoch 137 evaluating [time: 3.17s, valid_score: 0.069100]
Fri 08 May 2026 04:08:40 INFO valid result: 
recall@5: 0.0446    recall@10: 0.0691    recall@20: 0.1014    recall@50: 0.1565    ndcg@5: 0.0294    ndcg@10: 0.0373    ndcg@20: 0.0454    ndcg@50: 0.0564    precision@5: 0.0090    precision@10: 0.0070    precision@20: 0.0052    precision@50: 0.0032    map@5: 0.0243    map@10: 0.0275    map@20: 0.0297    map@50: 0.0315    
Fri 08 May 2026 04:08:40 INFO test result: 
recall@5: 0.0451    recall@10: 0.0687    recall@20: 0.1009    recall@50: 0.1566    ndcg@5: 0.0299    ndcg@10: 0.0375    ndcg@20: 0.0457    ndcg@50: 0.0568    precision@5: 0.0094    precision@10: 0.0071    precision@20: 0.0053    precision@50: 0.0033    map@5: 0.0247    map@10: 0.0278    map@20: 0.0300    map@50: 0.0317    
Fri 08 May 2026 04:08:57 INFO epoch 138 training [time: 17.08s, train loss: 4.9674]
Fri 08 May 2026 04:09:03 INFO epoch 138 evaluating [time: 3.08s, valid_score: 0.069100]
Fri 08 May 2026 04:09:03 INFO valid result: 
recall@5: 0.0444    recall@10: 0.0691    recall@20: 0.1010    recall@50: 0.1563    ndcg@5: 0.0292    ndcg@10: 0.0372    ndcg@20: 0.0452    ndcg@50: 0.0562    precision@5: 0.0090    precision@10: 0.0070    precision@20: 0.0051    precision@50: 0.0032    map@5: 0.0242    map@10: 0.0274    map@20: 0.0296    map@50: 0.0314    
Fri 08 May 2026 04:09:03 INFO test result: 
recall@5: 0.0451    recall@10: 0.0684    recall@20: 0.1014    recall@50: 0.1570    ndcg@5: 0.0299    ndcg@10: 0.0375    ndcg@20: 0.0459    ndcg@50: 0.0570    precision@5: 0.0094    precision@10: 0.0071    precision@20: 0.0053    precision@50: 0.0033    map@5: 0.0247    map@10: 0.0278    map@20: 0.0301    map@50: 0.0318    
Fri 08 May 2026 04:09:20 INFO epoch 139 training [time: 17.16s, train loss: 4.9643]
Fri 08 May 2026 04:09:26 INFO epoch 139 evaluating [time: 2.97s, valid_score: 0.068700]
Fri 08 May 2026 04:09:26 INFO valid result: 
recall@5: 0.0439    recall@10: 0.0687    recall@20: 0.1008    recall@50: 0.1573    ndcg@5: 0.0290    ndcg@10: 0.0370    ndcg@20: 0.0452    ndcg@50: 0.0564    precision@5: 0.0089    precision@10: 0.0070    precision@20: 0.0051    precision@50: 0.0032    map@5: 0.0241    map@10: 0.0274    map@20: 0.0296    map@50: 0.0314    
Fri 08 May 2026 04:09:26 INFO test result: 
recall@5: 0.0446    recall@10: 0.0683    recall@20: 0.1008    recall@50: 0.1559    ndcg@5: 0.0296    ndcg@10: 0.0373    ndcg@20: 0.0456    ndcg@50: 0.0566    precision@5: 0.0093    precision@10: 0.0071    precision@20: 0.0053    precision@50: 0.0033    map@5: 0.0244    map@10: 0.0276    map@20: 0.0298    map@50: 0.0316    
Fri 08 May 2026 04:09:44 INFO epoch 140 training [time: 17.28s, train loss: 4.9226]
Fri 08 May 2026 04:09:50 INFO epoch 140 evaluating [time: 3.01s, valid_score: 0.069300]
Fri 08 May 2026 04:09:50 INFO valid result: 
recall@5: 0.0447    recall@10: 0.0693    recall@20: 0.1014    recall@50: 0.1566    ndcg@5: 0.0293    ndcg@10: 0.0372    ndcg@20: 0.0453    ndcg@50: 0.0563    precision@5: 0.0090    precision@10: 0.0070    precision@20: 0.0051    precision@50: 0.0032    map@5: 0.0241    map@10: 0.0274    map@20: 0.0296    map@50: 0.0313    
Fri 08 May 2026 04:09:50 INFO test result: 
recall@5: 0.0451    recall@10: 0.0686    recall@20: 0.1013    recall@50: 0.1574    ndcg@5: 0.0297    ndcg@10: 0.0374    ndcg@20: 0.0457    ndcg@50: 0.0569    precision@5: 0.0093    precision@10: 0.0071    precision@20: 0.0053    precision@50: 0.0033    map@5: 0.0245    map@10: 0.0276    map@20: 0.0298    map@50: 0.0316    
Fri 08 May 2026 04:10:07 INFO epoch 141 training [time: 17.08s, train loss: 4.9043]
Fri 08 May 2026 04:10:13 INFO epoch 141 evaluating [time: 3.13s, valid_score: 0.069100]
Fri 08 May 2026 04:10:13 INFO valid result: 
recall@5: 0.0441    recall@10: 0.0691    recall@20: 0.1013    recall@50: 0.1568    ndcg@5: 0.0290    ndcg@10: 0.0371    ndcg@20: 0.0452    ndcg@50: 0.0562    precision@5: 0.0089    precision@10: 0.0070    precision@20: 0.0051    precision@50: 0.0032    map@5: 0.0240    map@10: 0.0273    map@20: 0.0295    map@50: 0.0313    
Fri 08 May 2026 04:10:13 INFO test result: 
recall@5: 0.0452    recall@10: 0.0688    recall@20: 0.1011    recall@50: 0.1570    ndcg@5: 0.0300    ndcg@10: 0.0376    ndcg@20: 0.0459    ndcg@50: 0.0570    precision@5: 0.0094    precision@10: 0.0071    precision@20: 0.0053    precision@50: 0.0033    map@5: 0.0247    map@10: 0.0278    map@20: 0.0301    map@50: 0.0318    
Fri 08 May 2026 04:10:30 INFO epoch 142 training [time: 17.09s, train loss: 4.9169]
Fri 08 May 2026 04:10:36 INFO epoch 142 evaluating [time: 3.13s, valid_score: 0.069500]
Fri 08 May 2026 04:10:36 INFO valid result: 
recall@5: 0.0446    recall@10: 0.0695    recall@20: 0.1012    recall@50: 0.1570    ndcg@5: 0.0294    ndcg@10: 0.0375    ndcg@20: 0.0454    ndcg@50: 0.0565    precision@5: 0.0090    precision@10: 0.0071    precision@20: 0.0051    precision@50: 0.0032    map@5: 0.0244    map@10: 0.0277    map@20: 0.0298    map@50: 0.0316    
Fri 08 May 2026 04:10:36 INFO test result: 
recall@5: 0.0455    recall@10: 0.0690    recall@20: 0.1009    recall@50: 0.1566    ndcg@5: 0.0300    ndcg@10: 0.0377    ndcg@20: 0.0458    ndcg@50: 0.0569    precision@5: 0.0094    precision@10: 0.0072    precision@20: 0.0053    precision@50: 0.0033    map@5: 0.0247    map@10: 0.0278    map@20: 0.0300    map@50: 0.0318    
Fri 08 May 2026 04:10:53 INFO epoch 143 training [time: 17.09s, train loss: 4.8918]
Fri 08 May 2026 04:10:59 INFO epoch 143 evaluating [time: 2.98s, valid_score: 0.069500]
Fri 08 May 2026 04:10:59 INFO valid result: 
recall@5: 0.0448    recall@10: 0.0695    recall@20: 0.1017    recall@50: 0.1568    ndcg@5: 0.0294    ndcg@10: 0.0373    ndcg@20: 0.0455    ndcg@50: 0.0564    precision@5: 0.0091    precision@10: 0.0071    precision@20: 0.0052    precision@50: 0.0032    map@5: 0.0242    map@10: 0.0275    map@20: 0.0297    map@50: 0.0314    
Fri 08 May 2026 04:10:59 INFO test result: 
recall@5: 0.0455    recall@10: 0.0692    recall@20: 0.1014    recall@50: 0.1563    ndcg@5: 0.0302    ndcg@10: 0.0379    ndcg@20: 0.0461    ndcg@50: 0.0570    precision@5: 0.0094    precision@10: 0.0072    precision@20: 0.0053    precision@50: 0.0033    map@5: 0.0249    map@10: 0.0280    map@20: 0.0303    map@50: 0.0320    
Fri 08 May 2026 04:11:16 INFO epoch 144 training [time: 17.10s, train loss: 4.8824]
Fri 08 May 2026 04:11:22 INFO epoch 144 evaluating [time: 3.05s, valid_score: 0.069500]
Fri 08 May 2026 04:11:22 INFO valid result: 
recall@5: 0.0454    recall@10: 0.0695    recall@20: 0.1018    recall@50: 0.1574    ndcg@5: 0.0296    ndcg@10: 0.0374    ndcg@20: 0.0455    ndcg@50: 0.0565    precision@5: 0.0092    precision@10: 0.0071    precision@20: 0.0052    precision@50: 0.0032    map@5: 0.0244    map@10: 0.0275    map@20: 0.0297    map@50: 0.0315    
Fri 08 May 2026 04:11:22 INFO test result: 
recall@5: 0.0451    recall@10: 0.0693    recall@20: 0.1011    recall@50: 0.1574    ndcg@5: 0.0299    ndcg@10: 0.0378    ndcg@20: 0.0459    ndcg@50: 0.0572    precision@5: 0.0094    precision@10: 0.0072    precision@20: 0.0053    precision@50: 0.0033    map@5: 0.0247    map@10: 0.0279    map@20: 0.0301    map@50: 0.0319    
Fri 08 May 2026 04:11:40 INFO epoch 145 training [time: 17.29s, train loss: 4.8542]
Fri 08 May 2026 04:11:46 INFO epoch 145 evaluating [time: 3.04s, valid_score: 0.069700]
Fri 08 May 2026 04:11:46 INFO valid result: 
recall@5: 0.0451    recall@10: 0.0697    recall@20: 0.1011    recall@50: 0.1579    ndcg@5: 0.0296    ndcg@10: 0.0375    ndcg@20: 0.0454    ndcg@50: 0.0567    precision@5: 0.0091    precision@10: 0.0071    precision@20: 0.0051    precision@50: 0.0032    map@5: 0.0244    map@10: 0.0276    map@20: 0.0298    map@50: 0.0316    
Fri 08 May 2026 04:11:46 INFO test result: 
recall@5: 0.0457    recall@10: 0.0693    recall@20: 0.1007    recall@50: 0.1578    ndcg@5: 0.0301    ndcg@10: 0.0378    ndcg@20: 0.0458    ndcg@50: 0.0571    precision@5: 0.0095    precision@10: 0.0072    precision@20: 0.0052    precision@50: 0.0033    map@5: 0.0247    map@10: 0.0279    map@20: 0.0300    map@50: 0.0318    
Fri 08 May 2026 04:11:46 INFO ██ PA2PD--Best validation results updated!!!
Fri 08 May 2026 04:12:03 INFO epoch 146 training [time: 17.11s, train loss: 4.8347]
Fri 08 May 2026 04:12:09 INFO epoch 146 evaluating [time: 3.07s, valid_score: 0.069300]
Fri 08 May 2026 04:12:09 INFO valid result: 
recall@5: 0.0451    recall@10: 0.0693    recall@20: 0.1013    recall@50: 0.1568    ndcg@5: 0.0296    ndcg@10: 0.0374    ndcg@20: 0.0455    ndcg@50: 0.0565    precision@5: 0.0091    precision@10: 0.0070    precision@20: 0.0051    precision@50: 0.0032    map@5: 0.0245    map@10: 0.0276    map@20: 0.0298    map@50: 0.0316    
Fri 08 May 2026 04:12:09 INFO test result: 
recall@5: 0.0456    recall@10: 0.0696    recall@20: 0.1011    recall@50: 0.1575    ndcg@5: 0.0302    ndcg@10: 0.0380    ndcg@20: 0.0460    ndcg@50: 0.0573    precision@5: 0.0095    precision@10: 0.0072    precision@20: 0.0053    precision@50: 0.0033    map@5: 0.0249    map@10: 0.0281    map@20: 0.0302    map@50: 0.0320    
Fri 08 May 2026 04:12:26 INFO epoch 147 training [time: 17.09s, train loss: 4.8126]
Fri 08 May 2026 04:12:32 INFO epoch 147 evaluating [time: 2.96s, valid_score: 0.069100]
Fri 08 May 2026 04:12:32 INFO valid result: 
recall@5: 0.0450    recall@10: 0.0691    recall@20: 0.1015    recall@50: 0.1574    ndcg@5: 0.0294    ndcg@10: 0.0372    ndcg@20: 0.0454    ndcg@50: 0.0565    precision@5: 0.0091    precision@10: 0.0070    precision@20: 0.0052    precision@50: 0.0032    map@5: 0.0243    map@10: 0.0274    map@20: 0.0297    map@50: 0.0314    
Fri 08 May 2026 04:12:32 INFO test result: 
recall@5: 0.0448    recall@10: 0.0697    recall@20: 0.1011    recall@50: 0.1568    ndcg@5: 0.0299    ndcg@10: 0.0379    ndcg@20: 0.0459    ndcg@50: 0.0570    precision@5: 0.0093    precision@10: 0.0072    precision@20: 0.0053    precision@50: 0.0033    map@5: 0.0247    map@10: 0.0280    map@20: 0.0301    map@50: 0.0319    
Fri 08 May 2026 04:12:49 INFO epoch 148 training [time: 17.12s, train loss: 4.8078]
Fri 08 May 2026 04:12:55 INFO epoch 148 evaluating [time: 3.03s, valid_score: 0.069900]
Fri 08 May 2026 04:12:55 INFO valid result: 
recall@5: 0.0450    recall@10: 0.0699    recall@20: 0.1016    recall@50: 0.1573    ndcg@5: 0.0295    ndcg@10: 0.0376    ndcg@20: 0.0455    ndcg@50: 0.0566    precision@5: 0.0091    precision@10: 0.0071    precision@20: 0.0052    precision@50: 0.0032    map@5: 0.0244    map@10: 0.0277    map@20: 0.0298    map@50: 0.0316    
Fri 08 May 2026 04:12:55 INFO test result: 
recall@5: 0.0453    recall@10: 0.0698    recall@20: 0.1016    recall@50: 0.1572    ndcg@5: 0.0300    ndcg@10: 0.0379    ndcg@20: 0.0460    ndcg@50: 0.0571    precision@5: 0.0094    precision@10: 0.0073    precision@20: 0.0053    precision@50: 0.0033    map@5: 0.0247    map@10: 0.0279    map@20: 0.0301    map@50: 0.0319    
Fri 08 May 2026 04:12:55 INFO ██ PA2PD--Best validation results updated!!!
Fri 08 May 2026 04:13:13 INFO epoch 149 training [time: 17.10s, train loss: 4.7958]
Fri 08 May 2026 04:13:19 INFO epoch 149 evaluating [time: 3.03s, valid_score: 0.069300]
Fri 08 May 2026 04:13:19 INFO valid result: 
recall@5: 0.0444    recall@10: 0.0693    recall@20: 0.1014    recall@50: 0.1575    ndcg@5: 0.0293    ndcg@10: 0.0373    ndcg@20: 0.0454    ndcg@50: 0.0566    precision@5: 0.0090    precision@10: 0.0070    precision@20: 0.0051    precision@50: 0.0032    map@5: 0.0242    map@10: 0.0275    map@20: 0.0297    map@50: 0.0315    
Fri 08 May 2026 04:13:19 INFO test result: 
recall@5: 0.0453    recall@10: 0.0698    recall@20: 0.1007    recall@50: 0.1567    ndcg@5: 0.0301    ndcg@10: 0.0380    ndcg@20: 0.0459    ndcg@50: 0.0570    precision@5: 0.0094    precision@10: 0.0073    precision@20: 0.0052    precision@50: 0.0033    map@5: 0.0248    map@10: 0.0280    map@20: 0.0302    map@50: 0.0319    
Fri 08 May 2026 04:13:36 INFO epoch 150 training [time: 17.26s, train loss: 4.7870]
Fri 08 May 2026 04:13:42 INFO epoch 150 evaluating [time: 2.97s, valid_score: 0.069300]
Fri 08 May 2026 04:13:42 INFO valid result: 
recall@5: 0.0450    recall@10: 0.0693    recall@20: 0.1010    recall@50: 0.1576    ndcg@5: 0.0296    ndcg@10: 0.0375    ndcg@20: 0.0455    ndcg@50: 0.0567    precision@5: 0.0091    precision@10: 0.0070    precision@20: 0.0051    precision@50: 0.0032    map@5: 0.0245    map@10: 0.0277    map@20: 0.0299    map@50: 0.0317    
Fri 08 May 2026 04:13:42 INFO test result: 
recall@5: 0.0446    recall@10: 0.0688    recall@20: 0.1005    recall@50: 0.1565    ndcg@5: 0.0296    ndcg@10: 0.0375    ndcg@20: 0.0456    ndcg@50: 0.0568    precision@5: 0.0092    precision@10: 0.0072    precision@20: 0.0052    precision@50: 0.0033    map@5: 0.0245    map@10: 0.0277    map@20: 0.0299    map@50: 0.0317    
Fri 08 May 2026 04:13:59 INFO epoch 151 training [time: 17.09s, train loss: 4.7932]
Fri 08 May 2026 04:14:05 INFO epoch 151 evaluating [time: 3.12s, valid_score: 0.070100]
Fri 08 May 2026 04:14:05 INFO valid result: 
recall@5: 0.0452    recall@10: 0.0701    recall@20: 0.1007    recall@50: 0.1574    ndcg@5: 0.0296    ndcg@10: 0.0377    ndcg@20: 0.0454    ndcg@50: 0.0567    precision@5: 0.0092    precision@10: 0.0071    precision@20: 0.0051    precision@50: 0.0032    map@5: 0.0245    map@10: 0.0277    map@20: 0.0298    map@50: 0.0316    
Fri 08 May 2026 04:14:05 INFO test result: 
recall@5: 0.0453    recall@10: 0.0693    recall@20: 0.1014    recall@50: 0.1571    ndcg@5: 0.0299    ndcg@10: 0.0377    ndcg@20: 0.0458    ndcg@50: 0.0570    precision@5: 0.0094    precision@10: 0.0072    precision@20: 0.0053    precision@50: 0.0033    map@5: 0.0246    map@10: 0.0278    map@20: 0.0300    map@50: 0.0317    
Fri 08 May 2026 04:14:05 INFO ██ PA2PD--Best validation results updated!!!
Fri 08 May 2026 04:14:22 INFO epoch 152 training [time: 17.10s, train loss: 4.7564]
Fri 08 May 2026 04:14:28 INFO epoch 152 evaluating [time: 3.15s, valid_score: 0.070300]
Fri 08 May 2026 04:14:28 INFO valid result: 
recall@5: 0.0450    recall@10: 0.0703    recall@20: 0.1013    recall@50: 0.1577    ndcg@5: 0.0298    ndcg@10: 0.0379    ndcg@20: 0.0458    ndcg@50: 0.0570    precision@5: 0.0091    precision@10: 0.0071    precision@20: 0.0051    precision@50: 0.0032    map@5: 0.0247    map@10: 0.0280    map@20: 0.0302    map@50: 0.0319    
Fri 08 May 2026 04:14:28 INFO test result: 
recall@5: 0.0457    recall@10: 0.0691    recall@20: 0.1010    recall@50: 0.1570    ndcg@5: 0.0300    ndcg@10: 0.0377    ndcg@20: 0.0458    ndcg@50: 0.0569    precision@5: 0.0095    precision@10: 0.0072    precision@20: 0.0053    precision@50: 0.0033    map@5: 0.0246    map@10: 0.0278    map@20: 0.0300    map@50: 0.0317    
Fri 08 May 2026 04:14:28 INFO ██ PA2PD--Best validation results updated!!!
Fri 08 May 2026 04:14:45 INFO epoch 153 training [time: 17.08s, train loss: 4.7412]
Fri 08 May 2026 04:14:52 INFO epoch 153 evaluating [time: 3.05s, valid_score: 0.069900]
Fri 08 May 2026 04:14:52 INFO valid result: 
recall@5: 0.0447    recall@10: 0.0699    recall@20: 0.1012    recall@50: 0.1572    ndcg@5: 0.0296    ndcg@10: 0.0378    ndcg@20: 0.0457    ndcg@50: 0.0568    precision@5: 0.0090    precision@10: 0.0071    precision@20: 0.0051    precision@50: 0.0032    map@5: 0.0246    map@10: 0.0280    map@20: 0.0301    map@50: 0.0319    
Fri 08 May 2026 04:14:52 INFO test result: 
recall@5: 0.0454    recall@10: 0.0687    recall@20: 0.1007    recall@50: 0.1575    ndcg@5: 0.0299    ndcg@10: 0.0374    ndcg@20: 0.0456    ndcg@50: 0.0569    precision@5: 0.0094    precision@10: 0.0071    precision@20: 0.0052    precision@50: 0.0033    map@5: 0.0245    map@10: 0.0276    map@20: 0.0298    map@50: 0.0316    
Fri 08 May 2026 04:15:09 INFO epoch 154 training [time: 17.08s, train loss: 4.7174]
Fri 08 May 2026 04:15:15 INFO epoch 154 evaluating [time: 3.05s, valid_score: 0.070000]
Fri 08 May 2026 04:15:15 INFO valid result: 
recall@5: 0.0452    recall@10: 0.0700    recall@20: 0.1009    recall@50: 0.1573    ndcg@5: 0.0299    ndcg@10: 0.0379    ndcg@20: 0.0457    ndcg@50: 0.0569    precision@5: 0.0091    precision@10: 0.0071    precision@20: 0.0051    precision@50: 0.0032    map@5: 0.0248    map@10: 0.0281    map@20: 0.0302    map@50: 0.0320    
Fri 08 May 2026 04:15:15 INFO test result: 
recall@5: 0.0450    recall@10: 0.0691    recall@20: 0.1007    recall@50: 0.1575    ndcg@5: 0.0298    ndcg@10: 0.0376    ndcg@20: 0.0457    ndcg@50: 0.0570    precision@5: 0.0093    precision@10: 0.0072    precision@20: 0.0052    precision@50: 0.0033    map@5: 0.0245    map@10: 0.0277    map@20: 0.0299    map@50: 0.0317    
Fri 08 May 2026 04:15:32 INFO epoch 155 training [time: 17.27s, train loss: 4.7063]
Fri 08 May 2026 04:15:38 INFO epoch 155 evaluating [time: 3.03s, valid_score: 0.070300]
Fri 08 May 2026 04:15:38 INFO valid result: 
recall@5: 0.0457    recall@10: 0.0703    recall@20: 0.1008    recall@50: 0.1582    ndcg@5: 0.0299    ndcg@10: 0.0378    ndcg@20: 0.0455    ndcg@50: 0.0569    precision@5: 0.0092    precision@10: 0.0071    precision@20: 0.0051    precision@50: 0.0032    map@5: 0.0247    map@10: 0.0279    map@20: 0.0300    map@50: 0.0318    
Fri 08 May 2026 04:15:38 INFO test result: 
recall@5: 0.0451    recall@10: 0.0694    recall@20: 0.1007    recall@50: 0.1577    ndcg@5: 0.0298    ndcg@10: 0.0377    ndcg@20: 0.0457    ndcg@50: 0.0571    precision@5: 0.0093    precision@10: 0.0072    precision@20: 0.0052    precision@50: 0.0033    map@5: 0.0245    map@10: 0.0278    map@20: 0.0299    map@50: 0.0317    
Fri 08 May 2026 04:15:55 INFO epoch 156 training [time: 17.09s, train loss: 4.7078]
Fri 08 May 2026 04:16:01 INFO epoch 156 evaluating [time: 3.12s, valid_score: 0.070400]
Fri 08 May 2026 04:16:01 INFO valid result: 
recall@5: 0.0450    recall@10: 0.0704    recall@20: 0.1011    recall@50: 0.1580    ndcg@5: 0.0297    ndcg@10: 0.0380    ndcg@20: 0.0457    ndcg@50: 0.0570    precision@5: 0.0091    precision@10: 0.0071    precision@20: 0.0051    precision@50: 0.0032    map@5: 0.0247    map@10: 0.0280    map@20: 0.0301    map@50: 0.0319    
Fri 08 May 2026 04:16:01 INFO test result: 
recall@5: 0.0452    recall@10: 0.0696    recall@20: 0.1009    recall@50: 0.1575    ndcg@5: 0.0298    ndcg@10: 0.0378    ndcg@20: 0.0457    ndcg@50: 0.0571    precision@5: 0.0094    precision@10: 0.0072    precision@20: 0.0053    precision@50: 0.0033    map@5: 0.0246    map@10: 0.0278    map@20: 0.0299    map@50: 0.0318    
Fri 08 May 2026 04:16:01 INFO ██ PA2PD--Best validation results updated!!!
Fri 08 May 2026 04:16:18 INFO epoch 157 training [time: 17.09s, train loss: 4.6858]
Fri 08 May 2026 04:16:25 INFO epoch 157 evaluating [time: 3.14s, valid_score: 0.069700]
Fri 08 May 2026 04:16:25 INFO valid result: 
recall@5: 0.0450    recall@10: 0.0697    recall@20: 0.1016    recall@50: 0.1578    ndcg@5: 0.0295    ndcg@10: 0.0375    ndcg@20: 0.0456    ndcg@50: 0.0567    precision@5: 0.0091    precision@10: 0.0071    precision@20: 0.0052    precision@50: 0.0032    map@5: 0.0244    map@10: 0.0276    map@20: 0.0298    map@50: 0.0316    
Fri 08 May 2026 04:16:25 INFO test result: 
recall@5: 0.0451    recall@10: 0.0693    recall@20: 0.1012    recall@50: 0.1578    ndcg@5: 0.0297    ndcg@10: 0.0375    ndcg@20: 0.0456    ndcg@50: 0.0569    precision@5: 0.0094    precision@10: 0.0072    precision@20: 0.0053    precision@50: 0.0033    map@5: 0.0243    map@10: 0.0276    map@20: 0.0298    map@50: 0.0316    
Fri 08 May 2026 04:16:42 INFO epoch 158 training [time: 17.10s, train loss: 4.6786]
Fri 08 May 2026 04:16:48 INFO epoch 158 evaluating [time: 3.00s, valid_score: 0.070400]
Fri 08 May 2026 04:16:48 INFO valid result: 
recall@5: 0.0453    recall@10: 0.0704    recall@20: 0.1009    recall@50: 0.1575    ndcg@5: 0.0298    ndcg@10: 0.0378    ndcg@20: 0.0456    ndcg@50: 0.0568    precision@5: 0.0092    precision@10: 0.0071    precision@20: 0.0051    precision@50: 0.0032    map@5: 0.0246    map@10: 0.0279    map@20: 0.0300    map@50: 0.0318    
Fri 08 May 2026 04:16:48 INFO test result: 
recall@5: 0.0451    recall@10: 0.0689    recall@20: 0.1012    recall@50: 0.1578    ndcg@5: 0.0298    ndcg@10: 0.0375    ndcg@20: 0.0457    ndcg@50: 0.0570    precision@5: 0.0094    precision@10: 0.0072    precision@20: 0.0053    precision@50: 0.0033    map@5: 0.0245    map@10: 0.0277    map@20: 0.0299    map@50: 0.0317    
Fri 08 May 2026 04:17:05 INFO epoch 159 training [time: 17.10s, train loss: 4.6616]
Fri 08 May 2026 04:17:11 INFO epoch 159 evaluating [time: 3.01s, valid_score: 0.070000]
Fri 08 May 2026 04:17:11 INFO valid result: 
recall@5: 0.0455    recall@10: 0.0700    recall@20: 0.1008    recall@50: 0.1576    ndcg@5: 0.0298    ndcg@10: 0.0377    ndcg@20: 0.0455    ndcg@50: 0.0568    precision@5: 0.0092    precision@10: 0.0071    precision@20: 0.0051    precision@50: 0.0032    map@5: 0.0246    map@10: 0.0279    map@20: 0.0300    map@50: 0.0318    
Fri 08 May 2026 04:17:11 INFO test result: 
recall@5: 0.0453    recall@10: 0.0692    recall@20: 0.1007    recall@50: 0.1574    ndcg@5: 0.0298    ndcg@10: 0.0376    ndcg@20: 0.0456    ndcg@50: 0.0569    precision@5: 0.0094    precision@10: 0.0072    precision@20: 0.0052    precision@50: 0.0033    map@5: 0.0245    map@10: 0.0276    map@20: 0.0298    map@50: 0.0316    
Fri 08 May 2026 04:17:28 INFO epoch 160 training [time: 17.26s, train loss: 4.6545]
Fri 08 May 2026 04:17:34 INFO epoch 160 evaluating [time: 3.03s, valid_score: 0.069800]
Fri 08 May 2026 04:17:34 INFO valid result: 
recall@5: 0.0451    recall@10: 0.0698    recall@20: 0.1010    recall@50: 0.1580    ndcg@5: 0.0297    ndcg@10: 0.0376    ndcg@20: 0.0455    ndcg@50: 0.0569    precision@5: 0.0091    precision@10: 0.0071    precision@20: 0.0051    precision@50: 0.0032    map@5: 0.0245    map@10: 0.0278    map@20: 0.0299    map@50: 0.0317    
Fri 08 May 2026 04:17:34 INFO test result: 
recall@5: 0.0454    recall@10: 0.0689    recall@20: 0.1014    recall@50: 0.1578    ndcg@5: 0.0300    ndcg@10: 0.0376    ndcg@20: 0.0458    ndcg@50: 0.0571    precision@5: 0.0094    precision@10: 0.0072    precision@20: 0.0053    precision@50: 0.0033    map@5: 0.0246    map@10: 0.0277    map@20: 0.0300    map@50: 0.0318    
Fri 08 May 2026 04:17:51 INFO epoch 161 training [time: 17.09s, train loss: 4.6596]
Fri 08 May 2026 04:17:58 INFO epoch 161 evaluating [time: 3.20s, valid_score: 0.069800]
Fri 08 May 2026 04:17:58 INFO valid result: 
recall@5: 0.0455    recall@10: 0.0698    recall@20: 0.1013    recall@50: 0.1581    ndcg@5: 0.0298    ndcg@10: 0.0377    ndcg@20: 0.0456    ndcg@50: 0.0569    precision@5: 0.0092    precision@10: 0.0071    precision@20: 0.0051    precision@50: 0.0032    map@5: 0.0246    map@10: 0.0278    map@20: 0.0300    map@50: 0.0318    
Fri 08 May 2026 04:17:58 INFO test result: 
recall@5: 0.0448    recall@10: 0.0693    recall@20: 0.1010    recall@50: 0.1575    ndcg@5: 0.0296    ndcg@10: 0.0376    ndcg@20: 0.0456    ndcg@50: 0.0569    precision@5: 0.0093    precision@10: 0.0072    precision@20: 0.0053    precision@50: 0.0033    map@5: 0.0243    map@10: 0.0276    map@20: 0.0298    map@50: 0.0316    
Fri 08 May 2026 04:18:15 INFO epoch 162 training [time: 17.10s, train loss: 4.6427]
Fri 08 May 2026 04:18:21 INFO epoch 162 evaluating [time: 3.04s, valid_score: 0.070600]
Fri 08 May 2026 04:18:21 INFO valid result: 
recall@5: 0.0454    recall@10: 0.0706    recall@20: 0.1014    recall@50: 0.1577    ndcg@5: 0.0299    ndcg@10: 0.0380    ndcg@20: 0.0458    ndcg@50: 0.0570    precision@5: 0.0092    precision@10: 0.0072    precision@20: 0.0051    precision@50: 0.0032    map@5: 0.0247    map@10: 0.0280    map@20: 0.0301    map@50: 0.0319    
Fri 08 May 2026 04:18:21 INFO test result: 
recall@5: 0.0453    recall@10: 0.0689    recall@20: 0.1011    recall@50: 0.1574    ndcg@5: 0.0299    ndcg@10: 0.0376    ndcg@20: 0.0458    ndcg@50: 0.0570    precision@5: 0.0094    precision@10: 0.0072    precision@20: 0.0053    precision@50: 0.0033    map@5: 0.0246    map@10: 0.0277    map@20: 0.0299    map@50: 0.0317    
Fri 08 May 2026 04:18:21 INFO ██ PA2PD--Best validation results updated!!!
Fri 08 May 2026 04:18:38 INFO epoch 163 training [time: 17.11s, train loss: 4.6430]
Fri 08 May 2026 04:18:44 INFO epoch 163 evaluating [time: 3.04s, valid_score: 0.070400]
Fri 08 May 2026 04:18:44 INFO valid result: 
recall@5: 0.0450    recall@10: 0.0704    recall@20: 0.1018    recall@50: 0.1582    ndcg@5: 0.0297    ndcg@10: 0.0379    ndcg@20: 0.0459    ndcg@50: 0.0571    precision@5: 0.0091    precision@10: 0.0071    precision@20: 0.0052    precision@50: 0.0032    map@5: 0.0246    map@10: 0.0280    map@20: 0.0301    map@50: 0.0319    
Fri 08 May 2026 04:18:44 INFO test result: 
recall@5: 0.0454    recall@10: 0.0690    recall@20: 0.1013    recall@50: 0.1578    ndcg@5: 0.0300    ndcg@10: 0.0377    ndcg@20: 0.0459    ndcg@50: 0.0572    precision@5: 0.0094    precision@10: 0.0072    precision@20: 0.0053    precision@50: 0.0033    map@5: 0.0247    map@10: 0.0278    map@20: 0.0300    map@50: 0.0318    
Fri 08 May 2026 04:19:01 INFO epoch 164 training [time: 17.10s, train loss: 4.6138]
Fri 08 May 2026 04:19:07 INFO epoch 164 evaluating [time: 2.99s, valid_score: 0.069800]
Fri 08 May 2026 04:19:07 INFO valid result: 
recall@5: 0.0453    recall@10: 0.0698    recall@20: 0.1022    recall@50: 0.1582    ndcg@5: 0.0299    ndcg@10: 0.0378    ndcg@20: 0.0460    ndcg@50: 0.0571    precision@5: 0.0092    precision@10: 0.0071    precision@20: 0.0052    precision@50: 0.0032    map@5: 0.0247    map@10: 0.0279    map@20: 0.0302    map@50: 0.0319    
Fri 08 May 2026 04:19:07 INFO test result: 
recall@5: 0.0451    recall@10: 0.0690    recall@20: 0.1011    recall@50: 0.1578    ndcg@5: 0.0297    ndcg@10: 0.0375    ndcg@20: 0.0457    ndcg@50: 0.0570    precision@5: 0.0094    precision@10: 0.0072    precision@20: 0.0053    precision@50: 0.0033    map@5: 0.0244    map@10: 0.0276    map@20: 0.0298    map@50: 0.0316    
Fri 08 May 2026 04:19:25 INFO epoch 165 training [time: 17.25s, train loss: 4.5978]
Fri 08 May 2026 04:19:31 INFO epoch 165 evaluating [time: 3.01s, valid_score: 0.069800]
Fri 08 May 2026 04:19:31 INFO valid result: 
recall@5: 0.0451    recall@10: 0.0698    recall@20: 0.1014    recall@50: 0.1580    ndcg@5: 0.0299    ndcg@10: 0.0378    ndcg@20: 0.0458    ndcg@50: 0.0571    precision@5: 0.0091    precision@10: 0.0071    precision@20: 0.0051    precision@50: 0.0032    map@5: 0.0248    map@10: 0.0281    map@20: 0.0302    map@50: 0.0320    
Fri 08 May 2026 04:19:31 INFO test result: 
recall@5: 0.0455    recall@10: 0.0693    recall@20: 0.1015    recall@50: 0.1574    ndcg@5: 0.0300    ndcg@10: 0.0377    ndcg@20: 0.0459    ndcg@50: 0.0571    precision@5: 0.0094    precision@10: 0.0072    precision@20: 0.0053    precision@50: 0.0033    map@5: 0.0246    map@10: 0.0278    map@20: 0.0300    map@50: 0.0318    
Fri 08 May 2026 04:19:48 INFO epoch 166 training [time: 17.10s, train loss: 4.5958]
Fri 08 May 2026 04:19:54 INFO epoch 166 evaluating [time: 3.17s, valid_score: 0.069600]
Fri 08 May 2026 04:19:54 INFO valid result: 
recall@5: 0.0451    recall@10: 0.0696    recall@20: 0.1019    recall@50: 0.1587    ndcg@5: 0.0298    ndcg@10: 0.0377    ndcg@20: 0.0459    ndcg@50: 0.0571    precision@5: 0.0091    precision@10: 0.0070    precision@20: 0.0052    precision@50: 0.0032    map@5: 0.0247    map@10: 0.0280    map@20: 0.0302    map@50: 0.0319    
Fri 08 May 2026 04:19:54 INFO test result: 
recall@5: 0.0453    recall@10: 0.0699    recall@20: 0.1012    recall@50: 0.1578    ndcg@5: 0.0300    ndcg@10: 0.0379    ndcg@20: 0.0459    ndcg@50: 0.0572    precision@5: 0.0094    precision@10: 0.0073    precision@20: 0.0053    precision@50: 0.0033    map@5: 0.0247    map@10: 0.0279    map@20: 0.0301    map@50: 0.0319    
Fri 08 May 2026 04:20:11 INFO epoch 167 training [time: 17.08s, train loss: 4.5962]
Fri 08 May 2026 04:20:17 INFO epoch 167 evaluating [time: 3.24s, valid_score: 0.070000]
Fri 08 May 2026 04:20:17 INFO valid result: 
recall@5: 0.0453    recall@10: 0.0700    recall@20: 0.1011    recall@50: 0.1583    ndcg@5: 0.0298    ndcg@10: 0.0378    ndcg@20: 0.0456    ndcg@50: 0.0570    precision@5: 0.0092    precision@10: 0.0071    precision@20: 0.0051    precision@50: 0.0032    map@5: 0.0246    map@10: 0.0279    map@20: 0.0300    map@50: 0.0318    
Fri 08 May 2026 04:20:17 INFO test result: 
recall@5: 0.0453    recall@10: 0.0697    recall@20: 0.1022    recall@50: 0.1570    ndcg@5: 0.0299    ndcg@10: 0.0378    ndcg@20: 0.0460    ndcg@50: 0.0570    precision@5: 0.0094    precision@10: 0.0072    precision@20: 0.0053    precision@50: 0.0033    map@5: 0.0246    map@10: 0.0277    map@20: 0.0300    map@50: 0.0317    
Fri 08 May 2026 04:20:34 INFO epoch 168 training [time: 17.09s, train loss: 4.5846]
Fri 08 May 2026 04:20:40 INFO epoch 168 evaluating [time: 2.97s, valid_score: 0.069800]
Fri 08 May 2026 04:20:40 INFO valid result: 
recall@5: 0.0448    recall@10: 0.0698    recall@20: 0.1023    recall@50: 0.1586    ndcg@5: 0.0297    ndcg@10: 0.0377    ndcg@20: 0.0459    ndcg@50: 0.0571    precision@5: 0.0091    precision@10: 0.0071    precision@20: 0.0052    precision@50: 0.0032    map@5: 0.0246    map@10: 0.0279    map@20: 0.0301    map@50: 0.0319    
Fri 08 May 2026 04:20:40 INFO test result: 
recall@5: 0.0456    recall@10: 0.0690    recall@20: 0.1018    recall@50: 0.1575    ndcg@5: 0.0299    ndcg@10: 0.0375    ndcg@20: 0.0459    ndcg@50: 0.0570    precision@5: 0.0095    precision@10: 0.0072    precision@20: 0.0053    precision@50: 0.0033    map@5: 0.0245    map@10: 0.0276    map@20: 0.0299    map@50: 0.0317    
Fri 08 May 2026 04:20:58 INFO epoch 169 training [time: 17.10s, train loss: 4.5422]
Fri 08 May 2026 04:21:04 INFO epoch 169 evaluating [time: 3.03s, valid_score: 0.070100]
Fri 08 May 2026 04:21:04 INFO valid result: 
recall@5: 0.0451    recall@10: 0.0701    recall@20: 0.1015    recall@50: 0.1586    ndcg@5: 0.0300    ndcg@10: 0.0381    ndcg@20: 0.0460    ndcg@50: 0.0573    precision@5: 0.0091    precision@10: 0.0071    precision@20: 0.0052    precision@50: 0.0032    map@5: 0.0249    map@10: 0.0282    map@20: 0.0304    map@50: 0.0322    
Fri 08 May 2026 04:21:04 INFO test result: 
recall@5: 0.0453    recall@10: 0.0692    recall@20: 0.1016    recall@50: 0.1582    ndcg@5: 0.0300    ndcg@10: 0.0378    ndcg@20: 0.0460    ndcg@50: 0.0574    precision@5: 0.0094    precision@10: 0.0072    precision@20: 0.0053    precision@50: 0.0033    map@5: 0.0248    map@10: 0.0280    map@20: 0.0302    map@50: 0.0320    
Fri 08 May 2026 04:21:21 INFO epoch 170 training [time: 17.22s, train loss: 4.5507]
Fri 08 May 2026 04:21:27 INFO epoch 170 evaluating [time: 3.04s, valid_score: 0.069700]
Fri 08 May 2026 04:21:27 INFO valid result: 
recall@5: 0.0450    recall@10: 0.0697    recall@20: 0.1012    recall@50: 0.1579    ndcg@5: 0.0298    ndcg@10: 0.0378    ndcg@20: 0.0457    ndcg@50: 0.0570    precision@5: 0.0091    precision@10: 0.0071    precision@20: 0.0051    precision@50: 0.0032    map@5: 0.0247    map@10: 0.0280    map@20: 0.0301    map@50: 0.0319    
Fri 08 May 2026 04:21:27 INFO test result: 
recall@5: 0.0450    recall@10: 0.0688    recall@20: 0.1012    recall@50: 0.1573    ndcg@5: 0.0299    ndcg@10: 0.0376    ndcg@20: 0.0459    ndcg@50: 0.0571    precision@5: 0.0093    precision@10: 0.0072    precision@20: 0.0053    precision@50: 0.0033    map@5: 0.0246    map@10: 0.0278    map@20: 0.0300    map@50: 0.0318    
Fri 08 May 2026 04:21:44 INFO epoch 171 training [time: 17.11s, train loss: 4.5389]
Fri 08 May 2026 04:21:50 INFO epoch 171 evaluating [time: 3.13s, valid_score: 0.069700]
Fri 08 May 2026 04:21:50 INFO valid result: 
recall@5: 0.0454    recall@10: 0.0697    recall@20: 0.1018    recall@50: 0.1583    ndcg@5: 0.0299    ndcg@10: 0.0378    ndcg@20: 0.0459    ndcg@50: 0.0571    precision@5: 0.0092    precision@10: 0.0071    precision@20: 0.0052    precision@50: 0.0032    map@5: 0.0248    map@10: 0.0280    map@20: 0.0302    map@50: 0.0320    
Fri 08 May 2026 04:21:50 INFO test result: 
recall@5: 0.0449    recall@10: 0.0694    recall@20: 0.1026    recall@50: 0.1571    ndcg@5: 0.0298    ndcg@10: 0.0378    ndcg@20: 0.0462    ndcg@50: 0.0571    precision@5: 0.0093    precision@10: 0.0072    precision@20: 0.0053    precision@50: 0.0033    map@5: 0.0246    map@10: 0.0279    map@20: 0.0302    map@50: 0.0319    
Fri 08 May 2026 04:22:07 INFO epoch 172 training [time: 17.08s, train loss: 4.5204]
Fri 08 May 2026 04:22:14 INFO epoch 172 evaluating [time: 3.22s, valid_score: 0.070100]
Fri 08 May 2026 04:22:14 INFO valid result: 
recall@5: 0.0447    recall@10: 0.0701    recall@20: 0.1017    recall@50: 0.1581    ndcg@5: 0.0296    ndcg@10: 0.0378    ndcg@20: 0.0458    ndcg@50: 0.0570    precision@5: 0.0090    precision@10: 0.0071    precision@20: 0.0052    precision@50: 0.0032    map@5: 0.0245    map@10: 0.0279    map@20: 0.0301    map@50: 0.0319    
Fri 08 May 2026 04:22:14 INFO test result: 
recall@5: 0.0451    recall@10: 0.0697    recall@20: 0.1023    recall@50: 0.1570    ndcg@5: 0.0300    ndcg@10: 0.0380    ndcg@20: 0.0462    ndcg@50: 0.0572    precision@5: 0.0094    precision@10: 0.0072    precision@20: 0.0053    precision@50: 0.0033    map@5: 0.0248    map@10: 0.0280    map@20: 0.0302    map@50: 0.0320    
Fri 08 May 2026 04:22:31 INFO epoch 173 training [time: 17.16s, train loss: 4.5295]
Fri 08 May 2026 04:22:37 INFO epoch 173 evaluating [time: 3.11s, valid_score: 0.070000]
Fri 08 May 2026 04:22:37 INFO valid result: 
recall@5: 0.0449    recall@10: 0.0700    recall@20: 0.1022    recall@50: 0.1582    ndcg@5: 0.0299    ndcg@10: 0.0380    ndcg@20: 0.0461    ndcg@50: 0.0573    precision@5: 0.0091    precision@10: 0.0071    precision@20: 0.0052    precision@50: 0.0032    map@5: 0.0249    map@10: 0.0282    map@20: 0.0304    map@50: 0.0322    
Fri 08 May 2026 04:22:37 INFO test result: 
recall@5: 0.0449    recall@10: 0.0697    recall@20: 0.1029    recall@50: 0.1574    ndcg@5: 0.0298    ndcg@10: 0.0379    ndcg@20: 0.0463    ndcg@50: 0.0572    precision@5: 0.0093    precision@10: 0.0072    precision@20: 0.0054    precision@50: 0.0033    map@5: 0.0246    map@10: 0.0279    map@20: 0.0302    map@50: 0.0319    
Fri 08 May 2026 04:22:54 INFO epoch 174 training [time: 17.09s, train loss: 4.5211]
Fri 08 May 2026 04:23:00 INFO epoch 174 evaluating [time: 3.10s, valid_score: 0.070400]
Fri 08 May 2026 04:23:00 INFO valid result: 
recall@5: 0.0446    recall@10: 0.0704    recall@20: 0.1022    recall@50: 0.1579    ndcg@5: 0.0296    ndcg@10: 0.0379    ndcg@20: 0.0460    ndcg@50: 0.0570    precision@5: 0.0090    precision@10: 0.0071    precision@20: 0.0052    precision@50: 0.0032    map@5: 0.0246    map@10: 0.0280    map@20: 0.0302    map@50: 0.0320    
Fri 08 May 2026 04:23:00 INFO test result: 
recall@5: 0.0455    recall@10: 0.0696    recall@20: 0.1019    recall@50: 0.1575    ndcg@5: 0.0299    ndcg@10: 0.0377    ndcg@20: 0.0459    ndcg@50: 0.0570    precision@5: 0.0094    precision@10: 0.0072    precision@20: 0.0053    precision@50: 0.0033    map@5: 0.0245    map@10: 0.0277    map@20: 0.0299    map@50: 0.0317    
Fri 08 May 2026 04:23:17 INFO epoch 175 training [time: 17.26s, train loss: 4.5138]
Fri 08 May 2026 04:23:23 INFO epoch 175 evaluating [time: 3.02s, valid_score: 0.070700]
Fri 08 May 2026 04:23:23 INFO valid result: 
recall@5: 0.0452    recall@10: 0.0707    recall@20: 0.1022    recall@50: 0.1587    ndcg@5: 0.0300    ndcg@10: 0.0382    ndcg@20: 0.0462    ndcg@50: 0.0574    precision@5: 0.0092    precision@10: 0.0072    precision@20: 0.0052    precision@50: 0.0032    map@5: 0.0250    map@10: 0.0283    map@20: 0.0305    map@50: 0.0323    
Fri 08 May 2026 04:23:23 INFO test result: 
recall@5: 0.0449    recall@10: 0.0696    recall@20: 0.1022    recall@50: 0.1574    ndcg@5: 0.0297    ndcg@10: 0.0377    ndcg@20: 0.0460    ndcg@50: 0.0570    precision@5: 0.0093    precision@10: 0.0072    precision@20: 0.0053    precision@50: 0.0033    map@5: 0.0244    map@10: 0.0277    map@20: 0.0300    map@50: 0.0317    
Fri 08 May 2026 04:23:23 INFO ██ PA2PD--Best validation results updated!!!
Fri 08 May 2026 04:23:41 INFO epoch 176 training [time: 17.12s, train loss: 4.4752]
Fri 08 May 2026 04:23:47 INFO epoch 176 evaluating [time: 3.15s, valid_score: 0.070500]
Fri 08 May 2026 04:23:47 INFO valid result: 
recall@5: 0.0451    recall@10: 0.0705    recall@20: 0.1018    recall@50: 0.1584    ndcg@5: 0.0299    ndcg@10: 0.0381    ndcg@20: 0.0460    ndcg@50: 0.0572    precision@5: 0.0091    precision@10: 0.0071    precision@20: 0.0052    precision@50: 0.0032    map@5: 0.0249    map@10: 0.0282    map@20: 0.0303    map@50: 0.0321    
Fri 08 May 2026 04:23:47 INFO test result: 
recall@5: 0.0452    recall@10: 0.0697    recall@20: 0.1015    recall@50: 0.1580    ndcg@5: 0.0298    ndcg@10: 0.0378    ndcg@20: 0.0458    ndcg@50: 0.0571    precision@5: 0.0094    precision@10: 0.0072    precision@20: 0.0053    precision@50: 0.0033    map@5: 0.0245    map@10: 0.0278    map@20: 0.0300    map@50: 0.0318    
Fri 08 May 2026 04:24:04 INFO epoch 177 training [time: 17.10s, train loss: 4.4758]
Fri 08 May 2026 04:24:10 INFO epoch 177 evaluating [time: 3.07s, valid_score: 0.070600]
Fri 08 May 2026 04:24:10 INFO valid result: 
recall@5: 0.0455    recall@10: 0.0706    recall@20: 0.1018    recall@50: 0.1586    ndcg@5: 0.0300    ndcg@10: 0.0381    ndcg@20: 0.0460    ndcg@50: 0.0573    precision@5: 0.0092    precision@10: 0.0071    precision@20: 0.0052    precision@50: 0.0032    map@5: 0.0249    map@10: 0.0282    map@20: 0.0303    map@50: 0.0321    
Fri 08 May 2026 04:24:10 INFO test result: 
recall@5: 0.0450    recall@10: 0.0689    recall@20: 0.1015    recall@50: 0.1574    ndcg@5: 0.0297    ndcg@10: 0.0375    ndcg@20: 0.0458    ndcg@50: 0.0570    precision@5: 0.0093    precision@10: 0.0072    precision@20: 0.0053    precision@50: 0.0033    map@5: 0.0245    map@10: 0.0277    map@20: 0.0299    map@50: 0.0317    
Fri 08 May 2026 04:24:27 INFO epoch 178 training [time: 17.12s, train loss: 4.4673]
Fri 08 May 2026 04:24:34 INFO epoch 178 evaluating [time: 3.13s, valid_score: 0.071200]
Fri 08 May 2026 04:24:34 INFO valid result: 
recall@5: 0.0457    recall@10: 0.0712    recall@20: 0.1019    recall@50: 0.1587    ndcg@5: 0.0302    ndcg@10: 0.0384    ndcg@20: 0.0461    ndcg@50: 0.0574    precision@5: 0.0092    precision@10: 0.0072    precision@20: 0.0052    precision@50: 0.0032    map@5: 0.0250    map@10: 0.0283    map@20: 0.0304    map@50: 0.0322    
Fri 08 May 2026 04:24:34 INFO test result: 
recall@5: 0.0451    recall@10: 0.0700    recall@20: 0.1029    recall@50: 0.1582    ndcg@5: 0.0298    ndcg@10: 0.0379    ndcg@20: 0.0463    ndcg@50: 0.0573    precision@5: 0.0094    precision@10: 0.0073    precision@20: 0.0054    precision@50: 0.0033    map@5: 0.0246    map@10: 0.0279    map@20: 0.0301    map@50: 0.0319    
Fri 08 May 2026 04:24:34 INFO ██ PA2PD--Best validation results updated!!!
Fri 08 May 2026 04:24:51 INFO epoch 179 training [time: 17.09s, train loss: 4.4775]
Fri 08 May 2026 04:24:57 INFO epoch 179 evaluating [time: 3.05s, valid_score: 0.071200]
Fri 08 May 2026 04:24:57 INFO valid result: 
recall@5: 0.0455    recall@10: 0.0712    recall@20: 0.1024    recall@50: 0.1589    ndcg@5: 0.0300    ndcg@10: 0.0382    ndcg@20: 0.0461    ndcg@50: 0.0573    precision@5: 0.0092    precision@10: 0.0072    precision@20: 0.0052    precision@50: 0.0032    map@5: 0.0248    map@10: 0.0282    map@20: 0.0303    map@50: 0.0321    
Fri 08 May 2026 04:24:57 INFO test result: 
recall@5: 0.0453    recall@10: 0.0698    recall@20: 0.1025    recall@50: 0.1581    ndcg@5: 0.0301    ndcg@10: 0.0380    ndcg@20: 0.0463    ndcg@50: 0.0574    precision@5: 0.0094    precision@10: 0.0073    precision@20: 0.0053    precision@50: 0.0033    map@5: 0.0248    map@10: 0.0280    map@20: 0.0302    map@50: 0.0320    
Fri 08 May 2026 04:25:14 INFO epoch 180 training [time: 17.25s, train loss: 4.4578]
Fri 08 May 2026 04:25:20 INFO epoch 180 evaluating [time: 3.04s, valid_score: 0.070800]
Fri 08 May 2026 04:25:20 INFO valid result: 
recall@5: 0.0451    recall@10: 0.0708    recall@20: 0.1022    recall@50: 0.1587    ndcg@5: 0.0298    ndcg@10: 0.0380    ndcg@20: 0.0460    ndcg@50: 0.0572    precision@5: 0.0091    precision@10: 0.0072    precision@20: 0.0052    precision@50: 0.0032    map@5: 0.0246    map@10: 0.0280    map@20: 0.0302    map@50: 0.0320    
Fri 08 May 2026 04:25:20 INFO test result: 
recall@5: 0.0450    recall@10: 0.0694    recall@20: 0.1023    recall@50: 0.1582    ndcg@5: 0.0297    ndcg@10: 0.0377    ndcg@20: 0.0461    ndcg@50: 0.0573    precision@5: 0.0093    precision@10: 0.0072    precision@20: 0.0053    precision@50: 0.0033    map@5: 0.0245    map@10: 0.0277    map@20: 0.0300    map@50: 0.0318    
Fri 08 May 2026 04:25:37 INFO epoch 181 training [time: 17.10s, train loss: 4.4374]
Fri 08 May 2026 04:25:43 INFO epoch 181 evaluating [time: 3.15s, valid_score: 0.070700]
Fri 08 May 2026 04:25:43 INFO valid result: 
recall@5: 0.0454    recall@10: 0.0707    recall@20: 0.1022    recall@50: 0.1580    ndcg@5: 0.0299    ndcg@10: 0.0380    ndcg@20: 0.0460    ndcg@50: 0.0571    precision@5: 0.0092    precision@10: 0.0072    precision@20: 0.0052    precision@50: 0.0032    map@5: 0.0248    map@10: 0.0281    map@20: 0.0302    map@50: 0.0320    
Fri 08 May 2026 04:25:43 INFO test result: 
recall@5: 0.0456    recall@10: 0.0699    recall@20: 0.1028    recall@50: 0.1583    ndcg@5: 0.0300    ndcg@10: 0.0379    ndcg@20: 0.0463    ndcg@50: 0.0574    precision@5: 0.0095    precision@10: 0.0073    precision@20: 0.0054    precision@50: 0.0033    map@5: 0.0247    map@10: 0.0279    map@20: 0.0301    map@50: 0.0319    
Fri 08 May 2026 04:26:00 INFO epoch 182 training [time: 17.08s, train loss: 4.4514]
Fri 08 May 2026 04:26:07 INFO epoch 182 evaluating [time: 3.23s, valid_score: 0.070800]
Fri 08 May 2026 04:26:07 INFO valid result: 
recall@5: 0.0451    recall@10: 0.0708    recall@20: 0.1022    recall@50: 0.1583    ndcg@5: 0.0299    ndcg@10: 0.0382    ndcg@20: 0.0461    ndcg@50: 0.0572    precision@5: 0.0091    precision@10: 0.0072    precision@20: 0.0052    precision@50: 0.0032    map@5: 0.0248    map@10: 0.0281    map@20: 0.0303    map@50: 0.0321    
Fri 08 May 2026 04:26:07 INFO test result: 
recall@5: 0.0449    recall@10: 0.0697    recall@20: 0.1027    recall@50: 0.1581    ndcg@5: 0.0297    ndcg@10: 0.0378    ndcg@20: 0.0462    ndcg@50: 0.0572    precision@5: 0.0093    precision@10: 0.0072    precision@20: 0.0053    precision@50: 0.0033    map@5: 0.0244    map@10: 0.0277    map@20: 0.0300    map@50: 0.0318    
Fri 08 May 2026 04:26:24 INFO epoch 183 training [time: 17.10s, train loss: 4.4267]
Fri 08 May 2026 04:26:30 INFO epoch 183 evaluating [time: 3.03s, valid_score: 0.070900]
Fri 08 May 2026 04:26:30 INFO valid result: 
recall@5: 0.0452    recall@10: 0.0709    recall@20: 0.1025    recall@50: 0.1577    ndcg@5: 0.0300    ndcg@10: 0.0383    ndcg@20: 0.0463    ndcg@50: 0.0572    precision@5: 0.0092    precision@10: 0.0072    precision@20: 0.0052    precision@50: 0.0032    map@5: 0.0249    map@10: 0.0283    map@20: 0.0305    map@50: 0.0322    
Fri 08 May 2026 04:26:30 INFO test result: 
recall@5: 0.0455    recall@10: 0.0698    recall@20: 0.1016    recall@50: 0.1583    ndcg@5: 0.0300    ndcg@10: 0.0380    ndcg@20: 0.0461    ndcg@50: 0.0574    precision@5: 0.0094    precision@10: 0.0073    precision@20: 0.0053    precision@50: 0.0033    map@5: 0.0247    map@10: 0.0280    map@20: 0.0302    map@50: 0.0320    
Fri 08 May 2026 04:26:47 INFO epoch 184 training [time: 17.13s, train loss: 4.4107]
Fri 08 May 2026 04:26:53 INFO epoch 184 evaluating [time: 3.03s, valid_score: 0.070500]
Fri 08 May 2026 04:26:53 INFO valid result: 
recall@5: 0.0452    recall@10: 0.0705    recall@20: 0.1020    recall@50: 0.1583    ndcg@5: 0.0300    ndcg@10: 0.0382    ndcg@20: 0.0462    ndcg@50: 0.0573    precision@5: 0.0091    precision@10: 0.0071    precision@20: 0.0052    precision@50: 0.0032    map@5: 0.0250    map@10: 0.0283    map@20: 0.0305    map@50: 0.0323    
Fri 08 May 2026 04:26:53 INFO test result: 
recall@5: 0.0455    recall@10: 0.0705    recall@20: 0.1025    recall@50: 0.1580    ndcg@5: 0.0301    ndcg@10: 0.0382    ndcg@20: 0.0463    ndcg@50: 0.0574    precision@5: 0.0094    precision@10: 0.0073    precision@20: 0.0053    precision@50: 0.0033    map@5: 0.0248    map@10: 0.0281    map@20: 0.0303    map@50: 0.0321    
Fri 08 May 2026 04:27:11 INFO epoch 185 training [time: 17.27s, train loss: 4.4048]
Fri 08 May 2026 04:27:17 INFO epoch 185 evaluating [time: 2.98s, valid_score: 0.070900]
Fri 08 May 2026 04:27:17 INFO valid result: 
recall@5: 0.0452    recall@10: 0.0709    recall@20: 0.1024    recall@50: 0.1579    ndcg@5: 0.0299    ndcg@10: 0.0382    ndcg@20: 0.0462    ndcg@50: 0.0572    precision@5: 0.0092    precision@10: 0.0072    precision@20: 0.0052    precision@50: 0.0032    map@5: 0.0248    map@10: 0.0282    map@20: 0.0303    map@50: 0.0321    
Fri 08 May 2026 04:27:17 INFO test result: 
recall@5: 0.0457    recall@10: 0.0701    recall@20: 0.1023    recall@50: 0.1578    ndcg@5: 0.0301    ndcg@10: 0.0380    ndcg@20: 0.0462    ndcg@50: 0.0573    precision@5: 0.0095    precision@10: 0.0073    precision@20: 0.0053    precision@50: 0.0033    map@5: 0.0247    map@10: 0.0279    map@20: 0.0302    map@50: 0.0319    
Fri 08 May 2026 04:27:34 INFO epoch 186 training [time: 17.09s, train loss: 4.3968]
Fri 08 May 2026 04:27:40 INFO epoch 186 evaluating [time: 3.20s, valid_score: 0.070800]
Fri 08 May 2026 04:27:40 INFO valid result: 
recall@5: 0.0448    recall@10: 0.0708    recall@20: 0.1021    recall@50: 0.1578    ndcg@5: 0.0299    ndcg@10: 0.0383    ndcg@20: 0.0462    ndcg@50: 0.0573    precision@5: 0.0091    precision@10: 0.0072    precision@20: 0.0052    precision@50: 0.0032    map@5: 0.0249    map@10: 0.0284    map@20: 0.0305    map@50: 0.0323    
Fri 08 May 2026 04:27:40 INFO test result: 
recall@5: 0.0454    recall@10: 0.0702    recall@20: 0.1024    recall@50: 0.1588    ndcg@5: 0.0299    ndcg@10: 0.0380    ndcg@20: 0.0462    ndcg@50: 0.0575    precision@5: 0.0094    precision@10: 0.0073    precision@20: 0.0053    precision@50: 0.0033    map@5: 0.0246    map@10: 0.0279    map@20: 0.0301    map@50: 0.0319    
Fri 08 May 2026 04:27:57 INFO epoch 187 training [time: 17.11s, train loss: 4.4059]
Fri 08 May 2026 04:28:03 INFO epoch 187 evaluating [time: 3.21s, valid_score: 0.071100]
Fri 08 May 2026 04:28:03 INFO valid result: 
recall@5: 0.0454    recall@10: 0.0711    recall@20: 0.1019    recall@50: 0.1578    ndcg@5: 0.0299    ndcg@10: 0.0382    ndcg@20: 0.0460    ndcg@50: 0.0571    precision@5: 0.0092    precision@10: 0.0072    precision@20: 0.0052    precision@50: 0.0032    map@5: 0.0248    map@10: 0.0282    map@20: 0.0303    map@50: 0.0321    
Fri 08 May 2026 04:28:03 INFO test result: 
recall@5: 0.0455    recall@10: 0.0701    recall@20: 0.1027    recall@50: 0.1578    ndcg@5: 0.0299    ndcg@10: 0.0379    ndcg@20: 0.0462    ndcg@50: 0.0572    precision@5: 0.0094    precision@10: 0.0073    precision@20: 0.0053    precision@50: 0.0033    map@5: 0.0245    map@10: 0.0278    map@20: 0.0300    map@50: 0.0318    
Fri 08 May 2026 04:28:20 INFO epoch 188 training [time: 17.09s, train loss: 4.3763]
Fri 08 May 2026 04:28:27 INFO epoch 188 evaluating [time: 3.14s, valid_score: 0.070500]
Fri 08 May 2026 04:28:27 INFO valid result: 
recall@5: 0.0453    recall@10: 0.0705    recall@20: 0.1023    recall@50: 0.1587    ndcg@5: 0.0299    ndcg@10: 0.0380    ndcg@20: 0.0460    ndcg@50: 0.0572    precision@5: 0.0092    precision@10: 0.0071    precision@20: 0.0052    precision@50: 0.0032    map@5: 0.0247    map@10: 0.0280    map@20: 0.0302    map@50: 0.0320    
Fri 08 May 2026 04:28:27 INFO test result: 
recall@5: 0.0455    recall@10: 0.0702    recall@20: 0.1031    recall@50: 0.1578    ndcg@5: 0.0300    ndcg@10: 0.0380    ndcg@20: 0.0463    ndcg@50: 0.0572    precision@5: 0.0095    precision@10: 0.0073    precision@20: 0.0054    precision@50: 0.0033    map@5: 0.0246    map@10: 0.0279    map@20: 0.0301    map@50: 0.0318    
Fri 08 May 2026 04:28:44 INFO epoch 189 training [time: 17.09s, train loss: 4.3717]
Fri 08 May 2026 04:28:50 INFO epoch 189 evaluating [time: 3.02s, valid_score: 0.070400]
Fri 08 May 2026 04:28:50 INFO valid result: 
recall@5: 0.0451    recall@10: 0.0704    recall@20: 0.1025    recall@50: 0.1580    ndcg@5: 0.0298    ndcg@10: 0.0380    ndcg@20: 0.0461    ndcg@50: 0.0571    precision@5: 0.0091    precision@10: 0.0071    precision@20: 0.0052    precision@50: 0.0032    map@5: 0.0247    map@10: 0.0280    map@20: 0.0302    map@50: 0.0320    
Fri 08 May 2026 04:28:50 INFO test result: 
recall@5: 0.0449    recall@10: 0.0702    recall@20: 0.1027    recall@50: 0.1581    ndcg@5: 0.0296    ndcg@10: 0.0379    ndcg@20: 0.0461    ndcg@50: 0.0572    precision@5: 0.0093    precision@10: 0.0073    precision@20: 0.0053    precision@50: 0.0033    map@5: 0.0243    map@10: 0.0277    map@20: 0.0299    map@50: 0.0317    
Fri 08 May 2026 04:29:07 INFO epoch 190 training [time: 17.24s, train loss: 4.3842]
Fri 08 May 2026 04:29:13 INFO epoch 190 evaluating [time: 3.10s, valid_score: 0.070900]
Fri 08 May 2026 04:29:13 INFO valid result: 
recall@5: 0.0458    recall@10: 0.0709    recall@20: 0.1024    recall@50: 0.1580    ndcg@5: 0.0301    ndcg@10: 0.0382    ndcg@20: 0.0461    ndcg@50: 0.0572    precision@5: 0.0093    precision@10: 0.0072    precision@20: 0.0052    precision@50: 0.0032    map@5: 0.0249    map@10: 0.0281    map@20: 0.0303    map@50: 0.0321    
Fri 08 May 2026 04:29:13 INFO test result: 
recall@5: 0.0458    recall@10: 0.0705    recall@20: 0.1030    recall@50: 0.1581    ndcg@5: 0.0301    ndcg@10: 0.0381    ndcg@20: 0.0464    ndcg@50: 0.0574    precision@5: 0.0095    precision@10: 0.0073    precision@20: 0.0054    precision@50: 0.0033    map@5: 0.0247    map@10: 0.0280    map@20: 0.0302    map@50: 0.0320    
Fri 08 May 2026 04:29:30 INFO epoch 191 training [time: 17.08s, train loss: 4.3531]
Fri 08 May 2026 04:29:37 INFO epoch 191 evaluating [time: 3.23s, valid_score: 0.070700]
Fri 08 May 2026 04:29:37 INFO valid result: 
recall@5: 0.0454    recall@10: 0.0707    recall@20: 0.1024    recall@50: 0.1580    ndcg@5: 0.0300    ndcg@10: 0.0381    ndcg@20: 0.0462    ndcg@50: 0.0572    precision@5: 0.0092    precision@10: 0.0072    precision@20: 0.0052    precision@50: 0.0032    map@5: 0.0249    map@10: 0.0282    map@20: 0.0304    map@50: 0.0322    
Fri 08 May 2026 04:29:37 INFO test result: 
recall@5: 0.0451    recall@10: 0.0705    recall@20: 0.1034    recall@50: 0.1584    ndcg@5: 0.0298    ndcg@10: 0.0381    ndcg@20: 0.0465    ndcg@50: 0.0575    precision@5: 0.0093    precision@10: 0.0073    precision@20: 0.0054    precision@50: 0.0033    map@5: 0.0246    map@10: 0.0280    map@20: 0.0302    map@50: 0.0320    
Fri 08 May 2026 04:29:54 INFO epoch 192 training [time: 17.08s, train loss: 4.3546]
Fri 08 May 2026 04:30:00 INFO epoch 192 evaluating [time: 2.99s, valid_score: 0.070600]
Fri 08 May 2026 04:30:00 INFO valid result: 
recall@5: 0.0450    recall@10: 0.0706    recall@20: 0.1019    recall@50: 0.1581    ndcg@5: 0.0299    ndcg@10: 0.0381    ndcg@20: 0.0461    ndcg@50: 0.0572    precision@5: 0.0091    precision@10: 0.0071    precision@20: 0.0052    precision@50: 0.0032    map@5: 0.0248    map@10: 0.0282    map@20: 0.0304    map@50: 0.0322    
Fri 08 May 2026 04:30:00 INFO test result: 
recall@5: 0.0451    recall@10: 0.0708    recall@20: 0.1027    recall@50: 0.1584    ndcg@5: 0.0299    ndcg@10: 0.0382    ndcg@20: 0.0462    ndcg@50: 0.0574    precision@5: 0.0093    precision@10: 0.0073    precision@20: 0.0053    precision@50: 0.0033    map@5: 0.0246    map@10: 0.0280    map@20: 0.0301    map@50: 0.0319    
Fri 08 May 2026 04:30:17 INFO epoch 193 training [time: 17.07s, train loss: 4.3452]
Fri 08 May 2026 04:30:23 INFO epoch 193 evaluating [time: 3.03s, valid_score: 0.070500]
Fri 08 May 2026 04:30:23 INFO valid result: 
recall@5: 0.0454    recall@10: 0.0705    recall@20: 0.1025    recall@50: 0.1580    ndcg@5: 0.0300    ndcg@10: 0.0381    ndcg@20: 0.0462    ndcg@50: 0.0572    precision@5: 0.0092    precision@10: 0.0072    precision@20: 0.0052    precision@50: 0.0032    map@5: 0.0248    map@10: 0.0281    map@20: 0.0303    map@50: 0.0321    
Fri 08 May 2026 04:30:23 INFO test result: 
recall@5: 0.0455    recall@10: 0.0702    recall@20: 0.1030    recall@50: 0.1589    ndcg@5: 0.0300    ndcg@10: 0.0381    ndcg@20: 0.0464    ndcg@50: 0.0576    precision@5: 0.0094    precision@10: 0.0073    precision@20: 0.0054    precision@50: 0.0033    map@5: 0.0247    map@10: 0.0280    map@20: 0.0302    map@50: 0.0320    
Fri 08 May 2026 04:30:40 INFO epoch 194 training [time: 17.08s, train loss: 4.3398]
Fri 08 May 2026 04:30:46 INFO epoch 194 evaluating [time: 3.07s, valid_score: 0.070700]
Fri 08 May 2026 04:30:46 INFO valid result: 
recall@5: 0.0452    recall@10: 0.0707    recall@20: 0.1027    recall@50: 0.1584    ndcg@5: 0.0298    ndcg@10: 0.0380    ndcg@20: 0.0461    ndcg@50: 0.0571    precision@5: 0.0091    precision@10: 0.0072    precision@20: 0.0052    precision@50: 0.0032    map@5: 0.0246    map@10: 0.0280    map@20: 0.0302    map@50: 0.0320    
Fri 08 May 2026 04:30:46 INFO test result: 
recall@5: 0.0458    recall@10: 0.0703    recall@20: 0.1028    recall@50: 0.1583    ndcg@5: 0.0303    ndcg@10: 0.0382    ndcg@20: 0.0465    ndcg@50: 0.0576    precision@5: 0.0095    precision@10: 0.0073    precision@20: 0.0053    precision@50: 0.0033    map@5: 0.0249    map@10: 0.0282    map@20: 0.0304    map@50: 0.0322    
Fri 08 May 2026 04:31:04 INFO epoch 195 training [time: 17.25s, train loss: 4.3368]
Fri 08 May 2026 04:31:10 INFO epoch 195 evaluating [time: 2.93s, valid_score: 0.070400]
Fri 08 May 2026 04:31:10 INFO valid result: 
recall@5: 0.0452    recall@10: 0.0704    recall@20: 0.1023    recall@50: 0.1588    ndcg@5: 0.0299    ndcg@10: 0.0380    ndcg@20: 0.0461    ndcg@50: 0.0573    precision@5: 0.0091    precision@10: 0.0071    precision@20: 0.0052    precision@50: 0.0032    map@5: 0.0248    map@10: 0.0281    map@20: 0.0303    map@50: 0.0321    
Fri 08 May 2026 04:31:10 INFO test result: 
recall@5: 0.0460    recall@10: 0.0708    recall@20: 0.1028    recall@50: 0.1582    ndcg@5: 0.0303    ndcg@10: 0.0383    ndcg@20: 0.0465    ndcg@50: 0.0575    precision@5: 0.0096    precision@10: 0.0074    precision@20: 0.0053    precision@50: 0.0033    map@5: 0.0249    map@10: 0.0281    map@20: 0.0303    map@50: 0.0321    
Fri 08 May 2026 04:31:27 INFO epoch 196 training [time: 17.07s, train loss: 4.3185]
Fri 08 May 2026 04:31:33 INFO epoch 196 evaluating [time: 3.22s, valid_score: 0.071100]
Fri 08 May 2026 04:31:33 INFO valid result: 
recall@5: 0.0453    recall@10: 0.0711    recall@20: 0.1021    recall@50: 0.1580    ndcg@5: 0.0300    ndcg@10: 0.0383    ndcg@20: 0.0461    ndcg@50: 0.0572    precision@5: 0.0092    precision@10: 0.0072    precision@20: 0.0052    precision@50: 0.0032    map@5: 0.0249    map@10: 0.0282    map@20: 0.0304    map@50: 0.0321    
Fri 08 May 2026 04:31:33 INFO test result: 
recall@5: 0.0461    recall@10: 0.0712    recall@20: 0.1022    recall@50: 0.1584    ndcg@5: 0.0304    ndcg@10: 0.0386    ndcg@20: 0.0464    ndcg@50: 0.0577    precision@5: 0.0096    precision@10: 0.0074    precision@20: 0.0053    precision@50: 0.0033    map@5: 0.0250    map@10: 0.0284    map@20: 0.0305    map@50: 0.0323    
Fri 08 May 2026 04:31:50 INFO epoch 197 training [time: 17.10s, train loss: 4.3193]
Fri 08 May 2026 04:31:56 INFO epoch 197 evaluating [time: 3.18s, valid_score: 0.070300]
Fri 08 May 2026 04:31:56 INFO valid result: 
recall@5: 0.0453    recall@10: 0.0703    recall@20: 0.1025    recall@50: 0.1582    ndcg@5: 0.0297    ndcg@10: 0.0378    ndcg@20: 0.0460    ndcg@50: 0.0570    precision@5: 0.0092    precision@10: 0.0071    precision@20: 0.0052    precision@50: 0.0032    map@5: 0.0246    map@10: 0.0279    map@20: 0.0301    map@50: 0.0319    
Fri 08 May 2026 04:31:56 INFO test result: 
recall@5: 0.0460    recall@10: 0.0703    recall@20: 0.1028    recall@50: 0.1591    ndcg@5: 0.0305    ndcg@10: 0.0384    ndcg@20: 0.0466    ndcg@50: 0.0579    precision@5: 0.0095    precision@10: 0.0073    precision@20: 0.0053    precision@50: 0.0033    map@5: 0.0251    map@10: 0.0284    map@20: 0.0306    map@50: 0.0324    
Fri 08 May 2026 04:32:13 INFO epoch 198 training [time: 17.07s, train loss: 4.3116]
Fri 08 May 2026 04:32:19 INFO epoch 198 evaluating [time: 2.99s, valid_score: 0.071000]
Fri 08 May 2026 04:32:19 INFO valid result: 
recall@5: 0.0451    recall@10: 0.0710    recall@20: 0.1024    recall@50: 0.1585    ndcg@5: 0.0300    ndcg@10: 0.0383    ndcg@20: 0.0462    ndcg@50: 0.0574    precision@5: 0.0091    precision@10: 0.0072    precision@20: 0.0052    precision@50: 0.0032    map@5: 0.0249    map@10: 0.0283    map@20: 0.0305    map@50: 0.0323    
Fri 08 May 2026 04:32:19 INFO test result: 
recall@5: 0.0463    recall@10: 0.0707    recall@20: 0.1025    recall@50: 0.1584    ndcg@5: 0.0305    ndcg@10: 0.0385    ndcg@20: 0.0465    ndcg@50: 0.0577    precision@5: 0.0096    precision@10: 0.0073    precision@20: 0.0053    precision@50: 0.0033    map@5: 0.0251    map@10: 0.0284    map@20: 0.0305    map@50: 0.0323    
Fri 08 May 2026 04:32:37 INFO epoch 199 training [time: 17.09s, train loss: 4.2889]
Fri 08 May 2026 04:32:43 INFO epoch 199 evaluating [time: 3.00s, valid_score: 0.070800]
Fri 08 May 2026 04:32:43 INFO valid result: 
recall@5: 0.0450    recall@10: 0.0708    recall@20: 0.1027    recall@50: 0.1587    ndcg@5: 0.0299    ndcg@10: 0.0381    ndcg@20: 0.0462    ndcg@50: 0.0574    precision@5: 0.0091    precision@10: 0.0072    precision@20: 0.0052    precision@50: 0.0032    map@5: 0.0248    map@10: 0.0282    map@20: 0.0304    map@50: 0.0322    
Fri 08 May 2026 04:32:43 INFO test result: 
recall@5: 0.0460    recall@10: 0.0709    recall@20: 0.1029    recall@50: 0.1581    ndcg@5: 0.0303    ndcg@10: 0.0384    ndcg@20: 0.0465    ndcg@50: 0.0575    precision@5: 0.0095    precision@10: 0.0074    precision@20: 0.0054    precision@50: 0.0033    map@5: 0.0249    map@10: 0.0282    map@20: 0.0304    map@50: 0.0322    
Fri 08 May 2026 04:32:43 INFO +++++Finished training, best eval result in epoch 178
Fri 08 May 2026 04:32:43 INFO best valid result: recall@5: 0.0457    recall@10: 0.0712    recall@20: 0.1019    recall@50: 0.1587    ndcg@5: 0.0302    ndcg@10: 0.0384    ndcg@20: 0.0461    ndcg@50: 0.0574    precision@5: 0.0092    precision@10: 0.0072    precision@20: 0.0052    precision@50: 0.0032    map@5: 0.0250    map@10: 0.0283    map@20: 0.0304    map@50: 0.0322    
Fri 08 May 2026 04:32:43 INFO test result: recall@5: 0.0451    recall@10: 0.0700    recall@20: 0.1029    recall@50: 0.1582    ndcg@5: 0.0298    ndcg@10: 0.0379    ndcg@20: 0.0463    ndcg@50: 0.0573    precision@5: 0.0094    precision@10: 0.0073    precision@20: 0.0054    precision@50: 0.0033    map@5: 0.0246    map@10: 0.0279    map@20: 0.0301    map@50: 0.0319    
Fri 08 May 2026 04:32:43 INFO ████Current BEST████:
Parameters: ['reg_weight', 'learning_rate', 'dropout', 'mask_weight_g', 'align_weight', 'temp', 'seed']=(0.001, 0.0001, 0.3, 0.001, 0.01, 0.2, 999),
Valid: recall@5: 0.0457    recall@10: 0.0712    recall@20: 0.1019    recall@50: 0.1587    ndcg@5: 0.0302    ndcg@10: 0.0384    ndcg@20: 0.0461    ndcg@50: 0.0574    precision@5: 0.0092    precision@10: 0.0072    precision@20: 0.0052    precision@50: 0.0032    map@5: 0.0250    map@10: 0.0283    map@20: 0.0304    map@50: 0.0322    ,
Test: recall@5: 0.0451    recall@10: 0.0700    recall@20: 0.1029    recall@50: 0.1582    ndcg@5: 0.0298    ndcg@10: 0.0379    ndcg@20: 0.0463    ndcg@50: 0.0573    precision@5: 0.0094    precision@10: 0.0073    precision@20: 0.0054    precision@50: 0.0033    map@5: 0.0246    map@10: 0.0279    map@20: 0.0301    map@50: 0.0319    



Fri 08 May 2026 04:32:43 INFO 
============All Over=====================
Fri 08 May 2026 04:32:43 INFO Parameters: ['reg_weight', 'learning_rate', 'dropout', 'mask_weight_g', 'align_weight', 'temp', 'seed']=(0.001, 0.0001, 0.3, 0.001, 0.01, 0.2, 999),
 best valid: recall@5: 0.0457    recall@10: 0.0712    recall@20: 0.1019    recall@50: 0.1587    ndcg@5: 0.0302    ndcg@10: 0.0384    ndcg@20: 0.0461    ndcg@50: 0.0574    precision@5: 0.0092    precision@10: 0.0072    precision@20: 0.0052    precision@50: 0.0032    map@5: 0.0250    map@10: 0.0283    map@20: 0.0304    map@50: 0.0322    ,
 best test: recall@5: 0.0451    recall@10: 0.0700    recall@20: 0.1029    recall@50: 0.1582    ndcg@5: 0.0298    ndcg@10: 0.0379    ndcg@20: 0.0463    ndcg@50: 0.0573    precision@5: 0.0094    precision@10: 0.0073    precision@20: 0.0054    precision@50: 0.0033    map@5: 0.0246    map@10: 0.0279    map@20: 0.0301    map@50: 0.0319    
Fri 08 May 2026 04:32:43 INFO 

█████████████ BEST ████████████████
Fri 08 May 2026 04:32:43 INFO 	Parameters: ['reg_weight', 'learning_rate', 'dropout', 'mask_weight_g', 'align_weight', 'temp', 'seed']=(0.001, 0.0001, 0.3, 0.001, 0.01, 0.2, 999),
Valid: recall@5: 0.0457    recall@10: 0.0712    recall@20: 0.1019    recall@50: 0.1587    ndcg@5: 0.0302    ndcg@10: 0.0384    ndcg@20: 0.0461    ndcg@50: 0.0574    precision@5: 0.0092    precision@10: 0.0072    precision@20: 0.0052    precision@50: 0.0032    map@5: 0.0250    map@10: 0.0283    map@20: 0.0304    map@50: 0.0322    ,
Test: recall@5: 0.0451    recall@10: 0.0700    recall@20: 0.1029    recall@50: 0.1582    ndcg@5: 0.0298    ndcg@10: 0.0379    ndcg@20: 0.0463    ndcg@50: 0.0573    precision@5: 0.0094    precision@10: 0.0073    precision@20: 0.0054    precision@50: 0.0033    map@5: 0.0246    map@10: 0.0279    map@20: 0.0301    map@50: 0.0319    


