Thu 07 May 2026 04:21:49 INFO ██Server: 	ps
Thu 07 May 2026 04:21:49 INFO ██Dir: 	/mnt/sda/XT/MENTOR_Firstpaper/src

Thu 07 May 2026 04:21:49 INFO Start 0-th training!!
Thu 07 May 2026 04:21:49 INFO baby
The number of users: 19445
Average actions of users: 8.269066598097197
The number of items: 7050
Average actions of items: 22.807375886524824
The number of inters: 160792
The sparsity of the dataset: 99.8827082752043%
Thu 07 May 2026 04:21:49 INFO 
====Training====
baby
The number of users: 19445
Average actions of users: 6.096734379017742
The number of items: 7047
Average actions of items: 16.82290336313325
The number of inters: 118551
The sparsity of the dataset: 99.9134846831415%
Thu 07 May 2026 04:21:49 INFO 
====Validation====
baby
The number of users: 19445
Average actions of users: 1.0572897917202366
The number of items: 5483
Average actions of items: 3.749589640707642
The number of inters: 20559
The sparsity of the dataset: 99.98071694707788%
Thu 07 May 2026 04:21:49 INFO 
====Testing====
baby
The number of users: 19445
Average actions of users: 1.1150424273592183
The number of items: 5549
Average actions of items: 3.907370697422959
The number of inters: 21682
The sparsity of the dataset: 99.97990552482683%
Thu 07 May 2026 04:21:50 INFO 

=================================


Thu 07 May 2026 04:21:50 INFO =========1/1: Parameters:['reg_weight', 'learning_rate', 'dropout', 'mask_weight_g', 'align_weight', 'temp', 'seed']=(0.001, 0.0001, 0.5, 0.001, 0.1, 0.2, 999)=======
Thu 07 May 2026 04:21:52 INFO PA2PD(
  (mlp): Linear(in_features=128, out_features=128, bias=True)
  (image_embedding): Embedding(7050, 4096)
  (image_trs): Linear(in_features=4096, out_features=64, bias=True)
  (text_embedding): Embedding(7050, 384)
  (text_trs): Linear(in_features=384, out_features=64, bias=True)
  (MLP_user): Linear(in_features=128, out_features=64, bias=True)
  (v_gcn): GCN(
    (MLP): Linear(in_features=4096, out_features=256, bias=True)
    (MLP_1): Linear(in_features=256, out_features=64, bias=True)
    (conv_embed_1): Base_gcn(64, 64)
  )
  (v_gcn_n1): GCN(
    (MLP): Linear(in_features=4096, out_features=256, bias=True)
    (MLP_1): Linear(in_features=256, out_features=64, bias=True)
    (conv_embed_1): Base_gcn(64, 64)
  )
  (v_gcn_n2): GCN(
    (MLP): Linear(in_features=4096, out_features=256, bias=True)
    (MLP_1): Linear(in_features=256, out_features=64, bias=True)
    (conv_embed_1): Base_gcn(64, 64)
  )
  (t_gcn): GCN(
    (MLP): Linear(in_features=384, out_features=256, bias=True)
    (MLP_1): Linear(in_features=256, out_features=64, bias=True)
    (conv_embed_1): Base_gcn(64, 64)
  )
  (t_gcn_n1): GCN(
    (MLP): Linear(in_features=384, out_features=256, bias=True)
    (MLP_1): Linear(in_features=256, out_features=64, bias=True)
    (conv_embed_1): Base_gcn(64, 64)
  )
  (t_gcn_n2): GCN(
    (MLP): Linear(in_features=384, out_features=256, bias=True)
    (MLP_1): Linear(in_features=256, out_features=64, bias=True)
    (conv_embed_1): Base_gcn(64, 64)
  )
  (id_gcn): GCN(
    (MLP): Linear(in_features=64, out_features=256, bias=True)
    (MLP_1): Linear(in_features=256, out_features=64, bias=True)
    (conv_embed_1): Base_gcn(64, 64)
  )
  (our_mlp_1): Linear(in_features=128, out_features=1, bias=True)
)
Trainable parameters: 44685247
Thu 07 May 2026 04:21:56 INFO epoch 0 training [time: 3.12s, train loss: 64.7330]
Thu 07 May 2026 04:21:58 INFO epoch 0 evaluating [time: 1.28s, valid_score: 0.031200]
Thu 07 May 2026 04:21:58 INFO valid result: 
recall@5: 0.0202    recall@10: 0.0312    recall@20: 0.0504    recall@50: 0.0930    ndcg@5: 0.0130    ndcg@10: 0.0165    ndcg@20: 0.0213    ndcg@50: 0.0298    precision@5: 0.0042    precision@10: 0.0033    precision@20: 0.0027    precision@50: 0.0020    map@5: 0.0104    map@10: 0.0118    map@20: 0.0131    map@50: 0.0144    
Thu 07 May 2026 04:21:58 INFO test result: 
recall@5: 0.0193    recall@10: 0.0310    recall@20: 0.0500    recall@50: 0.0950    ndcg@5: 0.0127    ndcg@10: 0.0166    ndcg@20: 0.0215    ndcg@50: 0.0305    precision@5: 0.0042    precision@10: 0.0034    precision@20: 0.0028    precision@50: 0.0021    map@5: 0.0103    map@10: 0.0118    map@20: 0.0131    map@50: 0.0145    
Thu 07 May 2026 04:21:58 INFO ██ PA2PD--Best validation results updated!!!
Thu 07 May 2026 04:22:01 INFO epoch 1 training [time: 3.04s, train loss: 54.8554]
Thu 07 May 2026 04:22:04 INFO epoch 1 evaluating [time: 1.44s, valid_score: 0.033600]
Thu 07 May 2026 04:22:04 INFO valid result: 
recall@5: 0.0215    recall@10: 0.0336    recall@20: 0.0540    recall@50: 0.1016    ndcg@5: 0.0143    ndcg@10: 0.0182    ndcg@20: 0.0233    ndcg@50: 0.0328    precision@5: 0.0045    precision@10: 0.0035    precision@20: 0.0028    precision@50: 0.0021    map@5: 0.0117    map@10: 0.0133    map@20: 0.0147    map@50: 0.0161    
Thu 07 May 2026 04:22:04 INFO test result: 
recall@5: 0.0216    recall@10: 0.0350    recall@20: 0.0557    recall@50: 0.1037    ndcg@5: 0.0144    ndcg@10: 0.0188    ndcg@20: 0.0241    ndcg@50: 0.0337    precision@5: 0.0048    precision@10: 0.0039    precision@20: 0.0031    precision@50: 0.0023    map@5: 0.0116    map@10: 0.0134    map@20: 0.0148    map@50: 0.0162    
Thu 07 May 2026 04:22:04 INFO ██ PA2PD--Best validation results updated!!!
Thu 07 May 2026 04:22:07 INFO epoch 2 training [time: 3.03s, train loss: 49.0230]
Thu 07 May 2026 04:22:10 INFO epoch 2 evaluating [time: 1.31s, valid_score: 0.037500]
Thu 07 May 2026 04:22:10 INFO valid result: 
recall@5: 0.0237    recall@10: 0.0375    recall@20: 0.0598    recall@50: 0.1108    ndcg@5: 0.0159    ndcg@10: 0.0204    ndcg@20: 0.0260    ndcg@50: 0.0362    precision@5: 0.0049    precision@10: 0.0040    precision@20: 0.0031    precision@50: 0.0023    map@5: 0.0132    map@10: 0.0150    map@20: 0.0165    map@50: 0.0181    
Thu 07 May 2026 04:22:10 INFO test result: 
recall@5: 0.0239    recall@10: 0.0382    recall@20: 0.0618    recall@50: 0.1141    ndcg@5: 0.0161    ndcg@10: 0.0208    ndcg@20: 0.0268    ndcg@50: 0.0373    precision@5: 0.0053    precision@10: 0.0042    precision@20: 0.0034    precision@50: 0.0025    map@5: 0.0130    map@10: 0.0150    map@20: 0.0166    map@50: 0.0182    
Thu 07 May 2026 04:22:10 INFO ██ PA2PD--Best validation results updated!!!
Thu 07 May 2026 04:22:13 INFO epoch 3 training [time: 3.03s, train loss: 44.9208]
Thu 07 May 2026 04:22:15 INFO epoch 3 evaluating [time: 1.28s, valid_score: 0.041000]
Thu 07 May 2026 04:22:15 INFO valid result: 
recall@5: 0.0257    recall@10: 0.0410    recall@20: 0.0660    recall@50: 0.1196    ndcg@5: 0.0174    ndcg@10: 0.0224    ndcg@20: 0.0287    ndcg@50: 0.0394    precision@5: 0.0053    precision@10: 0.0043    precision@20: 0.0035    precision@50: 0.0025    map@5: 0.0145    map@10: 0.0165    map@20: 0.0182    map@50: 0.0199    
Thu 07 May 2026 04:22:15 INFO test result: 
recall@5: 0.0270    recall@10: 0.0425    recall@20: 0.0680    recall@50: 0.1229    ndcg@5: 0.0179    ndcg@10: 0.0230    ndcg@20: 0.0295    ndcg@50: 0.0405    precision@5: 0.0059    precision@10: 0.0047    precision@20: 0.0037    precision@50: 0.0027    map@5: 0.0145    map@10: 0.0166    map@20: 0.0183    map@50: 0.0200    
Thu 07 May 2026 04:22:15 INFO ██ PA2PD--Best validation results updated!!!
Thu 07 May 2026 04:22:18 INFO epoch 4 training [time: 3.02s, train loss: 41.9210]
Thu 07 May 2026 04:22:21 INFO epoch 4 evaluating [time: 1.32s, valid_score: 0.045200]
Thu 07 May 2026 04:22:21 INFO valid result: 
recall@5: 0.0280    recall@10: 0.0452    recall@20: 0.0710    recall@50: 0.1263    ndcg@5: 0.0183    ndcg@10: 0.0238    ndcg@20: 0.0303    ndcg@50: 0.0414    precision@5: 0.0059    precision@10: 0.0047    precision@20: 0.0037    precision@50: 0.0027    map@5: 0.0149    map@10: 0.0171    map@20: 0.0188    map@50: 0.0206    
Thu 07 May 2026 04:22:21 INFO test result: 
recall@5: 0.0295    recall@10: 0.0456    recall@20: 0.0721    recall@50: 0.1305    ndcg@5: 0.0193    ndcg@10: 0.0246    ndcg@20: 0.0314    ndcg@50: 0.0431    precision@5: 0.0064    precision@10: 0.0050    precision@20: 0.0040    precision@50: 0.0029    map@5: 0.0155    map@10: 0.0177    map@20: 0.0195    map@50: 0.0213    
Thu 07 May 2026 04:22:21 INFO ██ PA2PD--Best validation results updated!!!
Thu 07 May 2026 04:22:24 INFO epoch 5 training [time: 3.02s, train loss: 39.5480]
Thu 07 May 2026 04:22:27 INFO epoch 5 evaluating [time: 1.30s, valid_score: 0.047200]
Thu 07 May 2026 04:22:27 INFO valid result: 
recall@5: 0.0295    recall@10: 0.0472    recall@20: 0.0747    recall@50: 0.1321    ndcg@5: 0.0192    ndcg@10: 0.0249    ndcg@20: 0.0319    ndcg@50: 0.0433    precision@5: 0.0062    precision@10: 0.0049    precision@20: 0.0039    precision@50: 0.0028    map@5: 0.0156    map@10: 0.0179    map@20: 0.0198    map@50: 0.0215    
Thu 07 May 2026 04:22:27 INFO test result: 
recall@5: 0.0318    recall@10: 0.0492    recall@20: 0.0758    recall@50: 0.1365    ndcg@5: 0.0206    ndcg@10: 0.0263    ndcg@20: 0.0331    ndcg@50: 0.0453    precision@5: 0.0070    precision@10: 0.0054    precision@20: 0.0042    precision@50: 0.0030    map@5: 0.0165    map@10: 0.0187    map@20: 0.0205    map@50: 0.0224    
Thu 07 May 2026 04:22:27 INFO ██ PA2PD--Best validation results updated!!!
Thu 07 May 2026 04:22:30 INFO epoch 6 training [time: 3.16s, train loss: 37.5741]
Thu 07 May 2026 04:22:32 INFO epoch 6 evaluating [time: 1.33s, valid_score: 0.048500]
Thu 07 May 2026 04:22:32 INFO valid result: 
recall@5: 0.0308    recall@10: 0.0485    recall@20: 0.0779    recall@50: 0.1370    ndcg@5: 0.0202    ndcg@10: 0.0259    ndcg@20: 0.0333    ndcg@50: 0.0451    precision@5: 0.0064    precision@10: 0.0051    precision@20: 0.0041    precision@50: 0.0029    map@5: 0.0164    map@10: 0.0187    map@20: 0.0207    map@50: 0.0226    
Thu 07 May 2026 04:22:32 INFO test result: 
recall@5: 0.0327    recall@10: 0.0507    recall@20: 0.0791    recall@50: 0.1401    ndcg@5: 0.0213    ndcg@10: 0.0272    ndcg@20: 0.0344    ndcg@50: 0.0467    precision@5: 0.0072    precision@10: 0.0056    precision@20: 0.0044    precision@50: 0.0031    map@5: 0.0170    map@10: 0.0193    map@20: 0.0213    map@50: 0.0232    
Thu 07 May 2026 04:22:32 INFO ██ PA2PD--Best validation results updated!!!
Thu 07 May 2026 04:22:36 INFO epoch 7 training [time: 3.07s, train loss: 36.0330]
Thu 07 May 2026 04:22:38 INFO epoch 7 evaluating [time: 1.31s, valid_score: 0.050000]
Thu 07 May 2026 04:22:38 INFO valid result: 
recall@5: 0.0315    recall@10: 0.0500    recall@20: 0.0799    recall@50: 0.1410    ndcg@5: 0.0204    ndcg@10: 0.0264    ndcg@20: 0.0339    ndcg@50: 0.0461    precision@5: 0.0066    precision@10: 0.0053    precision@20: 0.0042    precision@50: 0.0030    map@5: 0.0165    map@10: 0.0189    map@20: 0.0209    map@50: 0.0228    
Thu 07 May 2026 04:22:38 INFO test result: 
recall@5: 0.0336    recall@10: 0.0521    recall@20: 0.0821    recall@50: 0.1435    ndcg@5: 0.0217    ndcg@10: 0.0278    ndcg@20: 0.0355    ndcg@50: 0.0478    precision@5: 0.0074    precision@10: 0.0058    precision@20: 0.0045    precision@50: 0.0032    map@5: 0.0173    map@10: 0.0197    map@20: 0.0217    map@50: 0.0236    
Thu 07 May 2026 04:22:38 INFO ██ PA2PD--Best validation results updated!!!
Thu 07 May 2026 04:22:41 INFO epoch 8 training [time: 3.05s, train loss: 34.7278]
Thu 07 May 2026 04:22:44 INFO epoch 8 evaluating [time: 1.47s, valid_score: 0.050900]
Thu 07 May 2026 04:22:44 INFO valid result: 
recall@5: 0.0320    recall@10: 0.0509    recall@20: 0.0806    recall@50: 0.1435    ndcg@5: 0.0206    ndcg@10: 0.0267    ndcg@20: 0.0342    ndcg@50: 0.0468    precision@5: 0.0067    precision@10: 0.0053    precision@20: 0.0042    precision@50: 0.0030    map@5: 0.0166    map@10: 0.0191    map@20: 0.0211    map@50: 0.0230    
Thu 07 May 2026 04:22:44 INFO test result: 
recall@5: 0.0336    recall@10: 0.0529    recall@20: 0.0838    recall@50: 0.1469    ndcg@5: 0.0218    ndcg@10: 0.0282    ndcg@20: 0.0361    ndcg@50: 0.0488    precision@5: 0.0074    precision@10: 0.0058    precision@20: 0.0046    precision@50: 0.0033    map@5: 0.0174    map@10: 0.0199    map@20: 0.0220    map@50: 0.0240    
Thu 07 May 2026 04:22:44 INFO ██ PA2PD--Best validation results updated!!!
Thu 07 May 2026 04:22:47 INFO epoch 9 training [time: 3.04s, train loss: 33.6807]
Thu 07 May 2026 04:22:50 INFO epoch 9 evaluating [time: 1.39s, valid_score: 0.051500]
Thu 07 May 2026 04:22:50 INFO valid result: 
recall@5: 0.0324    recall@10: 0.0515    recall@20: 0.0820    recall@50: 0.1457    ndcg@5: 0.0211    ndcg@10: 0.0273    ndcg@20: 0.0350    ndcg@50: 0.0477    precision@5: 0.0068    precision@10: 0.0054    precision@20: 0.0043    precision@50: 0.0031    map@5: 0.0171    map@10: 0.0196    map@20: 0.0217    map@50: 0.0237    
Thu 07 May 2026 04:22:50 INFO test result: 
recall@5: 0.0340    recall@10: 0.0534    recall@20: 0.0859    recall@50: 0.1490    ndcg@5: 0.0221    ndcg@10: 0.0285    ndcg@20: 0.0368    ndcg@50: 0.0495    precision@5: 0.0075    precision@10: 0.0059    precision@20: 0.0047    precision@50: 0.0033    map@5: 0.0177    map@10: 0.0202    map@20: 0.0225    map@50: 0.0244    
Thu 07 May 2026 04:22:50 INFO ██ PA2PD--Best validation results updated!!!
Thu 07 May 2026 04:22:53 INFO epoch 10 training [time: 3.10s, train loss: 32.6309]
Thu 07 May 2026 04:22:56 INFO epoch 10 evaluating [time: 1.66s, valid_score: 0.052400]
Thu 07 May 2026 04:22:56 INFO valid result: 
recall@5: 0.0335    recall@10: 0.0524    recall@20: 0.0836    recall@50: 0.1470    ndcg@5: 0.0215    ndcg@10: 0.0277    ndcg@20: 0.0356    ndcg@50: 0.0482    precision@5: 0.0070    precision@10: 0.0055    precision@20: 0.0044    precision@50: 0.0031    map@5: 0.0174    map@10: 0.0198    map@20: 0.0220    map@50: 0.0239    
Thu 07 May 2026 04:22:56 INFO test result: 
recall@5: 0.0347    recall@10: 0.0542    recall@20: 0.0870    recall@50: 0.1508    ndcg@5: 0.0226    ndcg@10: 0.0290    ndcg@20: 0.0374    ndcg@50: 0.0502    precision@5: 0.0077    precision@10: 0.0060    precision@20: 0.0048    precision@50: 0.0033    map@5: 0.0180    map@10: 0.0205    map@20: 0.0228    map@50: 0.0248    
Thu 07 May 2026 04:22:56 INFO ██ PA2PD--Best validation results updated!!!
Thu 07 May 2026 04:22:59 INFO epoch 11 training [time: 3.11s, train loss: 31.6925]
Thu 07 May 2026 04:23:02 INFO epoch 11 evaluating [time: 1.41s, valid_score: 0.053500]
Thu 07 May 2026 04:23:02 INFO valid result: 
recall@5: 0.0337    recall@10: 0.0535    recall@20: 0.0840    recall@50: 0.1484    ndcg@5: 0.0218    ndcg@10: 0.0282    ndcg@20: 0.0360    ndcg@50: 0.0488    precision@5: 0.0071    precision@10: 0.0056    precision@20: 0.0044    precision@50: 0.0031    map@5: 0.0177    map@10: 0.0202    map@20: 0.0223    map@50: 0.0243    
Thu 07 May 2026 04:23:02 INFO test result: 
recall@5: 0.0355    recall@10: 0.0550    recall@20: 0.0881    recall@50: 0.1534    ndcg@5: 0.0232    ndcg@10: 0.0296    ndcg@20: 0.0381    ndcg@50: 0.0513    precision@5: 0.0078    precision@10: 0.0061    precision@20: 0.0049    precision@50: 0.0034    map@5: 0.0186    map@10: 0.0211    map@20: 0.0234    map@50: 0.0255    
Thu 07 May 2026 04:23:02 INFO ██ PA2PD--Best validation results updated!!!
Thu 07 May 2026 04:23:05 INFO epoch 12 training [time: 3.10s, train loss: 30.8961]
Thu 07 May 2026 04:23:08 INFO epoch 12 evaluating [time: 1.30s, valid_score: 0.053800]
Thu 07 May 2026 04:23:08 INFO valid result: 
recall@5: 0.0339    recall@10: 0.0538    recall@20: 0.0851    recall@50: 0.1492    ndcg@5: 0.0219    ndcg@10: 0.0284    ndcg@20: 0.0363    ndcg@50: 0.0491    precision@5: 0.0071    precision@10: 0.0057    precision@20: 0.0045    precision@50: 0.0032    map@5: 0.0178    map@10: 0.0203    map@20: 0.0225    map@50: 0.0245    
Thu 07 May 2026 04:23:08 INFO test result: 
recall@5: 0.0355    recall@10: 0.0558    recall@20: 0.0882    recall@50: 0.1541    ndcg@5: 0.0232    ndcg@10: 0.0298    ndcg@20: 0.0382    ndcg@50: 0.0515    precision@5: 0.0078    precision@10: 0.0062    precision@20: 0.0049    precision@50: 0.0034    map@5: 0.0186    map@10: 0.0212    map@20: 0.0235    map@50: 0.0255    
Thu 07 May 2026 04:23:08 INFO ██ PA2PD--Best validation results updated!!!
Thu 07 May 2026 04:23:11 INFO epoch 13 training [time: 3.04s, train loss: 30.2044]
Thu 07 May 2026 04:23:13 INFO epoch 13 evaluating [time: 1.33s, valid_score: 0.054700]
Thu 07 May 2026 04:23:13 INFO valid result: 
recall@5: 0.0343    recall@10: 0.0547    recall@20: 0.0861    recall@50: 0.1503    ndcg@5: 0.0221    ndcg@10: 0.0287    ndcg@20: 0.0367    ndcg@50: 0.0495    precision@5: 0.0072    precision@10: 0.0057    precision@20: 0.0045    precision@50: 0.0032    map@5: 0.0179    map@10: 0.0205    map@20: 0.0227    map@50: 0.0247    
Thu 07 May 2026 04:23:13 INFO test result: 
recall@5: 0.0353    recall@10: 0.0569    recall@20: 0.0897    recall@50: 0.1554    ndcg@5: 0.0234    ndcg@10: 0.0304    ndcg@20: 0.0388    ndcg@50: 0.0521    precision@5: 0.0078    precision@10: 0.0063    precision@20: 0.0049    precision@50: 0.0034    map@5: 0.0188    map@10: 0.0216    map@20: 0.0239    map@50: 0.0259    
Thu 07 May 2026 04:23:13 INFO ██ PA2PD--Best validation results updated!!!
Thu 07 May 2026 04:23:16 INFO epoch 14 training [time: 3.05s, train loss: 29.7149]
Thu 07 May 2026 04:23:19 INFO epoch 14 evaluating [time: 1.35s, valid_score: 0.055700]
Thu 07 May 2026 04:23:19 INFO valid result: 
recall@5: 0.0340    recall@10: 0.0557    recall@20: 0.0880    recall@50: 0.1520    ndcg@5: 0.0219    ndcg@10: 0.0289    ndcg@20: 0.0371    ndcg@50: 0.0499    precision@5: 0.0071    precision@10: 0.0059    precision@20: 0.0046    precision@50: 0.0032    map@5: 0.0176    map@10: 0.0205    map@20: 0.0227    map@50: 0.0247    
Thu 07 May 2026 04:23:19 INFO test result: 
recall@5: 0.0356    recall@10: 0.0577    recall@20: 0.0910    recall@50: 0.1587    ndcg@5: 0.0237    ndcg@10: 0.0310    ndcg@20: 0.0395    ndcg@50: 0.0532    precision@5: 0.0078    precision@10: 0.0064    precision@20: 0.0050    precision@50: 0.0035    map@5: 0.0192    map@10: 0.0221    map@20: 0.0244    map@50: 0.0265    
Thu 07 May 2026 04:23:19 INFO ██ PA2PD--Best validation results updated!!!
Thu 07 May 2026 04:23:22 INFO epoch 15 training [time: 3.18s, train loss: 28.9863]
Thu 07 May 2026 04:23:25 INFO epoch 15 evaluating [time: 1.37s, valid_score: 0.057200]
Thu 07 May 2026 04:23:25 INFO valid result: 
recall@5: 0.0346    recall@10: 0.0572    recall@20: 0.0874    recall@50: 0.1530    ndcg@5: 0.0225    ndcg@10: 0.0298    ndcg@20: 0.0374    ndcg@50: 0.0505    precision@5: 0.0073    precision@10: 0.0060    precision@20: 0.0046    precision@50: 0.0032    map@5: 0.0182    map@10: 0.0211    map@20: 0.0232    map@50: 0.0252    
Thu 07 May 2026 04:23:25 INFO test result: 
recall@5: 0.0361    recall@10: 0.0585    recall@20: 0.0924    recall@50: 0.1591    ndcg@5: 0.0240    ndcg@10: 0.0313    ndcg@20: 0.0400    ndcg@50: 0.0534    precision@5: 0.0079    precision@10: 0.0064    precision@20: 0.0051    precision@50: 0.0035    map@5: 0.0194    map@10: 0.0223    map@20: 0.0246    map@50: 0.0267    
Thu 07 May 2026 04:23:25 INFO ██ PA2PD--Best validation results updated!!!
Thu 07 May 2026 04:23:28 INFO epoch 16 training [time: 3.12s, train loss: 28.5209]
Thu 07 May 2026 04:23:31 INFO epoch 16 evaluating [time: 1.43s, valid_score: 0.056200]
Thu 07 May 2026 04:23:31 INFO valid result: 
recall@5: 0.0345    recall@10: 0.0562    recall@20: 0.0890    recall@50: 0.1538    ndcg@5: 0.0222    ndcg@10: 0.0293    ndcg@20: 0.0377    ndcg@50: 0.0506    precision@5: 0.0072    precision@10: 0.0059    precision@20: 0.0047    precision@50: 0.0032    map@5: 0.0180    map@10: 0.0208    map@20: 0.0231    map@50: 0.0251    
Thu 07 May 2026 04:23:31 INFO test result: 
recall@5: 0.0371    recall@10: 0.0582    recall@20: 0.0924    recall@50: 0.1602    ndcg@5: 0.0243    ndcg@10: 0.0312    ndcg@20: 0.0401    ndcg@50: 0.0537    precision@5: 0.0082    precision@10: 0.0064    precision@20: 0.0051    precision@50: 0.0036    map@5: 0.0195    map@10: 0.0223    map@20: 0.0246    map@50: 0.0268    
Thu 07 May 2026 04:23:34 INFO epoch 17 training [time: 3.16s, train loss: 27.9255]
Thu 07 May 2026 04:23:37 INFO epoch 17 evaluating [time: 1.32s, valid_score: 0.057400]
Thu 07 May 2026 04:23:37 INFO valid result: 
recall@5: 0.0347    recall@10: 0.0574    recall@20: 0.0885    recall@50: 0.1542    ndcg@5: 0.0226    ndcg@10: 0.0300    ndcg@20: 0.0379    ndcg@50: 0.0510    precision@5: 0.0073    precision@10: 0.0060    precision@20: 0.0047    precision@50: 0.0033    map@5: 0.0184    map@10: 0.0214    map@20: 0.0235    map@50: 0.0256    
Thu 07 May 2026 04:23:37 INFO test result: 
recall@5: 0.0373    recall@10: 0.0594    recall@20: 0.0929    recall@50: 0.1607    ndcg@5: 0.0244    ndcg@10: 0.0316    ndcg@20: 0.0402    ndcg@50: 0.0539    precision@5: 0.0082    precision@10: 0.0066    precision@20: 0.0051    precision@50: 0.0036    map@5: 0.0195    map@10: 0.0224    map@20: 0.0247    map@50: 0.0268    
Thu 07 May 2026 04:23:37 INFO ██ PA2PD--Best validation results updated!!!
Thu 07 May 2026 04:23:40 INFO epoch 18 training [time: 3.05s, train loss: 27.5712]
Thu 07 May 2026 04:23:43 INFO epoch 18 evaluating [time: 1.34s, valid_score: 0.057500]
Thu 07 May 2026 04:23:43 INFO valid result: 
recall@5: 0.0352    recall@10: 0.0575    recall@20: 0.0894    recall@50: 0.1561    ndcg@5: 0.0230    ndcg@10: 0.0302    ndcg@20: 0.0383    ndcg@50: 0.0516    precision@5: 0.0074    precision@10: 0.0060    precision@20: 0.0047    precision@50: 0.0033    map@5: 0.0186    map@10: 0.0216    map@20: 0.0237    map@50: 0.0258    
Thu 07 May 2026 04:23:43 INFO test result: 
recall@5: 0.0372    recall@10: 0.0599    recall@20: 0.0943    recall@50: 0.1614    ndcg@5: 0.0245    ndcg@10: 0.0320    ndcg@20: 0.0408    ndcg@50: 0.0543    precision@5: 0.0082    precision@10: 0.0066    precision@20: 0.0052    precision@50: 0.0036    map@5: 0.0197    map@10: 0.0227    map@20: 0.0251    map@50: 0.0272    
Thu 07 May 2026 04:23:43 INFO ██ PA2PD--Best validation results updated!!!
Thu 07 May 2026 04:23:46 INFO epoch 19 training [time: 3.05s, train loss: 27.0723]
Thu 07 May 2026 04:23:48 INFO epoch 19 evaluating [time: 1.46s, valid_score: 0.057600]
Thu 07 May 2026 04:23:48 INFO valid result: 
recall@5: 0.0351    recall@10: 0.0576    recall@20: 0.0903    recall@50: 0.1571    ndcg@5: 0.0229    ndcg@10: 0.0301    ndcg@20: 0.0384    ndcg@50: 0.0517    precision@5: 0.0074    precision@10: 0.0061    precision@20: 0.0047    precision@50: 0.0033    map@5: 0.0185    map@10: 0.0215    map@20: 0.0237    map@50: 0.0258    
Thu 07 May 2026 04:23:48 INFO test result: 
recall@5: 0.0379    recall@10: 0.0603    recall@20: 0.0942    recall@50: 0.1624    ndcg@5: 0.0248    ndcg@10: 0.0321    ndcg@20: 0.0408    ndcg@50: 0.0545    precision@5: 0.0084    precision@10: 0.0067    precision@20: 0.0052    precision@50: 0.0036    map@5: 0.0198    map@10: 0.0227    map@20: 0.0250    map@50: 0.0272    
Thu 07 May 2026 04:23:48 INFO ██ PA2PD--Best validation results updated!!!
Thu 07 May 2026 04:23:51 INFO epoch 20 training [time: 3.04s, train loss: 26.7311]
Thu 07 May 2026 04:23:54 INFO epoch 20 evaluating [time: 1.31s, valid_score: 0.058200]
Thu 07 May 2026 04:23:54 INFO valid result: 
recall@5: 0.0355    recall@10: 0.0582    recall@20: 0.0901    recall@50: 0.1580    ndcg@5: 0.0230    ndcg@10: 0.0303    ndcg@20: 0.0384    ndcg@50: 0.0520    precision@5: 0.0075    precision@10: 0.0061    precision@20: 0.0047    precision@50: 0.0033    map@5: 0.0186    map@10: 0.0216    map@20: 0.0237    map@50: 0.0259    
Thu 07 May 2026 04:23:54 INFO test result: 
recall@5: 0.0373    recall@10: 0.0602    recall@20: 0.0940    recall@50: 0.1630    ndcg@5: 0.0248    ndcg@10: 0.0323    ndcg@20: 0.0410    ndcg@50: 0.0549    precision@5: 0.0082    precision@10: 0.0067    precision@20: 0.0052    precision@50: 0.0036    map@5: 0.0200    map@10: 0.0231    map@20: 0.0254    map@50: 0.0276    
Thu 07 May 2026 04:23:54 INFO ██ PA2PD--Best validation results updated!!!
Thu 07 May 2026 04:23:57 INFO epoch 21 training [time: 3.05s, train loss: 26.3511]
Thu 07 May 2026 04:24:00 INFO epoch 21 evaluating [time: 1.45s, valid_score: 0.058500]
Thu 07 May 2026 04:24:00 INFO valid result: 
recall@5: 0.0357    recall@10: 0.0585    recall@20: 0.0921    recall@50: 0.1584    ndcg@5: 0.0233    ndcg@10: 0.0307    ndcg@20: 0.0392    ndcg@50: 0.0524    precision@5: 0.0075    precision@10: 0.0062    precision@20: 0.0048    precision@50: 0.0033    map@5: 0.0190    map@10: 0.0219    map@20: 0.0242    map@50: 0.0263    
Thu 07 May 2026 04:24:00 INFO test result: 
recall@5: 0.0377    recall@10: 0.0603    recall@20: 0.0946    recall@50: 0.1636    ndcg@5: 0.0250    ndcg@10: 0.0325    ndcg@20: 0.0413    ndcg@50: 0.0552    precision@5: 0.0083    precision@10: 0.0066    precision@20: 0.0052    precision@50: 0.0036    map@5: 0.0202    map@10: 0.0232    map@20: 0.0256    map@50: 0.0278    
Thu 07 May 2026 04:24:00 INFO ██ PA2PD--Best validation results updated!!!
Thu 07 May 2026 04:24:03 INFO epoch 22 training [time: 3.03s, train loss: 26.0208]
Thu 07 May 2026 04:24:06 INFO epoch 22 evaluating [time: 1.32s, valid_score: 0.058700]
Thu 07 May 2026 04:24:06 INFO valid result: 
recall@5: 0.0366    recall@10: 0.0587    recall@20: 0.0919    recall@50: 0.1607    ndcg@5: 0.0236    ndcg@10: 0.0308    ndcg@20: 0.0392    ndcg@50: 0.0529    precision@5: 0.0077    precision@10: 0.0062    precision@20: 0.0048    precision@50: 0.0034    map@5: 0.0191    map@10: 0.0220    map@20: 0.0242    map@50: 0.0264    
Thu 07 May 2026 04:24:06 INFO test result: 
recall@5: 0.0373    recall@10: 0.0613    recall@20: 0.0954    recall@50: 0.1650    ndcg@5: 0.0249    ndcg@10: 0.0328    ndcg@20: 0.0415    ndcg@50: 0.0556    precision@5: 0.0082    precision@10: 0.0068    precision@20: 0.0052    precision@50: 0.0037    map@5: 0.0202    map@10: 0.0233    map@20: 0.0256    map@50: 0.0279    
Thu 07 May 2026 04:24:06 INFO ██ PA2PD--Best validation results updated!!!
Thu 07 May 2026 04:24:09 INFO epoch 23 training [time: 3.06s, train loss: 25.5937]
Thu 07 May 2026 04:24:12 INFO epoch 23 evaluating [time: 1.33s, valid_score: 0.059100]
Thu 07 May 2026 04:24:12 INFO valid result: 
recall@5: 0.0360    recall@10: 0.0591    recall@20: 0.0920    recall@50: 0.1600    ndcg@5: 0.0236    ndcg@10: 0.0311    ndcg@20: 0.0394    ndcg@50: 0.0530    precision@5: 0.0075    precision@10: 0.0062    precision@20: 0.0048    precision@50: 0.0034    map@5: 0.0192    map@10: 0.0223    map@20: 0.0245    map@50: 0.0266    
Thu 07 May 2026 04:24:12 INFO test result: 
recall@5: 0.0375    recall@10: 0.0613    recall@20: 0.0964    recall@50: 0.1654    ndcg@5: 0.0250    ndcg@10: 0.0328    ndcg@20: 0.0418    ndcg@50: 0.0558    precision@5: 0.0083    precision@10: 0.0067    precision@20: 0.0053    precision@50: 0.0037    map@5: 0.0202    map@10: 0.0234    map@20: 0.0258    map@50: 0.0280    
Thu 07 May 2026 04:24:12 INFO ██ PA2PD--Best validation results updated!!!
Thu 07 May 2026 04:24:15 INFO epoch 24 training [time: 3.04s, train loss: 25.3066]
Thu 07 May 2026 04:24:17 INFO epoch 24 evaluating [time: 1.42s, valid_score: 0.059100]
Thu 07 May 2026 04:24:17 INFO valid result: 
recall@5: 0.0364    recall@10: 0.0591    recall@20: 0.0914    recall@50: 0.1604    ndcg@5: 0.0239    ndcg@10: 0.0312    ndcg@20: 0.0395    ndcg@50: 0.0532    precision@5: 0.0077    precision@10: 0.0062    precision@20: 0.0048    precision@50: 0.0034    map@5: 0.0195    map@10: 0.0225    map@20: 0.0247    map@50: 0.0268    
Thu 07 May 2026 04:24:17 INFO test result: 
recall@5: 0.0379    recall@10: 0.0617    recall@20: 0.0961    recall@50: 0.1662    ndcg@5: 0.0251    ndcg@10: 0.0329    ndcg@20: 0.0417    ndcg@50: 0.0559    precision@5: 0.0083    precision@10: 0.0068    precision@20: 0.0053    precision@50: 0.0037    map@5: 0.0202    map@10: 0.0233    map@20: 0.0257    map@50: 0.0279    
Thu 07 May 2026 04:24:20 INFO epoch 25 training [time: 3.04s, train loss: 24.9540]
Thu 07 May 2026 04:24:23 INFO epoch 25 evaluating [time: 1.34s, valid_score: 0.058900]
Thu 07 May 2026 04:24:23 INFO valid result: 
recall@5: 0.0360    recall@10: 0.0589    recall@20: 0.0919    recall@50: 0.1603    ndcg@5: 0.0238    ndcg@10: 0.0312    ndcg@20: 0.0396    ndcg@50: 0.0532    precision@5: 0.0076    precision@10: 0.0062    precision@20: 0.0048    precision@50: 0.0034    map@5: 0.0194    map@10: 0.0225    map@20: 0.0247    map@50: 0.0268    
Thu 07 May 2026 04:24:23 INFO test result: 
recall@5: 0.0380    recall@10: 0.0623    recall@20: 0.0970    recall@50: 0.1667    ndcg@5: 0.0251    ndcg@10: 0.0330    ndcg@20: 0.0419    ndcg@50: 0.0560    precision@5: 0.0084    precision@10: 0.0069    precision@20: 0.0053    precision@50: 0.0037    map@5: 0.0201    map@10: 0.0233    map@20: 0.0257    map@50: 0.0279    
Thu 07 May 2026 04:24:26 INFO epoch 26 training [time: 3.16s, train loss: 24.7055]
Thu 07 May 2026 04:24:29 INFO epoch 26 evaluating [time: 1.31s, valid_score: 0.058600]
Thu 07 May 2026 04:24:29 INFO valid result: 
recall@5: 0.0363    recall@10: 0.0586    recall@20: 0.0931    recall@50: 0.1613    ndcg@5: 0.0238    ndcg@10: 0.0311    ndcg@20: 0.0398    ndcg@50: 0.0534    precision@5: 0.0076    precision@10: 0.0062    precision@20: 0.0049    precision@50: 0.0034    map@5: 0.0194    map@10: 0.0223    map@20: 0.0247    map@50: 0.0268    
Thu 07 May 2026 04:24:29 INFO test result: 
recall@5: 0.0374    recall@10: 0.0621    recall@20: 0.0968    recall@50: 0.1678    ndcg@5: 0.0250    ndcg@10: 0.0331    ndcg@20: 0.0420    ndcg@50: 0.0564    precision@5: 0.0083    precision@10: 0.0068    precision@20: 0.0053    precision@50: 0.0037    map@5: 0.0202    map@10: 0.0235    map@20: 0.0258    map@50: 0.0281    
Thu 07 May 2026 04:24:32 INFO epoch 27 training [time: 3.03s, train loss: 24.4294]
Thu 07 May 2026 04:24:35 INFO epoch 27 evaluating [time: 1.31s, valid_score: 0.059000]
Thu 07 May 2026 04:24:35 INFO valid result: 
recall@5: 0.0365    recall@10: 0.0590    recall@20: 0.0939    recall@50: 0.1621    ndcg@5: 0.0240    ndcg@10: 0.0313    ndcg@20: 0.0402    ndcg@50: 0.0537    precision@5: 0.0077    precision@10: 0.0062    precision@20: 0.0049    precision@50: 0.0034    map@5: 0.0196    map@10: 0.0226    map@20: 0.0249    map@50: 0.0271    
Thu 07 May 2026 04:24:35 INFO test result: 
recall@5: 0.0381    recall@10: 0.0626    recall@20: 0.0979    recall@50: 0.1683    ndcg@5: 0.0254    ndcg@10: 0.0334    ndcg@20: 0.0424    ndcg@50: 0.0566    precision@5: 0.0084    precision@10: 0.0069    precision@20: 0.0054    precision@50: 0.0037    map@5: 0.0205    map@10: 0.0237    map@20: 0.0261    map@50: 0.0283    
Thu 07 May 2026 04:24:38 INFO epoch 28 training [time: 3.05s, train loss: 24.2124]
Thu 07 May 2026 04:24:40 INFO epoch 28 evaluating [time: 1.47s, valid_score: 0.059600]
Thu 07 May 2026 04:24:40 INFO valid result: 
recall@5: 0.0368    recall@10: 0.0596    recall@20: 0.0931    recall@50: 0.1613    ndcg@5: 0.0241    ndcg@10: 0.0315    ndcg@20: 0.0400    ndcg@50: 0.0536    precision@5: 0.0077    precision@10: 0.0063    precision@20: 0.0049    precision@50: 0.0034    map@5: 0.0196    map@10: 0.0226    map@20: 0.0248    map@50: 0.0270    
Thu 07 May 2026 04:24:40 INFO test result: 
recall@5: 0.0387    recall@10: 0.0628    recall@20: 0.0984    recall@50: 0.1685    ndcg@5: 0.0257    ndcg@10: 0.0335    ndcg@20: 0.0427    ndcg@50: 0.0569    precision@5: 0.0085    precision@10: 0.0069    precision@20: 0.0054    precision@50: 0.0037    map@5: 0.0207    map@10: 0.0238    map@20: 0.0263    map@50: 0.0285    
Thu 07 May 2026 04:24:40 INFO ██ PA2PD--Best validation results updated!!!
Thu 07 May 2026 04:24:44 INFO epoch 29 training [time: 3.08s, train loss: 23.9256]
Thu 07 May 2026 04:24:46 INFO epoch 29 evaluating [time: 1.29s, valid_score: 0.059900]
Thu 07 May 2026 04:24:46 INFO valid result: 
recall@5: 0.0372    recall@10: 0.0599    recall@20: 0.0934    recall@50: 0.1623    ndcg@5: 0.0243    ndcg@10: 0.0317    ndcg@20: 0.0402    ndcg@50: 0.0539    precision@5: 0.0078    precision@10: 0.0063    precision@20: 0.0049    precision@50: 0.0034    map@5: 0.0198    map@10: 0.0227    map@20: 0.0250    map@50: 0.0272    
Thu 07 May 2026 04:24:46 INFO test result: 
recall@5: 0.0391    recall@10: 0.0626    recall@20: 0.0982    recall@50: 0.1682    ndcg@5: 0.0258    ndcg@10: 0.0335    ndcg@20: 0.0427    ndcg@50: 0.0568    precision@5: 0.0086    precision@10: 0.0069    precision@20: 0.0054    precision@50: 0.0037    map@5: 0.0207    map@10: 0.0239    map@20: 0.0263    map@50: 0.0285    
Thu 07 May 2026 04:24:46 INFO ██ PA2PD--Best validation results updated!!!
Thu 07 May 2026 04:24:49 INFO epoch 30 training [time: 3.05s, train loss: 23.6401]
Thu 07 May 2026 04:24:52 INFO epoch 30 evaluating [time: 1.48s, valid_score: 0.059300]
Thu 07 May 2026 04:24:52 INFO valid result: 
recall@5: 0.0366    recall@10: 0.0593    recall@20: 0.0937    recall@50: 0.1634    ndcg@5: 0.0243    ndcg@10: 0.0316    ndcg@20: 0.0404    ndcg@50: 0.0543    precision@5: 0.0077    precision@10: 0.0062    precision@20: 0.0049    precision@50: 0.0035    map@5: 0.0199    map@10: 0.0229    map@20: 0.0252    map@50: 0.0274    
Thu 07 May 2026 04:24:52 INFO test result: 
recall@5: 0.0387    recall@10: 0.0625    recall@20: 0.0979    recall@50: 0.1681    ndcg@5: 0.0257    ndcg@10: 0.0336    ndcg@20: 0.0427    ndcg@50: 0.0569    precision@5: 0.0085    precision@10: 0.0069    precision@20: 0.0054    precision@50: 0.0037    map@5: 0.0208    map@10: 0.0240    map@20: 0.0264    map@50: 0.0287    
Thu 07 May 2026 04:24:55 INFO epoch 31 training [time: 3.06s, train loss: 23.3458]
Thu 07 May 2026 04:24:58 INFO epoch 31 evaluating [time: 1.33s, valid_score: 0.059400]
Thu 07 May 2026 04:24:58 INFO valid result: 
recall@5: 0.0372    recall@10: 0.0594    recall@20: 0.0940    recall@50: 0.1644    ndcg@5: 0.0246    ndcg@10: 0.0318    ndcg@20: 0.0406    ndcg@50: 0.0546    precision@5: 0.0078    precision@10: 0.0063    precision@20: 0.0050    precision@50: 0.0035    map@5: 0.0201    map@10: 0.0230    map@20: 0.0254    map@50: 0.0276    
Thu 07 May 2026 04:24:58 INFO test result: 
recall@5: 0.0390    recall@10: 0.0627    recall@20: 0.0986    recall@50: 0.1682    ndcg@5: 0.0259    ndcg@10: 0.0337    ndcg@20: 0.0429    ndcg@50: 0.0570    precision@5: 0.0086    precision@10: 0.0069    precision@20: 0.0054    precision@50: 0.0037    map@5: 0.0209    map@10: 0.0240    map@20: 0.0265    map@50: 0.0287    
Thu 07 May 2026 04:25:01 INFO epoch 32 training [time: 3.09s, train loss: 23.1089]
Thu 07 May 2026 04:25:04 INFO epoch 32 evaluating [time: 1.34s, valid_score: 0.060100]
Thu 07 May 2026 04:25:04 INFO valid result: 
recall@5: 0.0374    recall@10: 0.0601    recall@20: 0.0950    recall@50: 0.1651    ndcg@5: 0.0247    ndcg@10: 0.0321    ndcg@20: 0.0409    ndcg@50: 0.0549    precision@5: 0.0079    precision@10: 0.0063    precision@20: 0.0050    precision@50: 0.0035    map@5: 0.0202    map@10: 0.0232    map@20: 0.0256    map@50: 0.0277    
Thu 07 May 2026 04:25:04 INFO test result: 
recall@5: 0.0393    recall@10: 0.0633    recall@20: 0.0997    recall@50: 0.1693    ndcg@5: 0.0260    ndcg@10: 0.0339    ndcg@20: 0.0432    ndcg@50: 0.0573    precision@5: 0.0086    precision@10: 0.0070    precision@20: 0.0055    precision@50: 0.0038    map@5: 0.0209    map@10: 0.0241    map@20: 0.0266    map@50: 0.0288    
Thu 07 May 2026 04:25:04 INFO ██ PA2PD--Best validation results updated!!!
Thu 07 May 2026 04:25:07 INFO epoch 33 training [time: 3.05s, train loss: 22.8273]
Thu 07 May 2026 04:25:09 INFO epoch 33 evaluating [time: 1.33s, valid_score: 0.060800]
Thu 07 May 2026 04:25:09 INFO valid result: 
recall@5: 0.0374    recall@10: 0.0608    recall@20: 0.0961    recall@50: 0.1657    ndcg@5: 0.0248    ndcg@10: 0.0324    ndcg@20: 0.0413    ndcg@50: 0.0551    precision@5: 0.0078    precision@10: 0.0064    precision@20: 0.0051    precision@50: 0.0035    map@5: 0.0203    map@10: 0.0234    map@20: 0.0258    map@50: 0.0279    
Thu 07 May 2026 04:25:09 INFO test result: 
recall@5: 0.0398    recall@10: 0.0637    recall@20: 0.1004    recall@50: 0.1694    ndcg@5: 0.0260    ndcg@10: 0.0339    ndcg@20: 0.0433    ndcg@50: 0.0573    precision@5: 0.0087    precision@10: 0.0070    precision@20: 0.0055    precision@50: 0.0038    map@5: 0.0208    map@10: 0.0240    map@20: 0.0266    map@50: 0.0288    
Thu 07 May 2026 04:25:09 INFO ██ PA2PD--Best validation results updated!!!
Thu 07 May 2026 04:25:12 INFO epoch 34 training [time: 3.06s, train loss: 22.6973]
Thu 07 May 2026 04:25:15 INFO epoch 34 evaluating [time: 1.31s, valid_score: 0.060700]
Thu 07 May 2026 04:25:15 INFO valid result: 
recall@5: 0.0375    recall@10: 0.0607    recall@20: 0.0960    recall@50: 0.1661    ndcg@5: 0.0249    ndcg@10: 0.0324    ndcg@20: 0.0414    ndcg@50: 0.0553    precision@5: 0.0079    precision@10: 0.0064    precision@20: 0.0051    precision@50: 0.0035    map@5: 0.0204    map@10: 0.0235    map@20: 0.0259    map@50: 0.0281    
Thu 07 May 2026 04:25:15 INFO test result: 
recall@5: 0.0400    recall@10: 0.0639    recall@20: 0.1003    recall@50: 0.1692    ndcg@5: 0.0264    ndcg@10: 0.0342    ndcg@20: 0.0435    ndcg@50: 0.0575    precision@5: 0.0088    precision@10: 0.0070    precision@20: 0.0055    precision@50: 0.0038    map@5: 0.0212    map@10: 0.0243    map@20: 0.0268    map@50: 0.0290    
Thu 07 May 2026 04:25:18 INFO epoch 35 training [time: 3.17s, train loss: 22.3961]
Thu 07 May 2026 04:25:21 INFO epoch 35 evaluating [time: 1.34s, valid_score: 0.061100]
Thu 07 May 2026 04:25:21 INFO valid result: 
recall@5: 0.0377    recall@10: 0.0611    recall@20: 0.0958    recall@50: 0.1652    ndcg@5: 0.0249    ndcg@10: 0.0325    ndcg@20: 0.0413    ndcg@50: 0.0552    precision@5: 0.0079    precision@10: 0.0064    precision@20: 0.0050    precision@50: 0.0035    map@5: 0.0204    map@10: 0.0235    map@20: 0.0258    map@50: 0.0280    
Thu 07 May 2026 04:25:21 INFO test result: 
recall@5: 0.0397    recall@10: 0.0632    recall@20: 0.1010    recall@50: 0.1693    ndcg@5: 0.0263    ndcg@10: 0.0340    ndcg@20: 0.0437    ndcg@50: 0.0575    precision@5: 0.0087    precision@10: 0.0070    precision@20: 0.0055    precision@50: 0.0038    map@5: 0.0211    map@10: 0.0243    map@20: 0.0269    map@50: 0.0291    
Thu 07 May 2026 04:25:21 INFO ██ PA2PD--Best validation results updated!!!
Thu 07 May 2026 04:25:24 INFO epoch 36 training [time: 3.03s, train loss: 22.2477]
Thu 07 May 2026 04:25:27 INFO epoch 36 evaluating [time: 1.31s, valid_score: 0.061300]
Thu 07 May 2026 04:25:27 INFO valid result: 
recall@5: 0.0375    recall@10: 0.0613    recall@20: 0.0952    recall@50: 0.1657    ndcg@5: 0.0249    ndcg@10: 0.0326    ndcg@20: 0.0412    ndcg@50: 0.0553    precision@5: 0.0079    precision@10: 0.0064    precision@20: 0.0050    precision@50: 0.0035    map@5: 0.0204    map@10: 0.0236    map@20: 0.0259    map@50: 0.0281    
Thu 07 May 2026 04:25:27 INFO test result: 
recall@5: 0.0405    recall@10: 0.0636    recall@20: 0.1016    recall@50: 0.1710    ndcg@5: 0.0265    ndcg@10: 0.0341    ndcg@20: 0.0438    ndcg@50: 0.0578    precision@5: 0.0089    precision@10: 0.0070    precision@20: 0.0056    precision@50: 0.0038    map@5: 0.0212    map@10: 0.0243    map@20: 0.0269    map@50: 0.0291    
Thu 07 May 2026 04:25:27 INFO ██ PA2PD--Best validation results updated!!!
Thu 07 May 2026 04:25:30 INFO epoch 37 training [time: 3.04s, train loss: 22.0175]
Thu 07 May 2026 04:25:32 INFO epoch 37 evaluating [time: 1.41s, valid_score: 0.061500]
Thu 07 May 2026 04:25:32 INFO valid result: 
recall@5: 0.0375    recall@10: 0.0615    recall@20: 0.0955    recall@50: 0.1659    ndcg@5: 0.0249    ndcg@10: 0.0327    ndcg@20: 0.0413    ndcg@50: 0.0554    precision@5: 0.0079    precision@10: 0.0065    precision@20: 0.0050    precision@50: 0.0035    map@5: 0.0205    map@10: 0.0236    map@20: 0.0260    map@50: 0.0282    
Thu 07 May 2026 04:25:32 INFO test result: 
recall@5: 0.0404    recall@10: 0.0636    recall@20: 0.1013    recall@50: 0.1701    ndcg@5: 0.0266    ndcg@10: 0.0342    ndcg@20: 0.0439    ndcg@50: 0.0578    precision@5: 0.0089    precision@10: 0.0070    precision@20: 0.0055    precision@50: 0.0038    map@5: 0.0214    map@10: 0.0245    map@20: 0.0270    map@50: 0.0292    
Thu 07 May 2026 04:25:32 INFO ██ PA2PD--Best validation results updated!!!
Thu 07 May 2026 04:25:35 INFO epoch 38 training [time: 3.05s, train loss: 21.8215]
Thu 07 May 2026 04:25:38 INFO epoch 38 evaluating [time: 1.30s, valid_score: 0.061400]
Thu 07 May 2026 04:25:38 INFO valid result: 
recall@5: 0.0379    recall@10: 0.0614    recall@20: 0.0960    recall@50: 0.1658    ndcg@5: 0.0250    ndcg@10: 0.0326    ndcg@20: 0.0414    ndcg@50: 0.0554    precision@5: 0.0080    precision@10: 0.0064    precision@20: 0.0051    precision@50: 0.0035    map@5: 0.0205    map@10: 0.0235    map@20: 0.0259    map@50: 0.0281    
Thu 07 May 2026 04:25:38 INFO test result: 
recall@5: 0.0407    recall@10: 0.0639    recall@20: 0.1014    recall@50: 0.1705    ndcg@5: 0.0268    ndcg@10: 0.0345    ndcg@20: 0.0441    ndcg@50: 0.0580    precision@5: 0.0089    precision@10: 0.0071    precision@20: 0.0056    precision@50: 0.0038    map@5: 0.0216    map@10: 0.0247    map@20: 0.0273    map@50: 0.0294    
Thu 07 May 2026 04:25:41 INFO epoch 39 training [time: 3.04s, train loss: 21.5788]
Thu 07 May 2026 04:25:44 INFO epoch 39 evaluating [time: 1.33s, valid_score: 0.061700]
Thu 07 May 2026 04:25:44 INFO valid result: 
recall@5: 0.0379    recall@10: 0.0617    recall@20: 0.0968    recall@50: 0.1671    ndcg@5: 0.0250    ndcg@10: 0.0327    ndcg@20: 0.0416    ndcg@50: 0.0556    precision@5: 0.0080    precision@10: 0.0065    precision@20: 0.0051    precision@50: 0.0035    map@5: 0.0204    map@10: 0.0235    map@20: 0.0259    map@50: 0.0281    
Thu 07 May 2026 04:25:44 INFO test result: 
recall@5: 0.0413    recall@10: 0.0646    recall@20: 0.1022    recall@50: 0.1709    ndcg@5: 0.0270    ndcg@10: 0.0346    ndcg@20: 0.0443    ndcg@50: 0.0582    precision@5: 0.0090    precision@10: 0.0071    precision@20: 0.0056    precision@50: 0.0038    map@5: 0.0217    map@10: 0.0247    map@20: 0.0273    map@50: 0.0295    
Thu 07 May 2026 04:25:44 INFO ██ PA2PD--Best validation results updated!!!
Thu 07 May 2026 04:25:47 INFO epoch 40 training [time: 3.04s, train loss: 21.4052]
Thu 07 May 2026 04:25:50 INFO epoch 40 evaluating [time: 1.34s, valid_score: 0.061000]
Thu 07 May 2026 04:25:50 INFO valid result: 
recall@5: 0.0382    recall@10: 0.0610    recall@20: 0.0959    recall@50: 0.1670    ndcg@5: 0.0253    ndcg@10: 0.0327    ndcg@20: 0.0416    ndcg@50: 0.0558    precision@5: 0.0080    precision@10: 0.0064    precision@20: 0.0051    precision@50: 0.0035    map@5: 0.0207    map@10: 0.0237    map@20: 0.0261    map@50: 0.0284    
Thu 07 May 2026 04:25:50 INFO test result: 
recall@5: 0.0406    recall@10: 0.0646    recall@20: 0.1028    recall@50: 0.1720    ndcg@5: 0.0267    ndcg@10: 0.0345    ndcg@20: 0.0443    ndcg@50: 0.0583    precision@5: 0.0089    precision@10: 0.0071    precision@20: 0.0056    precision@50: 0.0038    map@5: 0.0214    map@10: 0.0246    map@20: 0.0272    map@50: 0.0294    
Thu 07 May 2026 04:25:53 INFO epoch 41 training [time: 3.04s, train loss: 21.2154]
Thu 07 May 2026 04:25:55 INFO epoch 41 evaluating [time: 1.32s, valid_score: 0.061500]
Thu 07 May 2026 04:25:55 INFO valid result: 
recall@5: 0.0379    recall@10: 0.0615    recall@20: 0.0964    recall@50: 0.1681    ndcg@5: 0.0251    ndcg@10: 0.0328    ndcg@20: 0.0416    ndcg@50: 0.0560    precision@5: 0.0079    precision@10: 0.0065    precision@20: 0.0051    precision@50: 0.0036    map@5: 0.0206    map@10: 0.0237    map@20: 0.0261    map@50: 0.0284    
Thu 07 May 2026 04:25:55 INFO test result: 
recall@5: 0.0406    recall@10: 0.0648    recall@20: 0.1024    recall@50: 0.1712    ndcg@5: 0.0266    ndcg@10: 0.0346    ndcg@20: 0.0442    ndcg@50: 0.0581    precision@5: 0.0089    precision@10: 0.0071    precision@20: 0.0056    precision@50: 0.0038    map@5: 0.0214    map@10: 0.0246    map@20: 0.0271    map@50: 0.0293    
Thu 07 May 2026 04:25:58 INFO epoch 42 training [time: 3.16s, train loss: 20.9838]
Thu 07 May 2026 04:26:01 INFO epoch 42 evaluating [time: 1.34s, valid_score: 0.062000]
Thu 07 May 2026 04:26:01 INFO valid result: 
recall@5: 0.0381    recall@10: 0.0620    recall@20: 0.0969    recall@50: 0.1675    ndcg@5: 0.0251    ndcg@10: 0.0329    ndcg@20: 0.0418    ndcg@50: 0.0559    precision@5: 0.0080    precision@10: 0.0065    precision@20: 0.0051    precision@50: 0.0035    map@5: 0.0206    map@10: 0.0237    map@20: 0.0261    map@50: 0.0283    
Thu 07 May 2026 04:26:01 INFO test result: 
recall@5: 0.0412    recall@10: 0.0642    recall@20: 0.1034    recall@50: 0.1710    ndcg@5: 0.0270    ndcg@10: 0.0346    ndcg@20: 0.0446    ndcg@50: 0.0583    precision@5: 0.0090    precision@10: 0.0071    precision@20: 0.0057    precision@50: 0.0038    map@5: 0.0217    map@10: 0.0247    map@20: 0.0274    map@50: 0.0295    
Thu 07 May 2026 04:26:01 INFO ██ PA2PD--Best validation results updated!!!
Thu 07 May 2026 04:26:04 INFO epoch 43 training [time: 3.04s, train loss: 20.8042]
Thu 07 May 2026 04:26:07 INFO epoch 43 evaluating [time: 1.32s, valid_score: 0.062000]
Thu 07 May 2026 04:26:07 INFO valid result: 
recall@5: 0.0381    recall@10: 0.0620    recall@20: 0.0972    recall@50: 0.1684    ndcg@5: 0.0253    ndcg@10: 0.0331    ndcg@20: 0.0420    ndcg@50: 0.0563    precision@5: 0.0080    precision@10: 0.0065    precision@20: 0.0051    precision@50: 0.0036    map@5: 0.0208    map@10: 0.0239    map@20: 0.0263    map@50: 0.0286    
Thu 07 May 2026 04:26:07 INFO test result: 
recall@5: 0.0409    recall@10: 0.0651    recall@20: 0.1039    recall@50: 0.1720    ndcg@5: 0.0271    ndcg@10: 0.0349    ndcg@20: 0.0449    ndcg@50: 0.0586    precision@5: 0.0090    precision@10: 0.0072    precision@20: 0.0057    precision@50: 0.0038    map@5: 0.0218    map@10: 0.0250    map@20: 0.0276    map@50: 0.0298    
Thu 07 May 2026 04:26:10 INFO epoch 44 training [time: 3.15s, train loss: 20.6791]
Thu 07 May 2026 04:26:13 INFO epoch 44 evaluating [time: 1.34s, valid_score: 0.061700]
Thu 07 May 2026 04:26:13 INFO valid result: 
recall@5: 0.0383    recall@10: 0.0617    recall@20: 0.0974    recall@50: 0.1671    ndcg@5: 0.0254    ndcg@10: 0.0331    ndcg@20: 0.0421    ndcg@50: 0.0561    precision@5: 0.0080    precision@10: 0.0065    precision@20: 0.0051    precision@50: 0.0035    map@5: 0.0209    map@10: 0.0240    map@20: 0.0264    map@50: 0.0286    
Thu 07 May 2026 04:26:13 INFO test result: 
recall@5: 0.0409    recall@10: 0.0647    recall@20: 0.1035    recall@50: 0.1728    ndcg@5: 0.0271    ndcg@10: 0.0349    ndcg@20: 0.0448    ndcg@50: 0.0588    precision@5: 0.0090    precision@10: 0.0071    precision@20: 0.0057    precision@50: 0.0038    map@5: 0.0219    map@10: 0.0250    map@20: 0.0276    map@50: 0.0298    
Thu 07 May 2026 04:26:16 INFO epoch 45 training [time: 3.04s, train loss: 20.5539]
Thu 07 May 2026 04:26:18 INFO epoch 45 evaluating [time: 1.40s, valid_score: 0.062700]
Thu 07 May 2026 04:26:18 INFO valid result: 
recall@5: 0.0380    recall@10: 0.0627    recall@20: 0.0974    recall@50: 0.1684    ndcg@5: 0.0253    ndcg@10: 0.0333    ndcg@20: 0.0421    ndcg@50: 0.0564    precision@5: 0.0080    precision@10: 0.0066    precision@20: 0.0051    precision@50: 0.0036    map@5: 0.0208    map@10: 0.0241    map@20: 0.0264    map@50: 0.0287    
Thu 07 May 2026 04:26:18 INFO test result: 
recall@5: 0.0412    recall@10: 0.0658    recall@20: 0.1033    recall@50: 0.1722    ndcg@5: 0.0270    ndcg@10: 0.0351    ndcg@20: 0.0447    ndcg@50: 0.0586    precision@5: 0.0090    precision@10: 0.0072    precision@20: 0.0057    precision@50: 0.0038    map@5: 0.0217    map@10: 0.0249    map@20: 0.0275    map@50: 0.0297    
Thu 07 May 2026 04:26:18 INFO ██ PA2PD--Best validation results updated!!!
Thu 07 May 2026 04:26:21 INFO epoch 46 training [time: 3.04s, train loss: 20.2821]
Thu 07 May 2026 04:26:24 INFO epoch 46 evaluating [time: 1.46s, valid_score: 0.062300]
Thu 07 May 2026 04:26:24 INFO valid result: 
recall@5: 0.0386    recall@10: 0.0623    recall@20: 0.0982    recall@50: 0.1700    ndcg@5: 0.0255    ndcg@10: 0.0332    ndcg@20: 0.0422    ndcg@50: 0.0566    precision@5: 0.0081    precision@10: 0.0065    precision@20: 0.0052    precision@50: 0.0036    map@5: 0.0209    map@10: 0.0240    map@20: 0.0264    map@50: 0.0286    
Thu 07 May 2026 04:26:24 INFO test result: 
recall@5: 0.0411    recall@10: 0.0656    recall@20: 0.1031    recall@50: 0.1728    ndcg@5: 0.0270    ndcg@10: 0.0350    ndcg@20: 0.0446    ndcg@50: 0.0587    precision@5: 0.0090    precision@10: 0.0072    precision@20: 0.0056    precision@50: 0.0038    map@5: 0.0217    map@10: 0.0249    map@20: 0.0275    map@50: 0.0297    
Thu 07 May 2026 04:26:27 INFO epoch 47 training [time: 3.05s, train loss: 20.1596]
Thu 07 May 2026 04:26:30 INFO epoch 47 evaluating [time: 1.34s, valid_score: 0.061900]
Thu 07 May 2026 04:26:30 INFO valid result: 
recall@5: 0.0384    recall@10: 0.0619    recall@20: 0.0983    recall@50: 0.1694    ndcg@5: 0.0253    ndcg@10: 0.0329    ndcg@20: 0.0422    ndcg@50: 0.0564    precision@5: 0.0081    precision@10: 0.0065    precision@20: 0.0052    precision@50: 0.0036    map@5: 0.0207    map@10: 0.0238    map@20: 0.0262    map@50: 0.0285    
Thu 07 May 2026 04:26:30 INFO test result: 
recall@5: 0.0402    recall@10: 0.0665    recall@20: 0.1032    recall@50: 0.1730    ndcg@5: 0.0266    ndcg@10: 0.0352    ndcg@20: 0.0446    ndcg@50: 0.0587    precision@5: 0.0088    precision@10: 0.0073    precision@20: 0.0057    precision@50: 0.0038    map@5: 0.0215    map@10: 0.0249    map@20: 0.0274    map@50: 0.0296    
Thu 07 May 2026 04:26:33 INFO epoch 48 training [time: 3.05s, train loss: 20.0140]
Thu 07 May 2026 04:26:36 INFO epoch 48 evaluating [time: 1.37s, valid_score: 0.061600]
Thu 07 May 2026 04:26:36 INFO valid result: 
recall@5: 0.0392    recall@10: 0.0616    recall@20: 0.0991    recall@50: 0.1690    ndcg@5: 0.0257    ndcg@10: 0.0330    ndcg@20: 0.0425    ndcg@50: 0.0565    precision@5: 0.0082    precision@10: 0.0065    precision@20: 0.0052    precision@50: 0.0036    map@5: 0.0210    map@10: 0.0239    map@20: 0.0264    map@50: 0.0286    
Thu 07 May 2026 04:26:36 INFO test result: 
recall@5: 0.0399    recall@10: 0.0665    recall@20: 0.1033    recall@50: 0.1730    ndcg@5: 0.0266    ndcg@10: 0.0353    ndcg@20: 0.0447    ndcg@50: 0.0588    precision@5: 0.0088    precision@10: 0.0073    precision@20: 0.0057    precision@50: 0.0038    map@5: 0.0216    map@10: 0.0251    map@20: 0.0276    map@50: 0.0298    
Thu 07 May 2026 04:26:39 INFO epoch 49 training [time: 3.05s, train loss: 19.9100]
Thu 07 May 2026 04:26:42 INFO epoch 49 evaluating [time: 1.37s, valid_score: 0.061500]
Thu 07 May 2026 04:26:42 INFO valid result: 
recall@5: 0.0396    recall@10: 0.0615    recall@20: 0.0979    recall@50: 0.1694    ndcg@5: 0.0261    ndcg@10: 0.0332    ndcg@20: 0.0424    ndcg@50: 0.0568    precision@5: 0.0083    precision@10: 0.0065    precision@20: 0.0052    precision@50: 0.0036    map@5: 0.0213    map@10: 0.0242    map@20: 0.0267    map@50: 0.0290    
Thu 07 May 2026 04:26:42 INFO test result: 
recall@5: 0.0403    recall@10: 0.0666    recall@20: 0.1037    recall@50: 0.1733    ndcg@5: 0.0268    ndcg@10: 0.0354    ndcg@20: 0.0449    ndcg@50: 0.0589    precision@5: 0.0088    precision@10: 0.0073    precision@20: 0.0057    precision@50: 0.0038    map@5: 0.0217    map@10: 0.0251    map@20: 0.0276    map@50: 0.0298    
Thu 07 May 2026 04:26:45 INFO epoch 50 training [time: 3.11s, train loss: 19.7370]
Thu 07 May 2026 04:26:48 INFO epoch 50 evaluating [time: 1.35s, valid_score: 0.062200]
Thu 07 May 2026 04:26:48 INFO valid result: 
recall@5: 0.0394    recall@10: 0.0622    recall@20: 0.0980    recall@50: 0.1692    ndcg@5: 0.0259    ndcg@10: 0.0332    ndcg@20: 0.0423    ndcg@50: 0.0566    precision@5: 0.0083    precision@10: 0.0065    precision@20: 0.0052    precision@50: 0.0036    map@5: 0.0211    map@10: 0.0241    map@20: 0.0265    map@50: 0.0288    
Thu 07 May 2026 04:26:48 INFO test result: 
recall@5: 0.0411    recall@10: 0.0662    recall@20: 0.1034    recall@50: 0.1737    ndcg@5: 0.0270    ndcg@10: 0.0352    ndcg@20: 0.0447    ndcg@50: 0.0589    precision@5: 0.0090    precision@10: 0.0073    precision@20: 0.0057    precision@50: 0.0038    map@5: 0.0217    map@10: 0.0250    map@20: 0.0275    map@50: 0.0297    
Thu 07 May 2026 04:26:51 INFO epoch 51 training [time: 3.16s, train loss: 19.6020]
Thu 07 May 2026 04:26:53 INFO epoch 51 evaluating [time: 1.37s, valid_score: 0.062400]
Thu 07 May 2026 04:26:53 INFO valid result: 
recall@5: 0.0392    recall@10: 0.0624    recall@20: 0.0995    recall@50: 0.1698    ndcg@5: 0.0259    ndcg@10: 0.0333    ndcg@20: 0.0427    ndcg@50: 0.0568    precision@5: 0.0082    precision@10: 0.0065    precision@20: 0.0053    precision@50: 0.0036    map@5: 0.0212    map@10: 0.0242    map@20: 0.0267    map@50: 0.0289    
Thu 07 May 2026 04:26:53 INFO test result: 
recall@5: 0.0407    recall@10: 0.0663    recall@20: 0.1038    recall@50: 0.1739    ndcg@5: 0.0269    ndcg@10: 0.0353    ndcg@20: 0.0449    ndcg@50: 0.0591    precision@5: 0.0089    precision@10: 0.0073    precision@20: 0.0057    precision@50: 0.0038    map@5: 0.0217    map@10: 0.0251    map@20: 0.0277    map@50: 0.0299    
Thu 07 May 2026 04:26:56 INFO epoch 52 training [time: 3.07s, train loss: 19.4283]
Thu 07 May 2026 04:26:59 INFO epoch 52 evaluating [time: 1.31s, valid_score: 0.063000]
Thu 07 May 2026 04:26:59 INFO valid result: 
recall@5: 0.0387    recall@10: 0.0630    recall@20: 0.0990    recall@50: 0.1701    ndcg@5: 0.0257    ndcg@10: 0.0335    ndcg@20: 0.0427    ndcg@50: 0.0569    precision@5: 0.0081    precision@10: 0.0066    precision@20: 0.0052    precision@50: 0.0036    map@5: 0.0211    map@10: 0.0242    map@20: 0.0267    map@50: 0.0289    
Thu 07 May 2026 04:26:59 INFO test result: 
recall@5: 0.0412    recall@10: 0.0663    recall@20: 0.1033    recall@50: 0.1730    ndcg@5: 0.0270    ndcg@10: 0.0353    ndcg@20: 0.0448    ndcg@50: 0.0589    precision@5: 0.0090    precision@10: 0.0073    precision@20: 0.0057    precision@50: 0.0038    map@5: 0.0217    map@10: 0.0250    map@20: 0.0276    map@50: 0.0298    
Thu 07 May 2026 04:26:59 INFO ██ PA2PD--Best validation results updated!!!
Thu 07 May 2026 04:27:02 INFO epoch 53 training [time: 3.05s, train loss: 19.3474]
Thu 07 May 2026 04:27:05 INFO epoch 53 evaluating [time: 1.49s, valid_score: 0.062700]
Thu 07 May 2026 04:27:05 INFO valid result: 
recall@5: 0.0389    recall@10: 0.0627    recall@20: 0.0995    recall@50: 0.1696    ndcg@5: 0.0260    ndcg@10: 0.0336    ndcg@20: 0.0430    ndcg@50: 0.0570    precision@5: 0.0082    precision@10: 0.0066    precision@20: 0.0052    precision@50: 0.0036    map@5: 0.0214    map@10: 0.0244    map@20: 0.0269    map@50: 0.0291    
Thu 07 May 2026 04:27:05 INFO test result: 
recall@5: 0.0409    recall@10: 0.0654    recall@20: 0.1035    recall@50: 0.1724    ndcg@5: 0.0270    ndcg@10: 0.0350    ndcg@20: 0.0448    ndcg@50: 0.0588    precision@5: 0.0090    precision@10: 0.0072    precision@20: 0.0057    precision@50: 0.0038    map@5: 0.0217    map@10: 0.0250    map@20: 0.0276    map@50: 0.0298    
Thu 07 May 2026 04:27:08 INFO epoch 54 training [time: 3.06s, train loss: 19.2243]
Thu 07 May 2026 04:27:11 INFO epoch 54 evaluating [time: 1.36s, valid_score: 0.062800]
Thu 07 May 2026 04:27:11 INFO valid result: 
recall@5: 0.0390    recall@10: 0.0628    recall@20: 0.0984    recall@50: 0.1698    ndcg@5: 0.0260    ndcg@10: 0.0337    ndcg@20: 0.0427    ndcg@50: 0.0570    precision@5: 0.0082    precision@10: 0.0066    precision@20: 0.0052    precision@50: 0.0036    map@5: 0.0214    map@10: 0.0245    map@20: 0.0269    map@50: 0.0292    
Thu 07 May 2026 04:27:11 INFO test result: 
recall@5: 0.0410    recall@10: 0.0668    recall@20: 0.1034    recall@50: 0.1731    ndcg@5: 0.0271    ndcg@10: 0.0355    ndcg@20: 0.0449    ndcg@50: 0.0590    precision@5: 0.0090    precision@10: 0.0073    precision@20: 0.0057    precision@50: 0.0038    map@5: 0.0218    map@10: 0.0252    map@20: 0.0277    map@50: 0.0299    
Thu 07 May 2026 04:27:14 INFO epoch 55 training [time: 3.06s, train loss: 19.0745]
Thu 07 May 2026 04:27:17 INFO epoch 55 evaluating [time: 1.53s, valid_score: 0.062800]
Thu 07 May 2026 04:27:17 INFO valid result: 
recall@5: 0.0391    recall@10: 0.0628    recall@20: 0.0996    recall@50: 0.1710    ndcg@5: 0.0259    ndcg@10: 0.0336    ndcg@20: 0.0429    ndcg@50: 0.0571    precision@5: 0.0082    precision@10: 0.0066    precision@20: 0.0053    precision@50: 0.0036    map@5: 0.0212    map@10: 0.0243    map@20: 0.0268    map@50: 0.0290    
Thu 07 May 2026 04:27:17 INFO test result: 
recall@5: 0.0410    recall@10: 0.0664    recall@20: 0.1041    recall@50: 0.1732    ndcg@5: 0.0271    ndcg@10: 0.0354    ndcg@20: 0.0451    ndcg@50: 0.0591    precision@5: 0.0090    precision@10: 0.0073    precision@20: 0.0057    precision@50: 0.0038    map@5: 0.0219    map@10: 0.0252    map@20: 0.0278    map@50: 0.0300    
Thu 07 May 2026 04:27:20 INFO epoch 56 training [time: 3.04s, train loss: 18.9506]
Thu 07 May 2026 04:27:22 INFO epoch 56 evaluating [time: 1.34s, valid_score: 0.062300]
Thu 07 May 2026 04:27:22 INFO valid result: 
recall@5: 0.0389    recall@10: 0.0623    recall@20: 0.0994    recall@50: 0.1706    ndcg@5: 0.0259    ndcg@10: 0.0335    ndcg@20: 0.0429    ndcg@50: 0.0572    precision@5: 0.0082    precision@10: 0.0066    precision@20: 0.0052    precision@50: 0.0036    map@5: 0.0213    map@10: 0.0244    map@20: 0.0269    map@50: 0.0292    
Thu 07 May 2026 04:27:22 INFO test result: 
recall@5: 0.0414    recall@10: 0.0671    recall@20: 0.1041    recall@50: 0.1738    ndcg@5: 0.0272    ndcg@10: 0.0356    ndcg@20: 0.0451    ndcg@50: 0.0592    precision@5: 0.0091    precision@10: 0.0074    precision@20: 0.0057    precision@50: 0.0039    map@5: 0.0219    map@10: 0.0252    map@20: 0.0278    map@50: 0.0300    
Thu 07 May 2026 04:27:26 INFO epoch 57 training [time: 3.05s, train loss: 18.8525]
Thu 07 May 2026 04:27:28 INFO epoch 57 evaluating [time: 1.33s, valid_score: 0.062600]
Thu 07 May 2026 04:27:28 INFO valid result: 
recall@5: 0.0390    recall@10: 0.0626    recall@20: 0.0988    recall@50: 0.1706    ndcg@5: 0.0259    ndcg@10: 0.0335    ndcg@20: 0.0427    ndcg@50: 0.0571    precision@5: 0.0082    precision@10: 0.0066    precision@20: 0.0052    precision@50: 0.0036    map@5: 0.0213    map@10: 0.0243    map@20: 0.0268    map@50: 0.0291    
Thu 07 May 2026 04:27:28 INFO test result: 
recall@5: 0.0412    recall@10: 0.0665    recall@20: 0.1036    recall@50: 0.1728    ndcg@5: 0.0272    ndcg@10: 0.0354    ndcg@20: 0.0450    ndcg@50: 0.0590    precision@5: 0.0090    precision@10: 0.0073    precision@20: 0.0057    precision@50: 0.0038    map@5: 0.0219    map@10: 0.0252    map@20: 0.0278    map@50: 0.0300    
Thu 07 May 2026 04:27:31 INFO epoch 58 training [time: 3.04s, train loss: 18.7424]
Thu 07 May 2026 04:27:34 INFO epoch 58 evaluating [time: 1.34s, valid_score: 0.062600]
Thu 07 May 2026 04:27:34 INFO valid result: 
recall@5: 0.0386    recall@10: 0.0626    recall@20: 0.0998    recall@50: 0.1708    ndcg@5: 0.0256    ndcg@10: 0.0333    ndcg@20: 0.0428    ndcg@50: 0.0570    precision@5: 0.0081    precision@10: 0.0066    precision@20: 0.0053    precision@50: 0.0036    map@5: 0.0209    map@10: 0.0241    map@20: 0.0266    map@50: 0.0289    
Thu 07 May 2026 04:27:34 INFO test result: 
recall@5: 0.0407    recall@10: 0.0666    recall@20: 0.1042    recall@50: 0.1724    ndcg@5: 0.0271    ndcg@10: 0.0355    ndcg@20: 0.0452    ndcg@50: 0.0590    precision@5: 0.0089    precision@10: 0.0073    precision@20: 0.0057    precision@50: 0.0038    map@5: 0.0219    map@10: 0.0253    map@20: 0.0279    map@50: 0.0301    
Thu 07 May 2026 04:27:37 INFO epoch 59 training [time: 3.06s, train loss: 18.6742]
Thu 07 May 2026 04:27:40 INFO epoch 59 evaluating [time: 1.33s, valid_score: 0.062700]
Thu 07 May 2026 04:27:40 INFO valid result: 
recall@5: 0.0390    recall@10: 0.0627    recall@20: 0.0995    recall@50: 0.1709    ndcg@5: 0.0258    ndcg@10: 0.0335    ndcg@20: 0.0428    ndcg@50: 0.0571    precision@5: 0.0082    precision@10: 0.0066    precision@20: 0.0053    precision@50: 0.0036    map@5: 0.0211    map@10: 0.0242    map@20: 0.0267    map@50: 0.0290    
Thu 07 May 2026 04:27:40 INFO test result: 
recall@5: 0.0408    recall@10: 0.0667    recall@20: 0.1046    recall@50: 0.1726    ndcg@5: 0.0272    ndcg@10: 0.0356    ndcg@20: 0.0454    ndcg@50: 0.0592    precision@5: 0.0089    precision@10: 0.0073    precision@20: 0.0057    precision@50: 0.0038    map@5: 0.0221    map@10: 0.0254    map@20: 0.0280    map@50: 0.0302    
Thu 07 May 2026 04:27:43 INFO epoch 60 training [time: 3.21s, train loss: 18.6065]
Thu 07 May 2026 04:27:46 INFO epoch 60 evaluating [time: 1.34s, valid_score: 0.062600]
Thu 07 May 2026 04:27:46 INFO valid result: 
recall@5: 0.0386    recall@10: 0.0626    recall@20: 0.0991    recall@50: 0.1718    ndcg@5: 0.0258    ndcg@10: 0.0336    ndcg@20: 0.0429    ndcg@50: 0.0574    precision@5: 0.0081    precision@10: 0.0066    precision@20: 0.0052    precision@50: 0.0036    map@5: 0.0213    map@10: 0.0244    map@20: 0.0269    map@50: 0.0292    
Thu 07 May 2026 04:27:46 INFO test result: 
recall@5: 0.0412    recall@10: 0.0663    recall@20: 0.1042    recall@50: 0.1736    ndcg@5: 0.0273    ndcg@10: 0.0355    ndcg@20: 0.0452    ndcg@50: 0.0593    precision@5: 0.0090    precision@10: 0.0073    precision@20: 0.0057    precision@50: 0.0038    map@5: 0.0220    map@10: 0.0253    map@20: 0.0279    map@50: 0.0301    
Thu 07 May 2026 04:27:49 INFO epoch 61 training [time: 3.04s, train loss: 18.4281]
Thu 07 May 2026 04:27:51 INFO epoch 61 evaluating [time: 1.33s, valid_score: 0.062700]
Thu 07 May 2026 04:27:51 INFO valid result: 
recall@5: 0.0382    recall@10: 0.0627    recall@20: 0.0991    recall@50: 0.1714    ndcg@5: 0.0255    ndcg@10: 0.0334    ndcg@20: 0.0427    ndcg@50: 0.0571    precision@5: 0.0080    precision@10: 0.0066    precision@20: 0.0052    precision@50: 0.0036    map@5: 0.0210    map@10: 0.0242    map@20: 0.0267    map@50: 0.0289    
Thu 07 May 2026 04:27:51 INFO test result: 
recall@5: 0.0406    recall@10: 0.0671    recall@20: 0.1040    recall@50: 0.1737    ndcg@5: 0.0269    ndcg@10: 0.0355    ndcg@20: 0.0450    ndcg@50: 0.0592    precision@5: 0.0089    precision@10: 0.0074    precision@20: 0.0057    precision@50: 0.0038    map@5: 0.0217    map@10: 0.0251    map@20: 0.0277    map@50: 0.0299    
Thu 07 May 2026 04:27:55 INFO epoch 62 training [time: 3.16s, train loss: 18.3384]
Thu 07 May 2026 04:27:57 INFO epoch 62 evaluating [time: 1.40s, valid_score: 0.063500]
Thu 07 May 2026 04:27:57 INFO valid result: 
recall@5: 0.0393    recall@10: 0.0635    recall@20: 0.0994    recall@50: 0.1720    ndcg@5: 0.0259    ndcg@10: 0.0338    ndcg@20: 0.0428    ndcg@50: 0.0574    precision@5: 0.0083    precision@10: 0.0067    precision@20: 0.0052    precision@50: 0.0036    map@5: 0.0212    map@10: 0.0244    map@20: 0.0268    map@50: 0.0291    
Thu 07 May 2026 04:27:57 INFO test result: 
recall@5: 0.0404    recall@10: 0.0665    recall@20: 0.1044    recall@50: 0.1736    ndcg@5: 0.0269    ndcg@10: 0.0354    ndcg@20: 0.0452    ndcg@50: 0.0592    precision@5: 0.0089    precision@10: 0.0073    precision@20: 0.0057    precision@50: 0.0038    map@5: 0.0218    map@10: 0.0252    map@20: 0.0278    map@50: 0.0300    
Thu 07 May 2026 04:27:57 INFO ██ PA2PD--Best validation results updated!!!
Thu 07 May 2026 04:28:00 INFO epoch 63 training [time: 3.05s, train loss: 18.3038]
Thu 07 May 2026 04:28:03 INFO epoch 63 evaluating [time: 1.31s, valid_score: 0.063300]
Thu 07 May 2026 04:28:03 INFO valid result: 
recall@5: 0.0395    recall@10: 0.0633    recall@20: 0.0985    recall@50: 0.1714    ndcg@5: 0.0262    ndcg@10: 0.0339    ndcg@20: 0.0428    ndcg@50: 0.0574    precision@5: 0.0083    precision@10: 0.0067    precision@20: 0.0052    precision@50: 0.0036    map@5: 0.0215    map@10: 0.0246    map@20: 0.0270    map@50: 0.0293    
Thu 07 May 2026 04:28:03 INFO test result: 
recall@5: 0.0407    recall@10: 0.0669    recall@20: 0.1039    recall@50: 0.1739    ndcg@5: 0.0270    ndcg@10: 0.0355    ndcg@20: 0.0450    ndcg@50: 0.0592    precision@5: 0.0089    precision@10: 0.0073    precision@20: 0.0057    precision@50: 0.0039    map@5: 0.0219    map@10: 0.0252    map@20: 0.0278    map@50: 0.0300    
Thu 07 May 2026 04:28:06 INFO epoch 64 training [time: 3.04s, train loss: 18.2167]
Thu 07 May 2026 04:28:09 INFO epoch 64 evaluating [time: 1.44s, valid_score: 0.062300]
Thu 07 May 2026 04:28:09 INFO valid result: 
recall@5: 0.0395    recall@10: 0.0623    recall@20: 0.0987    recall@50: 0.1726    ndcg@5: 0.0260    ndcg@10: 0.0334    ndcg@20: 0.0427    ndcg@50: 0.0575    precision@5: 0.0083    precision@10: 0.0066    precision@20: 0.0052    precision@50: 0.0036    map@5: 0.0213    map@10: 0.0243    map@20: 0.0268    map@50: 0.0291    
Thu 07 May 2026 04:28:09 INFO test result: 
recall@5: 0.0402    recall@10: 0.0671    recall@20: 0.1047    recall@50: 0.1730    ndcg@5: 0.0269    ndcg@10: 0.0356    ndcg@20: 0.0452    ndcg@50: 0.0591    precision@5: 0.0088    precision@10: 0.0073    precision@20: 0.0058    precision@50: 0.0038    map@5: 0.0218    map@10: 0.0253    map@20: 0.0279    map@50: 0.0301    
Thu 07 May 2026 04:28:12 INFO epoch 65 training [time: 3.04s, train loss: 18.1315]
Thu 07 May 2026 04:28:14 INFO epoch 65 evaluating [time: 1.33s, valid_score: 0.063100]
Thu 07 May 2026 04:28:14 INFO valid result: 
recall@5: 0.0394    recall@10: 0.0631    recall@20: 0.1003    recall@50: 0.1716    ndcg@5: 0.0261    ndcg@10: 0.0338    ndcg@20: 0.0432    ndcg@50: 0.0575    precision@5: 0.0083    precision@10: 0.0066    precision@20: 0.0053    precision@50: 0.0036    map@5: 0.0214    map@10: 0.0245    map@20: 0.0270    map@50: 0.0293    
Thu 07 May 2026 04:28:14 INFO test result: 
recall@5: 0.0403    recall@10: 0.0675    recall@20: 0.1051    recall@50: 0.1737    ndcg@5: 0.0268    ndcg@10: 0.0356    ndcg@20: 0.0452    ndcg@50: 0.0591    precision@5: 0.0089    precision@10: 0.0074    precision@20: 0.0058    precision@50: 0.0038    map@5: 0.0216    map@10: 0.0251    map@20: 0.0277    map@50: 0.0299    
Thu 07 May 2026 04:28:18 INFO epoch 66 training [time: 3.05s, train loss: 18.0075]
Thu 07 May 2026 04:28:20 INFO epoch 66 evaluating [time: 1.31s, valid_score: 0.062300]
Thu 07 May 2026 04:28:20 INFO valid result: 
recall@5: 0.0392    recall@10: 0.0623    recall@20: 0.0998    recall@50: 0.1723    ndcg@5: 0.0260    ndcg@10: 0.0336    ndcg@20: 0.0431    ndcg@50: 0.0576    precision@5: 0.0082    precision@10: 0.0066    precision@20: 0.0053    precision@50: 0.0036    map@5: 0.0213    map@10: 0.0244    map@20: 0.0270    map@50: 0.0293    
Thu 07 May 2026 04:28:20 INFO test result: 
recall@5: 0.0406    recall@10: 0.0673    recall@20: 0.1039    recall@50: 0.1740    ndcg@5: 0.0270    ndcg@10: 0.0357    ndcg@20: 0.0451    ndcg@50: 0.0593    precision@5: 0.0089    precision@10: 0.0074    precision@20: 0.0057    precision@50: 0.0039    map@5: 0.0218    map@10: 0.0253    map@20: 0.0278    map@50: 0.0301    
Thu 07 May 2026 04:28:23 INFO epoch 67 training [time: 3.02s, train loss: 17.9474]
Thu 07 May 2026 04:28:26 INFO epoch 67 evaluating [time: 1.34s, valid_score: 0.063400]
Thu 07 May 2026 04:28:26 INFO valid result: 
recall@5: 0.0394    recall@10: 0.0634    recall@20: 0.1003    recall@50: 0.1730    ndcg@5: 0.0263    ndcg@10: 0.0341    ndcg@20: 0.0435    ndcg@50: 0.0580    precision@5: 0.0083    precision@10: 0.0067    precision@20: 0.0053    precision@50: 0.0037    map@5: 0.0217    map@10: 0.0248    map@20: 0.0274    map@50: 0.0296    
Thu 07 May 2026 04:28:26 INFO test result: 
recall@5: 0.0411    recall@10: 0.0664    recall@20: 0.1042    recall@50: 0.1737    ndcg@5: 0.0272    ndcg@10: 0.0355    ndcg@20: 0.0452    ndcg@50: 0.0592    precision@5: 0.0090    precision@10: 0.0073    precision@20: 0.0057    precision@50: 0.0038    map@5: 0.0220    map@10: 0.0253    map@20: 0.0279    map@50: 0.0301    
Thu 07 May 2026 04:28:29 INFO epoch 68 training [time: 3.04s, train loss: 17.9247]
Thu 07 May 2026 04:28:32 INFO epoch 68 evaluating [time: 1.34s, valid_score: 0.063800]
Thu 07 May 2026 04:28:32 INFO valid result: 
recall@5: 0.0395    recall@10: 0.0638    recall@20: 0.1004    recall@50: 0.1725    ndcg@5: 0.0264    ndcg@10: 0.0343    ndcg@20: 0.0436    ndcg@50: 0.0580    precision@5: 0.0083    precision@10: 0.0067    precision@20: 0.0053    precision@50: 0.0036    map@5: 0.0218    map@10: 0.0249    map@20: 0.0274    map@50: 0.0297    
Thu 07 May 2026 04:28:32 INFO test result: 
recall@5: 0.0408    recall@10: 0.0677    recall@20: 0.1034    recall@50: 0.1729    ndcg@5: 0.0270    ndcg@10: 0.0358    ndcg@20: 0.0449    ndcg@50: 0.0591    precision@5: 0.0089    precision@10: 0.0074    precision@20: 0.0057    precision@50: 0.0038    map@5: 0.0218    map@10: 0.0253    map@20: 0.0278    map@50: 0.0300    
Thu 07 May 2026 04:28:32 INFO ██ PA2PD--Best validation results updated!!!
Thu 07 May 2026 04:28:35 INFO epoch 69 training [time: 3.16s, train loss: 17.8644]
Thu 07 May 2026 04:28:38 INFO epoch 69 evaluating [time: 1.33s, valid_score: 0.064100]
Thu 07 May 2026 04:28:38 INFO valid result: 
recall@5: 0.0400    recall@10: 0.0641    recall@20: 0.1001    recall@50: 0.1730    ndcg@5: 0.0266    ndcg@10: 0.0344    ndcg@20: 0.0435    ndcg@50: 0.0581    precision@5: 0.0084    precision@10: 0.0067    precision@20: 0.0053    precision@50: 0.0037    map@5: 0.0218    map@10: 0.0250    map@20: 0.0274    map@50: 0.0297    
Thu 07 May 2026 04:28:38 INFO test result: 
recall@5: 0.0412    recall@10: 0.0674    recall@20: 0.1047    recall@50: 0.1735    ndcg@5: 0.0272    ndcg@10: 0.0358    ndcg@20: 0.0453    ndcg@50: 0.0592    precision@5: 0.0090    precision@10: 0.0074    precision@20: 0.0058    precision@50: 0.0038    map@5: 0.0219    map@10: 0.0253    map@20: 0.0279    map@50: 0.0301    
Thu 07 May 2026 04:28:38 INFO ██ PA2PD--Best validation results updated!!!
Thu 07 May 2026 04:28:41 INFO epoch 70 training [time: 3.08s, train loss: 17.8008]
Thu 07 May 2026 04:28:43 INFO epoch 70 evaluating [time: 1.39s, valid_score: 0.064000]
Thu 07 May 2026 04:28:43 INFO valid result: 
recall@5: 0.0402    recall@10: 0.0640    recall@20: 0.1003    recall@50: 0.1741    ndcg@5: 0.0266    ndcg@10: 0.0344    ndcg@20: 0.0436    ndcg@50: 0.0583    precision@5: 0.0085    precision@10: 0.0068    precision@20: 0.0053    precision@50: 0.0037    map@5: 0.0218    map@10: 0.0249    map@20: 0.0274    map@50: 0.0298    
Thu 07 May 2026 04:28:43 INFO test result: 
recall@5: 0.0410    recall@10: 0.0683    recall@20: 0.1040    recall@50: 0.1738    ndcg@5: 0.0271    ndcg@10: 0.0360    ndcg@20: 0.0451    ndcg@50: 0.0593    precision@5: 0.0090    precision@10: 0.0075    precision@20: 0.0057    precision@50: 0.0038    map@5: 0.0218    map@10: 0.0254    map@20: 0.0278    map@50: 0.0300    
Thu 07 May 2026 04:28:46 INFO epoch 71 training [time: 3.05s, train loss: 17.6965]
Thu 07 May 2026 04:28:49 INFO epoch 71 evaluating [time: 1.48s, valid_score: 0.064100]
Thu 07 May 2026 04:28:49 INFO valid result: 
recall@5: 0.0397    recall@10: 0.0641    recall@20: 0.1008    recall@50: 0.1731    ndcg@5: 0.0265    ndcg@10: 0.0343    ndcg@20: 0.0437    ndcg@50: 0.0581    precision@5: 0.0084    precision@10: 0.0068    precision@20: 0.0053    precision@50: 0.0037    map@5: 0.0217    map@10: 0.0249    map@20: 0.0274    map@50: 0.0297    
Thu 07 May 2026 04:28:49 INFO test result: 
recall@5: 0.0409    recall@10: 0.0680    recall@20: 0.1035    recall@50: 0.1741    ndcg@5: 0.0270    ndcg@10: 0.0358    ndcg@20: 0.0449    ndcg@50: 0.0593    precision@5: 0.0089    precision@10: 0.0075    precision@20: 0.0057    precision@50: 0.0039    map@5: 0.0217    map@10: 0.0253    map@20: 0.0277    map@50: 0.0300    
Thu 07 May 2026 04:28:52 INFO epoch 72 training [time: 3.04s, train loss: 17.6519]
Thu 07 May 2026 04:28:55 INFO epoch 72 evaluating [time: 1.35s, valid_score: 0.064700]
Thu 07 May 2026 04:28:55 INFO valid result: 
recall@5: 0.0399    recall@10: 0.0647    recall@20: 0.0998    recall@50: 0.1722    ndcg@5: 0.0265    ndcg@10: 0.0345    ndcg@20: 0.0434    ndcg@50: 0.0580    precision@5: 0.0084    precision@10: 0.0068    precision@20: 0.0053    precision@50: 0.0036    map@5: 0.0217    map@10: 0.0250    map@20: 0.0274    map@50: 0.0297    
Thu 07 May 2026 04:28:55 INFO test result: 
recall@5: 0.0413    recall@10: 0.0677    recall@20: 0.1046    recall@50: 0.1741    ndcg@5: 0.0272    ndcg@10: 0.0358    ndcg@20: 0.0453    ndcg@50: 0.0593    precision@5: 0.0090    precision@10: 0.0074    precision@20: 0.0058    precision@50: 0.0039    map@5: 0.0219    map@10: 0.0254    map@20: 0.0279    map@50: 0.0301    
Thu 07 May 2026 04:28:55 INFO ██ PA2PD--Best validation results updated!!!
Thu 07 May 2026 04:28:58 INFO epoch 73 training [time: 3.05s, train loss: 17.5936]
Thu 07 May 2026 04:29:01 INFO epoch 73 evaluating [time: 1.43s, valid_score: 0.065400]
Thu 07 May 2026 04:29:01 INFO valid result: 
recall@5: 0.0404    recall@10: 0.0654    recall@20: 0.1012    recall@50: 0.1717    ndcg@5: 0.0267    ndcg@10: 0.0348    ndcg@20: 0.0438    ndcg@50: 0.0579    precision@5: 0.0085    precision@10: 0.0069    precision@20: 0.0053    precision@50: 0.0036    map@5: 0.0218    map@10: 0.0251    map@20: 0.0275    map@50: 0.0297    
Thu 07 May 2026 04:29:01 INFO test result: 
recall@5: 0.0417    recall@10: 0.0676    recall@20: 0.1045    recall@50: 0.1745    ndcg@5: 0.0273    ndcg@10: 0.0358    ndcg@20: 0.0452    ndcg@50: 0.0594    precision@5: 0.0091    precision@10: 0.0074    precision@20: 0.0057    precision@50: 0.0039    map@5: 0.0219    map@10: 0.0253    map@20: 0.0279    map@50: 0.0301    
Thu 07 May 2026 04:29:01 INFO ██ PA2PD--Best validation results updated!!!
Thu 07 May 2026 04:29:04 INFO epoch 74 training [time: 3.05s, train loss: 17.5313]
Thu 07 May 2026 04:29:07 INFO epoch 74 evaluating [time: 1.35s, valid_score: 0.065000]
Thu 07 May 2026 04:29:07 INFO valid result: 
recall@5: 0.0403    recall@10: 0.0650    recall@20: 0.1000    recall@50: 0.1734    ndcg@5: 0.0267    ndcg@10: 0.0347    ndcg@20: 0.0436    ndcg@50: 0.0582    precision@5: 0.0085    precision@10: 0.0069    precision@20: 0.0053    precision@50: 0.0037    map@5: 0.0219    map@10: 0.0251    map@20: 0.0275    map@50: 0.0298    
Thu 07 May 2026 04:29:07 INFO test result: 
recall@5: 0.0417    recall@10: 0.0678    recall@20: 0.1045    recall@50: 0.1737    ndcg@5: 0.0274    ndcg@10: 0.0359    ndcg@20: 0.0452    ndcg@50: 0.0593    precision@5: 0.0091    precision@10: 0.0074    precision@20: 0.0057    precision@50: 0.0038    map@5: 0.0220    map@10: 0.0254    map@20: 0.0279    map@50: 0.0301    
Thu 07 May 2026 04:29:10 INFO epoch 75 training [time: 3.04s, train loss: 17.4552]
Thu 07 May 2026 04:29:13 INFO epoch 75 evaluating [time: 1.36s, valid_score: 0.064400]
Thu 07 May 2026 04:29:13 INFO valid result: 
recall@5: 0.0396    recall@10: 0.0644    recall@20: 0.1000    recall@50: 0.1737    ndcg@5: 0.0266    ndcg@10: 0.0346    ndcg@20: 0.0437    ndcg@50: 0.0584    precision@5: 0.0083    precision@10: 0.0068    precision@20: 0.0053    precision@50: 0.0037    map@5: 0.0219    map@10: 0.0252    map@20: 0.0276    map@50: 0.0300    
Thu 07 May 2026 04:29:13 INFO test result: 
recall@5: 0.0416    recall@10: 0.0682    recall@20: 0.1043    recall@50: 0.1748    ndcg@5: 0.0273    ndcg@10: 0.0360    ndcg@20: 0.0452    ndcg@50: 0.0595    precision@5: 0.0091    precision@10: 0.0075    precision@20: 0.0057    precision@50: 0.0039    map@5: 0.0220    map@10: 0.0255    map@20: 0.0279    map@50: 0.0302    
Thu 07 May 2026 04:29:16 INFO epoch 76 training [time: 3.07s, train loss: 17.4414]
Thu 07 May 2026 04:29:18 INFO epoch 76 evaluating [time: 1.33s, valid_score: 0.064500]
Thu 07 May 2026 04:29:18 INFO valid result: 
recall@5: 0.0397    recall@10: 0.0645    recall@20: 0.1022    recall@50: 0.1741    ndcg@5: 0.0267    ndcg@10: 0.0348    ndcg@20: 0.0443    ndcg@50: 0.0586    precision@5: 0.0083    precision@10: 0.0068    precision@20: 0.0054    precision@50: 0.0037    map@5: 0.0221    map@10: 0.0254    map@20: 0.0279    map@50: 0.0302    
Thu 07 May 2026 04:29:18 INFO test result: 
recall@5: 0.0413    recall@10: 0.0682    recall@20: 0.1040    recall@50: 0.1739    ndcg@5: 0.0273    ndcg@10: 0.0361    ndcg@20: 0.0453    ndcg@50: 0.0595    precision@5: 0.0090    precision@10: 0.0075    precision@20: 0.0057    precision@50: 0.0038    map@5: 0.0221    map@10: 0.0256    map@20: 0.0280    map@50: 0.0303    
Thu 07 May 2026 04:29:21 INFO epoch 77 training [time: 3.06s, train loss: 17.3535]
Thu 07 May 2026 04:29:24 INFO epoch 77 evaluating [time: 1.34s, valid_score: 0.065200]
Thu 07 May 2026 04:29:24 INFO valid result: 
recall@5: 0.0400    recall@10: 0.0652    recall@20: 0.1010    recall@50: 0.1742    ndcg@5: 0.0270    ndcg@10: 0.0351    ndcg@20: 0.0442    ndcg@50: 0.0588    precision@5: 0.0084    precision@10: 0.0069    precision@20: 0.0053    precision@50: 0.0037    map@5: 0.0224    map@10: 0.0256    map@20: 0.0281    map@50: 0.0304    
Thu 07 May 2026 04:29:24 INFO test result: 
recall@5: 0.0410    recall@10: 0.0670    recall@20: 0.1049    recall@50: 0.1749    ndcg@5: 0.0273    ndcg@10: 0.0359    ndcg@20: 0.0456    ndcg@50: 0.0598    precision@5: 0.0089    precision@10: 0.0074    precision@20: 0.0058    precision@50: 0.0039    map@5: 0.0221    map@10: 0.0256    map@20: 0.0282    map@50: 0.0305    
Thu 07 May 2026 04:29:27 INFO epoch 78 training [time: 3.17s, train loss: 17.2821]
Thu 07 May 2026 04:29:30 INFO epoch 78 evaluating [time: 1.34s, valid_score: 0.064900]
Thu 07 May 2026 04:29:30 INFO valid result: 
recall@5: 0.0397    recall@10: 0.0649    recall@20: 0.1014    recall@50: 0.1733    ndcg@5: 0.0267    ndcg@10: 0.0348    ndcg@20: 0.0441    ndcg@50: 0.0584    precision@5: 0.0084    precision@10: 0.0069    precision@20: 0.0053    precision@50: 0.0037    map@5: 0.0221    map@10: 0.0253    map@20: 0.0278    map@50: 0.0301    
Thu 07 May 2026 04:29:30 INFO test result: 
recall@5: 0.0409    recall@10: 0.0670    recall@20: 0.1043    recall@50: 0.1754    ndcg@5: 0.0270    ndcg@10: 0.0356    ndcg@20: 0.0452    ndcg@50: 0.0596    precision@5: 0.0089    precision@10: 0.0074    precision@20: 0.0057    precision@50: 0.0039    map@5: 0.0218    map@10: 0.0253    map@20: 0.0279    map@50: 0.0302    
Thu 07 May 2026 04:29:33 INFO epoch 79 training [time: 3.06s, train loss: 17.2089]
Thu 07 May 2026 04:29:36 INFO epoch 79 evaluating [time: 1.35s, valid_score: 0.064400]
Thu 07 May 2026 04:29:36 INFO valid result: 
recall@5: 0.0399    recall@10: 0.0644    recall@20: 0.1011    recall@50: 0.1744    ndcg@5: 0.0269    ndcg@10: 0.0348    ndcg@20: 0.0441    ndcg@50: 0.0588    precision@5: 0.0084    precision@10: 0.0068    precision@20: 0.0053    precision@50: 0.0037    map@5: 0.0223    map@10: 0.0255    map@20: 0.0280    map@50: 0.0303    
Thu 07 May 2026 04:29:36 INFO test result: 
recall@5: 0.0415    recall@10: 0.0670    recall@20: 0.1054    recall@50: 0.1754    ndcg@5: 0.0273    ndcg@10: 0.0357    ndcg@20: 0.0455    ndcg@50: 0.0597    precision@5: 0.0091    precision@10: 0.0074    precision@20: 0.0058    precision@50: 0.0039    map@5: 0.0220    map@10: 0.0253    map@20: 0.0280    map@50: 0.0302    
Thu 07 May 2026 04:29:39 INFO epoch 80 training [time: 3.05s, train loss: 17.1887]
Thu 07 May 2026 04:29:42 INFO epoch 80 evaluating [time: 1.48s, valid_score: 0.064300]
Thu 07 May 2026 04:29:42 INFO valid result: 
recall@5: 0.0391    recall@10: 0.0643    recall@20: 0.1012    recall@50: 0.1744    ndcg@5: 0.0264    ndcg@10: 0.0346    ndcg@20: 0.0440    ndcg@50: 0.0586    precision@5: 0.0082    precision@10: 0.0068    precision@20: 0.0053    precision@50: 0.0037    map@5: 0.0219    map@10: 0.0252    map@20: 0.0277    map@50: 0.0300    
Thu 07 May 2026 04:29:42 INFO test result: 
recall@5: 0.0413    recall@10: 0.0670    recall@20: 0.1042    recall@50: 0.1762    ndcg@5: 0.0272    ndcg@10: 0.0357    ndcg@20: 0.0452    ndcg@50: 0.0598    precision@5: 0.0090    precision@10: 0.0074    precision@20: 0.0057    precision@50: 0.0039    map@5: 0.0219    map@10: 0.0253    map@20: 0.0279    map@50: 0.0302    
Thu 07 May 2026 04:29:45 INFO epoch 81 training [time: 3.10s, train loss: 17.1394]
Thu 07 May 2026 04:29:47 INFO epoch 81 evaluating [time: 1.34s, valid_score: 0.064400]
Thu 07 May 2026 04:29:47 INFO valid result: 
recall@5: 0.0395    recall@10: 0.0644    recall@20: 0.1022    recall@50: 0.1737    ndcg@5: 0.0267    ndcg@10: 0.0348    ndcg@20: 0.0444    ndcg@50: 0.0586    precision@5: 0.0083    precision@10: 0.0068    precision@20: 0.0054    precision@50: 0.0037    map@5: 0.0221    map@10: 0.0254    map@20: 0.0280    map@50: 0.0302    
Thu 07 May 2026 04:29:47 INFO test result: 
recall@5: 0.0412    recall@10: 0.0679    recall@20: 0.1045    recall@50: 0.1748    ndcg@5: 0.0272    ndcg@10: 0.0360    ndcg@20: 0.0453    ndcg@50: 0.0596    precision@5: 0.0091    precision@10: 0.0075    precision@20: 0.0057    precision@50: 0.0039    map@5: 0.0220    map@10: 0.0255    map@20: 0.0280    map@50: 0.0302    
Thu 07 May 2026 04:29:50 INFO epoch 82 training [time: 3.03s, train loss: 17.1504]
Thu 07 May 2026 04:29:53 INFO epoch 82 evaluating [time: 1.37s, valid_score: 0.064400]
Thu 07 May 2026 04:29:53 INFO valid result: 
recall@5: 0.0401    recall@10: 0.0644    recall@20: 0.1019    recall@50: 0.1730    ndcg@5: 0.0268    ndcg@10: 0.0346    ndcg@20: 0.0442    ndcg@50: 0.0584    precision@5: 0.0084    precision@10: 0.0068    precision@20: 0.0054    precision@50: 0.0036    map@5: 0.0220    map@10: 0.0252    map@20: 0.0278    map@50: 0.0300    
Thu 07 May 2026 04:29:53 INFO test result: 
recall@5: 0.0419    recall@10: 0.0680    recall@20: 0.1042    recall@50: 0.1742    ndcg@5: 0.0275    ndcg@10: 0.0360    ndcg@20: 0.0453    ndcg@50: 0.0595    precision@5: 0.0092    precision@10: 0.0075    precision@20: 0.0057    precision@50: 0.0039    map@5: 0.0221    map@10: 0.0255    map@20: 0.0280    map@50: 0.0302    
Thu 07 May 2026 04:29:56 INFO epoch 83 training [time: 3.07s, train loss: 16.9909]
Thu 07 May 2026 04:29:59 INFO epoch 83 evaluating [time: 1.33s, valid_score: 0.064700]
Thu 07 May 2026 04:29:59 INFO valid result: 
recall@5: 0.0405    recall@10: 0.0647    recall@20: 0.1009    recall@50: 0.1732    ndcg@5: 0.0269    ndcg@10: 0.0348    ndcg@20: 0.0440    ndcg@50: 0.0584    precision@5: 0.0085    precision@10: 0.0068    precision@20: 0.0053    precision@50: 0.0037    map@5: 0.0221    map@10: 0.0253    map@20: 0.0277    map@50: 0.0300    
Thu 07 May 2026 04:29:59 INFO test result: 
recall@5: 0.0419    recall@10: 0.0680    recall@20: 0.1051    recall@50: 0.1747    ndcg@5: 0.0274    ndcg@10: 0.0359    ndcg@20: 0.0454    ndcg@50: 0.0595    precision@5: 0.0092    precision@10: 0.0075    precision@20: 0.0058    precision@50: 0.0039    map@5: 0.0219    map@10: 0.0253    map@20: 0.0279    map@50: 0.0301    
Thu 07 May 2026 04:30:02 INFO epoch 84 training [time: 3.04s, train loss: 16.9642]
Thu 07 May 2026 04:30:05 INFO epoch 84 evaluating [time: 1.38s, valid_score: 0.065000]
Thu 07 May 2026 04:30:05 INFO valid result: 
recall@5: 0.0407    recall@10: 0.0650    recall@20: 0.1011    recall@50: 0.1734    ndcg@5: 0.0269    ndcg@10: 0.0348    ndcg@20: 0.0440    ndcg@50: 0.0584    precision@5: 0.0086    precision@10: 0.0069    precision@20: 0.0053    precision@50: 0.0037    map@5: 0.0221    map@10: 0.0252    map@20: 0.0277    map@50: 0.0300    
Thu 07 May 2026 04:30:05 INFO test result: 
recall@5: 0.0422    recall@10: 0.0683    recall@20: 0.1043    recall@50: 0.1755    ndcg@5: 0.0278    ndcg@10: 0.0363    ndcg@20: 0.0455    ndcg@50: 0.0599    precision@5: 0.0092    precision@10: 0.0075    precision@20: 0.0057    precision@50: 0.0039    map@5: 0.0224    map@10: 0.0258    map@20: 0.0282    map@50: 0.0305    
Thu 07 May 2026 04:30:08 INFO epoch 85 training [time: 3.16s, train loss: 16.9428]
Thu 07 May 2026 04:30:11 INFO epoch 85 evaluating [time: 1.38s, valid_score: 0.065400]
Thu 07 May 2026 04:30:11 INFO valid result: 
recall@5: 0.0404    recall@10: 0.0654    recall@20: 0.1011    recall@50: 0.1729    ndcg@5: 0.0268    ndcg@10: 0.0349    ndcg@20: 0.0439    ndcg@50: 0.0582    precision@5: 0.0085    precision@10: 0.0069    precision@20: 0.0053    precision@50: 0.0036    map@5: 0.0220    map@10: 0.0252    map@20: 0.0276    map@50: 0.0299    
Thu 07 May 2026 04:30:11 INFO test result: 
recall@5: 0.0424    recall@10: 0.0679    recall@20: 0.1042    recall@50: 0.1765    ndcg@5: 0.0278    ndcg@10: 0.0361    ndcg@20: 0.0454    ndcg@50: 0.0600    precision@5: 0.0093    precision@10: 0.0075    precision@20: 0.0057    precision@50: 0.0039    map@5: 0.0223    map@10: 0.0257    map@20: 0.0281    map@50: 0.0304    
Thu 07 May 2026 04:30:14 INFO epoch 86 training [time: 3.07s, train loss: 16.8471]
Thu 07 May 2026 04:30:17 INFO epoch 86 evaluating [time: 1.36s, valid_score: 0.065400]
Thu 07 May 2026 04:30:17 INFO valid result: 
recall@5: 0.0400    recall@10: 0.0654    recall@20: 0.1013    recall@50: 0.1738    ndcg@5: 0.0267    ndcg@10: 0.0349    ndcg@20: 0.0440    ndcg@50: 0.0585    precision@5: 0.0084    precision@10: 0.0069    precision@20: 0.0054    precision@50: 0.0037    map@5: 0.0220    map@10: 0.0253    map@20: 0.0277    map@50: 0.0300    
Thu 07 May 2026 04:30:17 INFO test result: 
recall@5: 0.0420    recall@10: 0.0682    recall@20: 0.1041    recall@50: 0.1765    ndcg@5: 0.0275    ndcg@10: 0.0360    ndcg@20: 0.0452    ndcg@50: 0.0598    precision@5: 0.0092    precision@10: 0.0075    precision@20: 0.0057    precision@50: 0.0039    map@5: 0.0220    map@10: 0.0254    map@20: 0.0279    map@50: 0.0302    
Thu 07 May 2026 04:30:20 INFO epoch 87 training [time: 3.07s, train loss: 16.8183]
Thu 07 May 2026 04:30:23 INFO epoch 87 evaluating [time: 1.50s, valid_score: 0.065200]
Thu 07 May 2026 04:30:23 INFO valid result: 
recall@5: 0.0408    recall@10: 0.0652    recall@20: 0.1022    recall@50: 0.1727    ndcg@5: 0.0270    ndcg@10: 0.0349    ndcg@20: 0.0443    ndcg@50: 0.0583    precision@5: 0.0086    precision@10: 0.0069    precision@20: 0.0054    precision@50: 0.0036    map@5: 0.0221    map@10: 0.0252    map@20: 0.0278    map@50: 0.0300    
Thu 07 May 2026 04:30:23 INFO test result: 
recall@5: 0.0425    recall@10: 0.0682    recall@20: 0.1040    recall@50: 0.1763    ndcg@5: 0.0277    ndcg@10: 0.0361    ndcg@20: 0.0452    ndcg@50: 0.0599    precision@5: 0.0093    precision@10: 0.0075    precision@20: 0.0057    precision@50: 0.0039    map@5: 0.0222    map@10: 0.0255    map@20: 0.0280    map@50: 0.0303    
Thu 07 May 2026 04:30:26 INFO epoch 88 training [time: 3.10s, train loss: 16.7643]
Thu 07 May 2026 04:30:28 INFO epoch 88 evaluating [time: 1.35s, valid_score: 0.065200]
Thu 07 May 2026 04:30:28 INFO valid result: 
recall@5: 0.0400    recall@10: 0.0652    recall@20: 0.1021    recall@50: 0.1730    ndcg@5: 0.0270    ndcg@10: 0.0352    ndcg@20: 0.0446    ndcg@50: 0.0587    precision@5: 0.0084    precision@10: 0.0069    precision@20: 0.0054    precision@50: 0.0036    map@5: 0.0224    map@10: 0.0257    map@20: 0.0282    map@50: 0.0305    
Thu 07 May 2026 04:30:28 INFO test result: 
recall@5: 0.0422    recall@10: 0.0681    recall@20: 0.1044    recall@50: 0.1760    ndcg@5: 0.0276    ndcg@10: 0.0360    ndcg@20: 0.0453    ndcg@50: 0.0598    precision@5: 0.0092    precision@10: 0.0075    precision@20: 0.0057    precision@50: 0.0039    map@5: 0.0221    map@10: 0.0255    map@20: 0.0280    map@50: 0.0303    
Thu 07 May 2026 04:30:31 INFO epoch 89 training [time: 3.03s, train loss: 16.7028]
Thu 07 May 2026 04:30:34 INFO epoch 89 evaluating [time: 1.47s, valid_score: 0.065900]
Thu 07 May 2026 04:30:34 INFO valid result: 
recall@5: 0.0406    recall@10: 0.0659    recall@20: 0.1020    recall@50: 0.1735    ndcg@5: 0.0271    ndcg@10: 0.0353    ndcg@20: 0.0445    ndcg@50: 0.0587    precision@5: 0.0085    precision@10: 0.0069    precision@20: 0.0054    precision@50: 0.0037    map@5: 0.0224    map@10: 0.0257    map@20: 0.0281    map@50: 0.0304    
Thu 07 May 2026 04:30:34 INFO test result: 
recall@5: 0.0426    recall@10: 0.0679    recall@20: 0.1037    recall@50: 0.1767    ndcg@5: 0.0277    ndcg@10: 0.0359    ndcg@20: 0.0451    ndcg@50: 0.0599    precision@5: 0.0093    precision@10: 0.0074    precision@20: 0.0057    precision@50: 0.0039    map@5: 0.0221    map@10: 0.0254    map@20: 0.0279    map@50: 0.0302    
Thu 07 May 2026 04:30:34 INFO ██ PA2PD--Best validation results updated!!!
Thu 07 May 2026 04:30:37 INFO epoch 90 training [time: 3.03s, train loss: 16.6979]
Thu 07 May 2026 04:30:40 INFO epoch 90 evaluating [time: 1.34s, valid_score: 0.065400]
Thu 07 May 2026 04:30:40 INFO valid result: 
recall@5: 0.0409    recall@10: 0.0654    recall@20: 0.1021    recall@50: 0.1741    ndcg@5: 0.0271    ndcg@10: 0.0351    ndcg@20: 0.0444    ndcg@50: 0.0587    precision@5: 0.0086    precision@10: 0.0069    precision@20: 0.0054    precision@50: 0.0037    map@5: 0.0223    map@10: 0.0255    map@20: 0.0280    map@50: 0.0302    
Thu 07 May 2026 04:30:40 INFO test result: 
recall@5: 0.0420    recall@10: 0.0672    recall@20: 0.1042    recall@50: 0.1761    ndcg@5: 0.0275    ndcg@10: 0.0357    ndcg@20: 0.0452    ndcg@50: 0.0598    precision@5: 0.0092    precision@10: 0.0074    precision@20: 0.0057    precision@50: 0.0039    map@5: 0.0220    map@10: 0.0254    map@20: 0.0279    map@50: 0.0302    
Thu 07 May 2026 04:30:43 INFO epoch 91 training [time: 3.07s, train loss: 16.6573]
Thu 07 May 2026 04:30:46 INFO epoch 91 evaluating [time: 1.35s, valid_score: 0.065600]
Thu 07 May 2026 04:30:46 INFO valid result: 
recall@5: 0.0405    recall@10: 0.0656    recall@20: 0.1018    recall@50: 0.1743    ndcg@5: 0.0271    ndcg@10: 0.0352    ndcg@20: 0.0444    ndcg@50: 0.0588    precision@5: 0.0085    precision@10: 0.0069    precision@20: 0.0054    precision@50: 0.0037    map@5: 0.0223    map@10: 0.0256    map@20: 0.0281    map@50: 0.0303    
Thu 07 May 2026 04:30:46 INFO test result: 
recall@5: 0.0422    recall@10: 0.0680    recall@20: 0.1033    recall@50: 0.1749    ndcg@5: 0.0276    ndcg@10: 0.0360    ndcg@20: 0.0451    ndcg@50: 0.0596    precision@5: 0.0092    precision@10: 0.0075    precision@20: 0.0057    precision@50: 0.0039    map@5: 0.0221    map@10: 0.0255    map@20: 0.0279    map@50: 0.0302    
Thu 07 May 2026 04:30:49 INFO epoch 92 training [time: 3.06s, train loss: 16.6208]
Thu 07 May 2026 04:30:52 INFO epoch 92 evaluating [time: 1.43s, valid_score: 0.065800]
Thu 07 May 2026 04:30:52 INFO valid result: 
recall@5: 0.0413    recall@10: 0.0658    recall@20: 0.1018    recall@50: 0.1746    ndcg@5: 0.0274    ndcg@10: 0.0353    ndcg@20: 0.0445    ndcg@50: 0.0590    precision@5: 0.0087    precision@10: 0.0069    precision@20: 0.0054    precision@50: 0.0037    map@5: 0.0225    map@10: 0.0257    map@20: 0.0282    map@50: 0.0304    
Thu 07 May 2026 04:30:52 INFO test result: 
recall@5: 0.0418    recall@10: 0.0674    recall@20: 0.1046    recall@50: 0.1765    ndcg@5: 0.0272    ndcg@10: 0.0357    ndcg@20: 0.0452    ndcg@50: 0.0597    precision@5: 0.0091    precision@10: 0.0074    precision@20: 0.0058    precision@50: 0.0039    map@5: 0.0218    map@10: 0.0252    map@20: 0.0277    map@50: 0.0300    
Thu 07 May 2026 04:30:55 INFO epoch 93 training [time: 3.06s, train loss: 16.5367]
Thu 07 May 2026 04:30:57 INFO epoch 93 evaluating [time: 1.35s, valid_score: 0.065700]
Thu 07 May 2026 04:30:57 INFO valid result: 
recall@5: 0.0401    recall@10: 0.0657    recall@20: 0.1017    recall@50: 0.1738    ndcg@5: 0.0268    ndcg@10: 0.0351    ndcg@20: 0.0443    ndcg@50: 0.0586    precision@5: 0.0084    precision@10: 0.0069    precision@20: 0.0054    precision@50: 0.0037    map@5: 0.0220    map@10: 0.0254    map@20: 0.0279    map@50: 0.0301    
Thu 07 May 2026 04:30:57 INFO test result: 
recall@5: 0.0419    recall@10: 0.0678    recall@20: 0.1044    recall@50: 0.1761    ndcg@5: 0.0273    ndcg@10: 0.0358    ndcg@20: 0.0452    ndcg@50: 0.0597    precision@5: 0.0092    precision@10: 0.0075    precision@20: 0.0057    precision@50: 0.0039    map@5: 0.0219    map@10: 0.0253    map@20: 0.0278    map@50: 0.0301    
Thu 07 May 2026 04:31:01 INFO epoch 94 training [time: 3.18s, train loss: 16.5163]
Thu 07 May 2026 04:31:03 INFO epoch 94 evaluating [time: 1.40s, valid_score: 0.065500]
Thu 07 May 2026 04:31:03 INFO valid result: 
recall@5: 0.0407    recall@10: 0.0655    recall@20: 0.1028    recall@50: 0.1732    ndcg@5: 0.0269    ndcg@10: 0.0350    ndcg@20: 0.0445    ndcg@50: 0.0585    precision@5: 0.0085    precision@10: 0.0069    precision@20: 0.0054    precision@50: 0.0036    map@5: 0.0221    map@10: 0.0254    map@20: 0.0279    map@50: 0.0301    
Thu 07 May 2026 04:31:03 INFO test result: 
recall@5: 0.0419    recall@10: 0.0686    recall@20: 0.1049    recall@50: 0.1758    ndcg@5: 0.0274    ndcg@10: 0.0362    ndcg@20: 0.0455    ndcg@50: 0.0598    precision@5: 0.0092    precision@10: 0.0075    precision@20: 0.0058    precision@50: 0.0039    map@5: 0.0220    map@10: 0.0255    map@20: 0.0280    map@50: 0.0303    
Thu 07 May 2026 04:31:06 INFO epoch 95 training [time: 3.05s, train loss: 16.4924]
Thu 07 May 2026 04:31:09 INFO epoch 95 evaluating [time: 1.35s, valid_score: 0.066100]
Thu 07 May 2026 04:31:09 INFO valid result: 
recall@5: 0.0410    recall@10: 0.0661    recall@20: 0.1028    recall@50: 0.1734    ndcg@5: 0.0271    ndcg@10: 0.0352    ndcg@20: 0.0445    ndcg@50: 0.0586    precision@5: 0.0086    precision@10: 0.0070    precision@20: 0.0054    precision@50: 0.0037    map@5: 0.0221    map@10: 0.0254    map@20: 0.0279    map@50: 0.0301    
Thu 07 May 2026 04:31:09 INFO test result: 
recall@5: 0.0417    recall@10: 0.0678    recall@20: 0.1049    recall@50: 0.1750    ndcg@5: 0.0273    ndcg@10: 0.0359    ndcg@20: 0.0454    ndcg@50: 0.0596    precision@5: 0.0091    precision@10: 0.0075    precision@20: 0.0058    precision@50: 0.0039    map@5: 0.0219    map@10: 0.0254    map@20: 0.0280    map@50: 0.0302    
Thu 07 May 2026 04:31:09 INFO ██ PA2PD--Best validation results updated!!!
Thu 07 May 2026 04:31:12 INFO epoch 96 training [time: 3.20s, train loss: 16.4593]
Thu 07 May 2026 04:31:15 INFO epoch 96 evaluating [time: 1.34s, valid_score: 0.066100]
Thu 07 May 2026 04:31:15 INFO valid result: 
recall@5: 0.0407    recall@10: 0.0661    recall@20: 0.1024    recall@50: 0.1725    ndcg@5: 0.0271    ndcg@10: 0.0354    ndcg@20: 0.0446    ndcg@50: 0.0586    precision@5: 0.0086    precision@10: 0.0070    precision@20: 0.0054    precision@50: 0.0036    map@5: 0.0223    map@10: 0.0256    map@20: 0.0281    map@50: 0.0303    
Thu 07 May 2026 04:31:15 INFO test result: 
recall@5: 0.0418    recall@10: 0.0683    recall@20: 0.1041    recall@50: 0.1749    ndcg@5: 0.0273    ndcg@10: 0.0360    ndcg@20: 0.0452    ndcg@50: 0.0595    precision@5: 0.0092    precision@10: 0.0075    precision@20: 0.0057    precision@50: 0.0039    map@5: 0.0218    map@10: 0.0253    map@20: 0.0278    map@50: 0.0301    
Thu 07 May 2026 04:31:18 INFO epoch 97 training [time: 3.04s, train loss: 16.4078]
Thu 07 May 2026 04:31:21 INFO epoch 97 evaluating [time: 1.37s, valid_score: 0.066100]
Thu 07 May 2026 04:31:21 INFO valid result: 
recall@5: 0.0408    recall@10: 0.0661    recall@20: 0.1034    recall@50: 0.1741    ndcg@5: 0.0271    ndcg@10: 0.0353    ndcg@20: 0.0447    ndcg@50: 0.0588    precision@5: 0.0086    precision@10: 0.0070    precision@20: 0.0055    precision@50: 0.0037    map@5: 0.0222    map@10: 0.0255    map@20: 0.0281    map@50: 0.0302    
Thu 07 May 2026 04:31:21 INFO test result: 
recall@5: 0.0417    recall@10: 0.0676    recall@20: 0.1044    recall@50: 0.1742    ndcg@5: 0.0271    ndcg@10: 0.0357    ndcg@20: 0.0451    ndcg@50: 0.0593    precision@5: 0.0091    precision@10: 0.0074    precision@20: 0.0057    precision@50: 0.0039    map@5: 0.0217    map@10: 0.0251    map@20: 0.0277    map@50: 0.0299    
Thu 07 May 2026 04:31:24 INFO epoch 98 training [time: 3.08s, train loss: 16.3470]
Thu 07 May 2026 04:31:27 INFO epoch 98 evaluating [time: 1.46s, valid_score: 0.066600]
Thu 07 May 2026 04:31:27 INFO valid result: 
recall@5: 0.0416    recall@10: 0.0666    recall@20: 0.1034    recall@50: 0.1735    ndcg@5: 0.0277    ndcg@10: 0.0358    ndcg@20: 0.0452    ndcg@50: 0.0591    precision@5: 0.0088    precision@10: 0.0070    precision@20: 0.0055    precision@50: 0.0037    map@5: 0.0228    map@10: 0.0261    map@20: 0.0286    map@50: 0.0308    
Thu 07 May 2026 04:31:27 INFO test result: 
recall@5: 0.0422    recall@10: 0.0683    recall@20: 0.1038    recall@50: 0.1756    ndcg@5: 0.0274    ndcg@10: 0.0360    ndcg@20: 0.0451    ndcg@50: 0.0596    precision@5: 0.0093    precision@10: 0.0075    precision@20: 0.0057    precision@50: 0.0039    map@5: 0.0219    map@10: 0.0253    map@20: 0.0278    map@50: 0.0301    
Thu 07 May 2026 04:31:27 INFO ██ PA2PD--Best validation results updated!!!
Thu 07 May 2026 04:31:30 INFO epoch 99 training [time: 3.05s, train loss: 16.3145]
Thu 07 May 2026 04:31:33 INFO epoch 99 evaluating [time: 1.37s, valid_score: 0.066400]
Thu 07 May 2026 04:31:33 INFO valid result: 
recall@5: 0.0414    recall@10: 0.0664    recall@20: 0.1026    recall@50: 0.1731    ndcg@5: 0.0274    ndcg@10: 0.0355    ndcg@20: 0.0447    ndcg@50: 0.0587    precision@5: 0.0087    precision@10: 0.0070    precision@20: 0.0054    precision@50: 0.0036    map@5: 0.0224    map@10: 0.0257    map@20: 0.0282    map@50: 0.0304    
Thu 07 May 2026 04:31:33 INFO test result: 
recall@5: 0.0417    recall@10: 0.0678    recall@20: 0.1044    recall@50: 0.1746    ndcg@5: 0.0270    ndcg@10: 0.0356    ndcg@20: 0.0450    ndcg@50: 0.0592    precision@5: 0.0091    precision@10: 0.0074    precision@20: 0.0057    precision@50: 0.0039    map@5: 0.0215    map@10: 0.0250    map@20: 0.0275    map@50: 0.0297    
Thu 07 May 2026 04:31:36 INFO epoch 100 training [time: 3.05s, train loss: 16.2590]
Thu 07 May 2026 04:31:38 INFO epoch 100 evaluating [time: 1.40s, valid_score: 0.066700]
Thu 07 May 2026 04:31:38 INFO valid result: 
recall@5: 0.0418    recall@10: 0.0667    recall@20: 0.1018    recall@50: 0.1725    ndcg@5: 0.0276    ndcg@10: 0.0356    ndcg@20: 0.0446    ndcg@50: 0.0587    precision@5: 0.0088    precision@10: 0.0070    precision@20: 0.0054    precision@50: 0.0036    map@5: 0.0225    map@10: 0.0258    map@20: 0.0282    map@50: 0.0304    
Thu 07 May 2026 04:31:38 INFO test result: 
recall@5: 0.0420    recall@10: 0.0676    recall@20: 0.1046    recall@50: 0.1749    ndcg@5: 0.0273    ndcg@10: 0.0357    ndcg@20: 0.0452    ndcg@50: 0.0594    precision@5: 0.0092    precision@10: 0.0074    precision@20: 0.0058    precision@50: 0.0039    map@5: 0.0217    map@10: 0.0252    map@20: 0.0277    map@50: 0.0299    
Thu 07 May 2026 04:31:38 INFO ██ PA2PD--Best validation results updated!!!
Thu 07 May 2026 04:31:42 INFO epoch 101 training [time: 3.09s, train loss: 16.2719]
Thu 07 May 2026 04:31:44 INFO epoch 101 evaluating [time: 1.34s, valid_score: 0.066800]
Thu 07 May 2026 04:31:44 INFO valid result: 
recall@5: 0.0412    recall@10: 0.0668    recall@20: 0.1021    recall@50: 0.1736    ndcg@5: 0.0275    ndcg@10: 0.0358    ndcg@20: 0.0448    ndcg@50: 0.0590    precision@5: 0.0087    precision@10: 0.0070    precision@20: 0.0054    precision@50: 0.0037    map@5: 0.0226    map@10: 0.0260    map@20: 0.0284    map@50: 0.0306    
Thu 07 May 2026 04:31:44 INFO test result: 
recall@5: 0.0423    recall@10: 0.0675    recall@20: 0.1044    recall@50: 0.1761    ndcg@5: 0.0272    ndcg@10: 0.0355    ndcg@20: 0.0450    ndcg@50: 0.0595    precision@5: 0.0093    precision@10: 0.0074    precision@20: 0.0057    precision@50: 0.0039    map@5: 0.0216    map@10: 0.0250    map@20: 0.0275    map@50: 0.0298    
Thu 07 May 2026 04:31:44 INFO ██ PA2PD--Best validation results updated!!!
Thu 07 May 2026 04:31:47 INFO epoch 102 training [time: 3.03s, train loss: 16.2191]
Thu 07 May 2026 04:31:50 INFO epoch 102 evaluating [time: 1.37s, valid_score: 0.066900]
Thu 07 May 2026 04:31:50 INFO valid result: 
recall@5: 0.0412    recall@10: 0.0669    recall@20: 0.1028    recall@50: 0.1739    ndcg@5: 0.0275    ndcg@10: 0.0358    ndcg@20: 0.0449    ndcg@50: 0.0591    precision@5: 0.0087    precision@10: 0.0071    precision@20: 0.0054    precision@50: 0.0037    map@5: 0.0227    map@10: 0.0260    map@20: 0.0284    map@50: 0.0306    
Thu 07 May 2026 04:31:50 INFO test result: 
recall@5: 0.0416    recall@10: 0.0682    recall@20: 0.1042    recall@50: 0.1759    ndcg@5: 0.0270    ndcg@10: 0.0358    ndcg@20: 0.0450    ndcg@50: 0.0595    precision@5: 0.0091    precision@10: 0.0075    precision@20: 0.0057    precision@50: 0.0039    map@5: 0.0216    map@10: 0.0251    map@20: 0.0276    map@50: 0.0299    
Thu 07 May 2026 04:31:50 INFO ██ PA2PD--Best validation results updated!!!
Thu 07 May 2026 04:31:53 INFO epoch 103 training [time: 3.10s, train loss: 16.1615]
Thu 07 May 2026 04:31:56 INFO epoch 103 evaluating [time: 1.36s, valid_score: 0.067000]
Thu 07 May 2026 04:31:56 INFO valid result: 
recall@5: 0.0407    recall@10: 0.0670    recall@20: 0.1030    recall@50: 0.1735    ndcg@5: 0.0274    ndcg@10: 0.0359    ndcg@20: 0.0450    ndcg@50: 0.0591    precision@5: 0.0086    precision@10: 0.0071    precision@20: 0.0054    precision@50: 0.0037    map@5: 0.0226    map@10: 0.0261    map@20: 0.0286    map@50: 0.0307    
Thu 07 May 2026 04:31:56 INFO test result: 
recall@5: 0.0423    recall@10: 0.0678    recall@20: 0.1042    recall@50: 0.1757    ndcg@5: 0.0274    ndcg@10: 0.0358    ndcg@20: 0.0452    ndcg@50: 0.0596    precision@5: 0.0092    precision@10: 0.0075    precision@20: 0.0057    precision@50: 0.0039    map@5: 0.0218    map@10: 0.0252    map@20: 0.0277    map@50: 0.0300    
Thu 07 May 2026 04:31:56 INFO ██ PA2PD--Best validation results updated!!!
Thu 07 May 2026 04:31:59 INFO epoch 104 training [time: 3.08s, train loss: 16.1517]
Thu 07 May 2026 04:32:02 INFO epoch 104 evaluating [time: 1.36s, valid_score: 0.067400]
Thu 07 May 2026 04:32:02 INFO valid result: 
recall@5: 0.0408    recall@10: 0.0674    recall@20: 0.1028    recall@50: 0.1723    ndcg@5: 0.0272    ndcg@10: 0.0358    ndcg@20: 0.0447    ndcg@50: 0.0585    precision@5: 0.0086    precision@10: 0.0071    precision@20: 0.0054    precision@50: 0.0036    map@5: 0.0223    map@10: 0.0258    map@20: 0.0282    map@50: 0.0303    
Thu 07 May 2026 04:32:02 INFO test result: 
recall@5: 0.0422    recall@10: 0.0678    recall@20: 0.1042    recall@50: 0.1759    ndcg@5: 0.0271    ndcg@10: 0.0356    ndcg@20: 0.0449    ndcg@50: 0.0594    precision@5: 0.0092    precision@10: 0.0075    precision@20: 0.0057    precision@50: 0.0039    map@5: 0.0215    map@10: 0.0249    map@20: 0.0275    map@50: 0.0297    
Thu 07 May 2026 04:32:02 INFO ██ PA2PD--Best validation results updated!!!
Thu 07 May 2026 04:32:05 INFO epoch 105 training [time: 3.23s, train loss: 16.0771]
Thu 07 May 2026 04:32:08 INFO epoch 105 evaluating [time: 1.43s, valid_score: 0.067200]
Thu 07 May 2026 04:32:08 INFO valid result: 
recall@5: 0.0410    recall@10: 0.0672    recall@20: 0.1020    recall@50: 0.1715    ndcg@5: 0.0275    ndcg@10: 0.0360    ndcg@20: 0.0448    ndcg@50: 0.0587    precision@5: 0.0087    precision@10: 0.0071    precision@20: 0.0054    precision@50: 0.0036    map@5: 0.0226    map@10: 0.0261    map@20: 0.0285    map@50: 0.0307    
Thu 07 May 2026 04:32:08 INFO test result: 
recall@5: 0.0431    recall@10: 0.0688    recall@20: 0.1035    recall@50: 0.1755    ndcg@5: 0.0277    ndcg@10: 0.0362    ndcg@20: 0.0451    ndcg@50: 0.0597    precision@5: 0.0094    precision@10: 0.0076    precision@20: 0.0057    precision@50: 0.0039    map@5: 0.0220    map@10: 0.0254    map@20: 0.0278    map@50: 0.0301    
Thu 07 May 2026 04:32:11 INFO epoch 106 training [time: 3.12s, train loss: 16.0536]
Thu 07 May 2026 04:32:13 INFO epoch 106 evaluating [time: 1.34s, valid_score: 0.067000]
Thu 07 May 2026 04:32:13 INFO valid result: 
recall@5: 0.0414    recall@10: 0.0670    recall@20: 0.1030    recall@50: 0.1721    ndcg@5: 0.0275    ndcg@10: 0.0358    ndcg@20: 0.0449    ndcg@50: 0.0587    precision@5: 0.0087    precision@10: 0.0070    precision@20: 0.0054    precision@50: 0.0036    map@5: 0.0226    map@10: 0.0259    map@20: 0.0284    map@50: 0.0305    
Thu 07 May 2026 04:32:13 INFO test result: 
recall@5: 0.0425    recall@10: 0.0681    recall@20: 0.1040    recall@50: 0.1743    ndcg@5: 0.0275    ndcg@10: 0.0359    ndcg@20: 0.0451    ndcg@50: 0.0594    precision@5: 0.0093    precision@10: 0.0075    precision@20: 0.0057    precision@50: 0.0039    map@5: 0.0219    map@10: 0.0253    map@20: 0.0278    map@50: 0.0301    
Thu 07 May 2026 04:32:17 INFO epoch 107 training [time: 3.06s, train loss: 15.9744]
Thu 07 May 2026 04:32:19 INFO epoch 107 evaluating [time: 1.47s, valid_score: 0.066800]
Thu 07 May 2026 04:32:19 INFO valid result: 
recall@5: 0.0414    recall@10: 0.0668    recall@20: 0.1023    recall@50: 0.1722    ndcg@5: 0.0276    ndcg@10: 0.0358    ndcg@20: 0.0449    ndcg@50: 0.0588    precision@5: 0.0087    precision@10: 0.0070    precision@20: 0.0054    precision@50: 0.0036    map@5: 0.0227    map@10: 0.0260    map@20: 0.0285    map@50: 0.0307    
Thu 07 May 2026 04:32:19 INFO test result: 
recall@5: 0.0424    recall@10: 0.0681    recall@20: 0.1043    recall@50: 0.1748    ndcg@5: 0.0275    ndcg@10: 0.0359    ndcg@20: 0.0452    ndcg@50: 0.0595    precision@5: 0.0092    precision@10: 0.0075    precision@20: 0.0057    precision@50: 0.0039    map@5: 0.0219    map@10: 0.0253    map@20: 0.0278    map@50: 0.0300    
Thu 07 May 2026 04:32:22 INFO epoch 108 training [time: 3.05s, train loss: 15.9544]
Thu 07 May 2026 04:32:25 INFO epoch 108 evaluating [time: 1.33s, valid_score: 0.066600]
Thu 07 May 2026 04:32:25 INFO valid result: 
recall@5: 0.0410    recall@10: 0.0666    recall@20: 0.1023    recall@50: 0.1727    ndcg@5: 0.0274    ndcg@10: 0.0357    ndcg@20: 0.0448    ndcg@50: 0.0588    precision@5: 0.0087    precision@10: 0.0070    precision@20: 0.0054    precision@50: 0.0036    map@5: 0.0225    map@10: 0.0259    map@20: 0.0284    map@50: 0.0306    
Thu 07 May 2026 04:32:25 INFO test result: 
recall@5: 0.0419    recall@10: 0.0680    recall@20: 0.1044    recall@50: 0.1749    ndcg@5: 0.0274    ndcg@10: 0.0361    ndcg@20: 0.0454    ndcg@50: 0.0597    precision@5: 0.0092    precision@10: 0.0075    precision@20: 0.0057    precision@50: 0.0039    map@5: 0.0220    map@10: 0.0255    map@20: 0.0280    map@50: 0.0303    
Thu 07 May 2026 04:32:28 INFO epoch 109 training [time: 3.05s, train loss: 15.9511]
Thu 07 May 2026 04:32:31 INFO epoch 109 evaluating [time: 1.49s, valid_score: 0.066400]
Thu 07 May 2026 04:32:31 INFO valid result: 
recall@5: 0.0409    recall@10: 0.0664    recall@20: 0.1023    recall@50: 0.1734    ndcg@5: 0.0272    ndcg@10: 0.0355    ndcg@20: 0.0447    ndcg@50: 0.0588    precision@5: 0.0087    precision@10: 0.0070    precision@20: 0.0054    precision@50: 0.0037    map@5: 0.0224    map@10: 0.0257    map@20: 0.0282    map@50: 0.0304    
Thu 07 May 2026 04:32:31 INFO test result: 
recall@5: 0.0420    recall@10: 0.0682    recall@20: 0.1051    recall@50: 0.1763    ndcg@5: 0.0273    ndcg@10: 0.0359    ndcg@20: 0.0454    ndcg@50: 0.0598    precision@5: 0.0092    precision@10: 0.0075    precision@20: 0.0058    precision@50: 0.0039    map@5: 0.0218    map@10: 0.0253    map@20: 0.0278    map@50: 0.0301    
Thu 07 May 2026 04:32:34 INFO epoch 110 training [time: 3.09s, train loss: 15.8898]
Thu 07 May 2026 04:32:37 INFO epoch 110 evaluating [time: 1.37s, valid_score: 0.065900]
Thu 07 May 2026 04:32:37 INFO valid result: 
recall@5: 0.0414    recall@10: 0.0659    recall@20: 0.1014    recall@50: 0.1730    ndcg@5: 0.0274    ndcg@10: 0.0354    ndcg@20: 0.0444    ndcg@50: 0.0587    precision@5: 0.0087    precision@10: 0.0069    precision@20: 0.0054    precision@50: 0.0036    map@5: 0.0225    map@10: 0.0257    map@20: 0.0281    map@50: 0.0304    
Thu 07 May 2026 04:32:37 INFO test result: 
recall@5: 0.0422    recall@10: 0.0677    recall@20: 0.1041    recall@50: 0.1741    ndcg@5: 0.0275    ndcg@10: 0.0359    ndcg@20: 0.0452    ndcg@50: 0.0594    precision@5: 0.0092    precision@10: 0.0074    precision@20: 0.0057    precision@50: 0.0039    map@5: 0.0220    map@10: 0.0254    map@20: 0.0279    map@50: 0.0301    
Thu 07 May 2026 04:32:40 INFO epoch 111 training [time: 3.08s, train loss: 15.8694]
Thu 07 May 2026 04:32:43 INFO epoch 111 evaluating [time: 1.36s, valid_score: 0.066000]
Thu 07 May 2026 04:32:43 INFO valid result: 
recall@5: 0.0404    recall@10: 0.0660    recall@20: 0.1017    recall@50: 0.1732    ndcg@5: 0.0271    ndcg@10: 0.0354    ndcg@20: 0.0445    ndcg@50: 0.0588    precision@5: 0.0085    precision@10: 0.0069    precision@20: 0.0054    precision@50: 0.0037    map@5: 0.0223    map@10: 0.0257    map@20: 0.0282    map@50: 0.0304    
Thu 07 May 2026 04:32:43 INFO test result: 
recall@5: 0.0426    recall@10: 0.0677    recall@20: 0.1036    recall@50: 0.1747    ndcg@5: 0.0276    ndcg@10: 0.0358    ndcg@20: 0.0450    ndcg@50: 0.0595    precision@5: 0.0093    precision@10: 0.0075    precision@20: 0.0057    precision@50: 0.0039    map@5: 0.0220    map@10: 0.0253    map@20: 0.0278    map@50: 0.0300    
Thu 07 May 2026 04:32:46 INFO epoch 112 training [time: 3.06s, train loss: 15.8349]
Thu 07 May 2026 04:32:49 INFO epoch 112 evaluating [time: 1.35s, valid_score: 0.066900]
Thu 07 May 2026 04:32:49 INFO valid result: 
recall@5: 0.0417    recall@10: 0.0669    recall@20: 0.1021    recall@50: 0.1730    ndcg@5: 0.0277    ndcg@10: 0.0359    ndcg@20: 0.0448    ndcg@50: 0.0590    precision@5: 0.0088    precision@10: 0.0071    precision@20: 0.0054    precision@50: 0.0037    map@5: 0.0227    map@10: 0.0260    map@20: 0.0285    map@50: 0.0307    
Thu 07 May 2026 04:32:49 INFO test result: 
recall@5: 0.0428    recall@10: 0.0682    recall@20: 0.1050    recall@50: 0.1754    ndcg@5: 0.0275    ndcg@10: 0.0358    ndcg@20: 0.0452    ndcg@50: 0.0595    precision@5: 0.0094    precision@10: 0.0075    precision@20: 0.0058    precision@50: 0.0039    map@5: 0.0218    map@10: 0.0251    map@20: 0.0277    map@50: 0.0299    
Thu 07 May 2026 04:32:52 INFO epoch 113 training [time: 3.07s, train loss: 15.8198]
Thu 07 May 2026 04:32:54 INFO epoch 113 evaluating [time: 1.31s, valid_score: 0.066500]
Thu 07 May 2026 04:32:54 INFO valid result: 
recall@5: 0.0413    recall@10: 0.0665    recall@20: 0.1020    recall@50: 0.1733    ndcg@5: 0.0274    ndcg@10: 0.0355    ndcg@20: 0.0446    ndcg@50: 0.0588    precision@5: 0.0087    precision@10: 0.0070    precision@20: 0.0054    precision@50: 0.0037    map@5: 0.0225    map@10: 0.0258    map@20: 0.0282    map@50: 0.0305    
Thu 07 May 2026 04:32:54 INFO test result: 
recall@5: 0.0429    recall@10: 0.0683    recall@20: 0.1049    recall@50: 0.1761    ndcg@5: 0.0279    ndcg@10: 0.0362    ndcg@20: 0.0456    ndcg@50: 0.0600    precision@5: 0.0094    precision@10: 0.0075    precision@20: 0.0058    precision@50: 0.0039    map@5: 0.0223    map@10: 0.0256    map@20: 0.0281    map@50: 0.0304    
Thu 07 May 2026 04:32:57 INFO epoch 114 training [time: 3.19s, train loss: 15.8204]
Thu 07 May 2026 04:33:00 INFO epoch 114 evaluating [time: 1.37s, valid_score: 0.067200]
Thu 07 May 2026 04:33:00 INFO valid result: 
recall@5: 0.0412    recall@10: 0.0672    recall@20: 0.1019    recall@50: 0.1719    ndcg@5: 0.0273    ndcg@10: 0.0357    ndcg@20: 0.0445    ndcg@50: 0.0585    precision@5: 0.0087    precision@10: 0.0071    precision@20: 0.0054    precision@50: 0.0036    map@5: 0.0223    map@10: 0.0257    map@20: 0.0281    map@50: 0.0303    
Thu 07 May 2026 04:33:00 INFO test result: 
recall@5: 0.0424    recall@10: 0.0678    recall@20: 0.1049    recall@50: 0.1747    ndcg@5: 0.0277    ndcg@10: 0.0360    ndcg@20: 0.0455    ndcg@50: 0.0597    precision@5: 0.0093    precision@10: 0.0074    precision@20: 0.0058    precision@50: 0.0039    map@5: 0.0222    map@10: 0.0255    map@20: 0.0281    map@50: 0.0303    
Thu 07 May 2026 04:33:03 INFO epoch 115 training [time: 3.06s, train loss: 15.7557]
Thu 07 May 2026 04:33:06 INFO epoch 115 evaluating [time: 1.36s, valid_score: 0.066800]
Thu 07 May 2026 04:33:06 INFO valid result: 
recall@5: 0.0413    recall@10: 0.0668    recall@20: 0.1015    recall@50: 0.1715    ndcg@5: 0.0272    ndcg@10: 0.0355    ndcg@20: 0.0444    ndcg@50: 0.0583    precision@5: 0.0087    precision@10: 0.0071    precision@20: 0.0054    precision@50: 0.0036    map@5: 0.0223    map@10: 0.0256    map@20: 0.0280    map@50: 0.0302    
Thu 07 May 2026 04:33:06 INFO test result: 
recall@5: 0.0419    recall@10: 0.0673    recall@20: 0.1046    recall@50: 0.1740    ndcg@5: 0.0271    ndcg@10: 0.0355    ndcg@20: 0.0451    ndcg@50: 0.0592    precision@5: 0.0091    precision@10: 0.0074    precision@20: 0.0057    precision@50: 0.0039    map@5: 0.0216    map@10: 0.0250    map@20: 0.0276    map@50: 0.0298    
Thu 07 May 2026 04:33:09 INFO epoch 116 training [time: 3.06s, train loss: 15.7085]
Thu 07 May 2026 04:33:12 INFO epoch 116 evaluating [time: 1.50s, valid_score: 0.067200]
Thu 07 May 2026 04:33:12 INFO valid result: 
recall@5: 0.0414    recall@10: 0.0672    recall@20: 0.1017    recall@50: 0.1726    ndcg@5: 0.0274    ndcg@10: 0.0357    ndcg@20: 0.0445    ndcg@50: 0.0586    precision@5: 0.0087    precision@10: 0.0071    precision@20: 0.0054    precision@50: 0.0036    map@5: 0.0224    map@10: 0.0257    map@20: 0.0281    map@50: 0.0303    
Thu 07 May 2026 04:33:12 INFO test result: 
recall@5: 0.0420    recall@10: 0.0675    recall@20: 0.1054    recall@50: 0.1750    ndcg@5: 0.0275    ndcg@10: 0.0359    ndcg@20: 0.0456    ndcg@50: 0.0597    precision@5: 0.0092    precision@10: 0.0074    precision@20: 0.0058    precision@50: 0.0039    map@5: 0.0221    map@10: 0.0255    map@20: 0.0281    map@50: 0.0303    
Thu 07 May 2026 04:33:15 INFO epoch 117 training [time: 3.07s, train loss: 15.6877]
Thu 07 May 2026 04:33:18 INFO epoch 117 evaluating [time: 1.37s, valid_score: 0.067400]
Thu 07 May 2026 04:33:18 INFO valid result: 
recall@5: 0.0416    recall@10: 0.0674    recall@20: 0.1019    recall@50: 0.1726    ndcg@5: 0.0275    ndcg@10: 0.0358    ndcg@20: 0.0446    ndcg@50: 0.0587    precision@5: 0.0087    precision@10: 0.0071    precision@20: 0.0054    precision@50: 0.0036    map@5: 0.0225    map@10: 0.0258    map@20: 0.0282    map@50: 0.0304    
Thu 07 May 2026 04:33:18 INFO test result: 
recall@5: 0.0417    recall@10: 0.0680    recall@20: 0.1056    recall@50: 0.1746    ndcg@5: 0.0273    ndcg@10: 0.0359    ndcg@20: 0.0455    ndcg@50: 0.0595    precision@5: 0.0091    precision@10: 0.0075    precision@20: 0.0058    precision@50: 0.0039    map@5: 0.0219    map@10: 0.0254    map@20: 0.0279    map@50: 0.0301    
Thu 07 May 2026 04:33:21 INFO epoch 118 training [time: 3.09s, train loss: 15.6931]
Thu 07 May 2026 04:33:24 INFO epoch 118 evaluating [time: 1.47s, valid_score: 0.067300]
Thu 07 May 2026 04:33:24 INFO valid result: 
recall@5: 0.0416    recall@10: 0.0673    recall@20: 0.1020    recall@50: 0.1716    ndcg@5: 0.0273    ndcg@10: 0.0356    ndcg@20: 0.0444    ndcg@50: 0.0583    precision@5: 0.0087    precision@10: 0.0071    precision@20: 0.0054    precision@50: 0.0036    map@5: 0.0223    map@10: 0.0256    map@20: 0.0280    map@50: 0.0302    
Thu 07 May 2026 04:33:24 INFO test result: 
recall@5: 0.0421    recall@10: 0.0676    recall@20: 0.1051    recall@50: 0.1739    ndcg@5: 0.0273    ndcg@10: 0.0357    ndcg@20: 0.0453    ndcg@50: 0.0592    precision@5: 0.0092    precision@10: 0.0075    precision@20: 0.0058    precision@50: 0.0039    map@5: 0.0218    map@10: 0.0251    map@20: 0.0277    map@50: 0.0299    
Thu 07 May 2026 04:33:27 INFO epoch 119 training [time: 3.06s, train loss: 15.6367]
Thu 07 May 2026 04:33:29 INFO epoch 119 evaluating [time: 1.38s, valid_score: 0.067200]
Thu 07 May 2026 04:33:29 INFO valid result: 
recall@5: 0.0414    recall@10: 0.0672    recall@20: 0.1021    recall@50: 0.1708    ndcg@5: 0.0272    ndcg@10: 0.0356    ndcg@20: 0.0445    ndcg@50: 0.0582    precision@5: 0.0087    precision@10: 0.0071    precision@20: 0.0054    precision@50: 0.0036    map@5: 0.0222    map@10: 0.0256    map@20: 0.0280    map@50: 0.0301    
Thu 07 May 2026 04:33:29 INFO test result: 
recall@5: 0.0418    recall@10: 0.0682    recall@20: 0.1050    recall@50: 0.1733    ndcg@5: 0.0271    ndcg@10: 0.0358    ndcg@20: 0.0453    ndcg@50: 0.0591    precision@5: 0.0091    precision@10: 0.0075    precision@20: 0.0058    precision@50: 0.0038    map@5: 0.0217    map@10: 0.0252    map@20: 0.0277    map@50: 0.0299    
Thu 07 May 2026 04:33:33 INFO epoch 120 training [time: 3.08s, train loss: 15.5607]
Thu 07 May 2026 04:33:35 INFO epoch 120 evaluating [time: 1.36s, valid_score: 0.067500]
Thu 07 May 2026 04:33:35 INFO valid result: 
recall@5: 0.0421    recall@10: 0.0675    recall@20: 0.1024    recall@50: 0.1718    ndcg@5: 0.0276    ndcg@10: 0.0358    ndcg@20: 0.0447    ndcg@50: 0.0585    precision@5: 0.0089    precision@10: 0.0071    precision@20: 0.0054    precision@50: 0.0036    map@5: 0.0225    map@10: 0.0258    map@20: 0.0282    map@50: 0.0303    
Thu 07 May 2026 04:33:35 INFO test result: 
recall@5: 0.0424    recall@10: 0.0689    recall@20: 0.1052    recall@50: 0.1738    ndcg@5: 0.0275    ndcg@10: 0.0362    ndcg@20: 0.0454    ndcg@50: 0.0593    precision@5: 0.0093    precision@10: 0.0076    precision@20: 0.0058    precision@50: 0.0039    map@5: 0.0219    map@10: 0.0254    map@20: 0.0279    map@50: 0.0301    
Thu 07 May 2026 04:33:35 INFO ██ PA2PD--Best validation results updated!!!
Thu 07 May 2026 04:33:38 INFO epoch 121 training [time: 3.06s, train loss: 15.5665]
Thu 07 May 2026 04:33:41 INFO epoch 121 evaluating [time: 1.36s, valid_score: 0.067300]
Thu 07 May 2026 04:33:41 INFO valid result: 
recall@5: 0.0416    recall@10: 0.0673    recall@20: 0.1023    recall@50: 0.1711    ndcg@5: 0.0275    ndcg@10: 0.0358    ndcg@20: 0.0447    ndcg@50: 0.0584    precision@5: 0.0087    precision@10: 0.0071    precision@20: 0.0054    precision@50: 0.0036    map@5: 0.0225    map@10: 0.0259    map@20: 0.0283    map@50: 0.0304    
Thu 07 May 2026 04:33:41 INFO test result: 
recall@5: 0.0421    recall@10: 0.0679    recall@20: 0.1043    recall@50: 0.1728    ndcg@5: 0.0273    ndcg@10: 0.0358    ndcg@20: 0.0451    ndcg@50: 0.0590    precision@5: 0.0092    precision@10: 0.0075    precision@20: 0.0057    precision@50: 0.0038    map@5: 0.0218    map@10: 0.0252    map@20: 0.0277    map@50: 0.0299    
Thu 07 May 2026 04:33:44 INFO epoch 122 training [time: 3.09s, train loss: 15.5015]
Thu 07 May 2026 04:33:47 INFO epoch 122 evaluating [time: 1.36s, valid_score: 0.066700]
Thu 07 May 2026 04:33:47 INFO valid result: 
recall@5: 0.0413    recall@10: 0.0667    recall@20: 0.1022    recall@50: 0.1719    ndcg@5: 0.0271    ndcg@10: 0.0353    ndcg@20: 0.0444    ndcg@50: 0.0582    precision@5: 0.0087    precision@10: 0.0070    precision@20: 0.0054    precision@50: 0.0036    map@5: 0.0220    map@10: 0.0254    map@20: 0.0278    map@50: 0.0300    
Thu 07 May 2026 04:33:47 INFO test result: 
recall@5: 0.0415    recall@10: 0.0681    recall@20: 0.1051    recall@50: 0.1729    ndcg@5: 0.0270    ndcg@10: 0.0358    ndcg@20: 0.0453    ndcg@50: 0.0590    precision@5: 0.0091    precision@10: 0.0075    precision@20: 0.0058    precision@50: 0.0038    map@5: 0.0216    map@10: 0.0252    map@20: 0.0277    map@50: 0.0299    
Thu 07 May 2026 04:33:50 INFO epoch 123 training [time: 3.19s, train loss: 15.5152]
Thu 07 May 2026 04:33:53 INFO epoch 123 evaluating [time: 1.34s, valid_score: 0.067300]
Thu 07 May 2026 04:33:53 INFO valid result: 
recall@5: 0.0421    recall@10: 0.0673    recall@20: 0.1026    recall@50: 0.1719    ndcg@5: 0.0276    ndcg@10: 0.0358    ndcg@20: 0.0448    ndcg@50: 0.0586    precision@5: 0.0089    precision@10: 0.0071    precision@20: 0.0054    precision@50: 0.0036    map@5: 0.0225    map@10: 0.0258    map@20: 0.0283    map@50: 0.0304    
Thu 07 May 2026 04:33:53 INFO test result: 
recall@5: 0.0422    recall@10: 0.0679    recall@20: 0.1055    recall@50: 0.1733    ndcg@5: 0.0272    ndcg@10: 0.0356    ndcg@20: 0.0452    ndcg@50: 0.0590    precision@5: 0.0092    precision@10: 0.0075    precision@20: 0.0058    precision@50: 0.0038    map@5: 0.0216    map@10: 0.0250    map@20: 0.0276    map@50: 0.0297    
Thu 07 May 2026 04:33:56 INFO epoch 124 training [time: 3.07s, train loss: 15.4441]
Thu 07 May 2026 04:33:59 INFO epoch 124 evaluating [time: 1.37s, valid_score: 0.068300]
Thu 07 May 2026 04:33:59 INFO valid result: 
recall@5: 0.0418    recall@10: 0.0683    recall@20: 0.1020    recall@50: 0.1712    ndcg@5: 0.0275    ndcg@10: 0.0361    ndcg@20: 0.0446    ndcg@50: 0.0584    precision@5: 0.0088    precision@10: 0.0072    precision@20: 0.0054    precision@50: 0.0036    map@5: 0.0224    map@10: 0.0259    map@20: 0.0282    map@50: 0.0303    
Thu 07 May 2026 04:33:59 INFO test result: 
recall@5: 0.0413    recall@10: 0.0677    recall@20: 0.1048    recall@50: 0.1732    ndcg@5: 0.0268    ndcg@10: 0.0355    ndcg@20: 0.0450    ndcg@50: 0.0589    precision@5: 0.0090    precision@10: 0.0074    precision@20: 0.0057    precision@50: 0.0038    map@5: 0.0214    map@10: 0.0249    map@20: 0.0275    map@50: 0.0297    
Thu 07 May 2026 04:33:59 INFO ██ PA2PD--Best validation results updated!!!
Thu 07 May 2026 04:34:02 INFO epoch 125 training [time: 3.22s, train loss: 15.4470]
Thu 07 May 2026 04:34:05 INFO epoch 125 evaluating [time: 1.41s, valid_score: 0.068300]
Thu 07 May 2026 04:34:05 INFO valid result: 
recall@5: 0.0414    recall@10: 0.0683    recall@20: 0.1024    recall@50: 0.1703    ndcg@5: 0.0274    ndcg@10: 0.0361    ndcg@20: 0.0448    ndcg@50: 0.0583    precision@5: 0.0087    precision@10: 0.0072    precision@20: 0.0054    precision@50: 0.0036    map@5: 0.0225    map@10: 0.0260    map@20: 0.0283    map@50: 0.0304    
Thu 07 May 2026 04:34:05 INFO test result: 
recall@5: 0.0420    recall@10: 0.0685    recall@20: 0.1037    recall@50: 0.1732    ndcg@5: 0.0271    ndcg@10: 0.0358    ndcg@20: 0.0449    ndcg@50: 0.0590    precision@5: 0.0092    precision@10: 0.0075    precision@20: 0.0057    precision@50: 0.0038    map@5: 0.0216    map@10: 0.0251    map@20: 0.0275    map@50: 0.0298    
Thu 07 May 2026 04:34:08 INFO epoch 126 training [time: 3.09s, train loss: 15.4171]
Thu 07 May 2026 04:34:10 INFO epoch 126 evaluating [time: 1.34s, valid_score: 0.068000]
Thu 07 May 2026 04:34:10 INFO valid result: 
recall@5: 0.0416    recall@10: 0.0680    recall@20: 0.1028    recall@50: 0.1713    ndcg@5: 0.0274    ndcg@10: 0.0360    ndcg@20: 0.0448    ndcg@50: 0.0584    precision@5: 0.0088    precision@10: 0.0072    precision@20: 0.0054    precision@50: 0.0036    map@5: 0.0224    map@10: 0.0259    map@20: 0.0282    map@50: 0.0303    
Thu 07 May 2026 04:34:10 INFO test result: 
recall@5: 0.0416    recall@10: 0.0678    recall@20: 0.1049    recall@50: 0.1743    ndcg@5: 0.0272    ndcg@10: 0.0359    ndcg@20: 0.0454    ndcg@50: 0.0594    precision@5: 0.0091    precision@10: 0.0074    precision@20: 0.0058    precision@50: 0.0039    map@5: 0.0218    map@10: 0.0253    map@20: 0.0279    map@50: 0.0301    
Thu 07 May 2026 04:34:13 INFO epoch 127 training [time: 3.08s, train loss: 15.4092]
Thu 07 May 2026 04:34:16 INFO epoch 127 evaluating [time: 1.50s, valid_score: 0.068500]
Thu 07 May 2026 04:34:16 INFO valid result: 
recall@5: 0.0417    recall@10: 0.0685    recall@20: 0.1024    recall@50: 0.1706    ndcg@5: 0.0272    ndcg@10: 0.0359    ndcg@20: 0.0445    ndcg@50: 0.0581    precision@5: 0.0088    precision@10: 0.0072    precision@20: 0.0054    precision@50: 0.0036    map@5: 0.0221    map@10: 0.0256    map@20: 0.0279    map@50: 0.0301    
Thu 07 May 2026 04:34:16 INFO test result: 
recall@5: 0.0415    recall@10: 0.0681    recall@20: 0.1054    recall@50: 0.1739    ndcg@5: 0.0273    ndcg@10: 0.0361    ndcg@20: 0.0456    ndcg@50: 0.0595    precision@5: 0.0091    precision@10: 0.0075    precision@20: 0.0058    precision@50: 0.0038    map@5: 0.0220    map@10: 0.0256    map@20: 0.0281    map@50: 0.0303    
Thu 07 May 2026 04:34:16 INFO ██ PA2PD--Best validation results updated!!!
Thu 07 May 2026 04:34:19 INFO epoch 128 training [time: 3.07s, train loss: 15.3481]
Thu 07 May 2026 04:34:22 INFO epoch 128 evaluating [time: 1.32s, valid_score: 0.066500]
Thu 07 May 2026 04:34:22 INFO valid result: 
recall@5: 0.0416    recall@10: 0.0665    recall@20: 0.1023    recall@50: 0.1704    ndcg@5: 0.0271    ndcg@10: 0.0352    ndcg@20: 0.0443    ndcg@50: 0.0579    precision@5: 0.0088    precision@10: 0.0070    precision@20: 0.0054    precision@50: 0.0036    map@5: 0.0220    map@10: 0.0253    map@20: 0.0278    map@50: 0.0299    
Thu 07 May 2026 04:34:22 INFO test result: 
recall@5: 0.0417    recall@10: 0.0685    recall@20: 0.1050    recall@50: 0.1731    ndcg@5: 0.0274    ndcg@10: 0.0362    ndcg@20: 0.0455    ndcg@50: 0.0593    precision@5: 0.0091    precision@10: 0.0075    precision@20: 0.0058    precision@50: 0.0038    map@5: 0.0221    map@10: 0.0256    map@20: 0.0281    map@50: 0.0303    
Thu 07 May 2026 04:34:25 INFO epoch 129 training [time: 3.08s, train loss: 15.3310]
Thu 07 May 2026 04:34:28 INFO epoch 129 evaluating [time: 1.47s, valid_score: 0.066800]
Thu 07 May 2026 04:34:28 INFO valid result: 
recall@5: 0.0410    recall@10: 0.0668    recall@20: 0.1021    recall@50: 0.1718    ndcg@5: 0.0271    ndcg@10: 0.0354    ndcg@20: 0.0445    ndcg@50: 0.0583    precision@5: 0.0086    precision@10: 0.0070    precision@20: 0.0054    precision@50: 0.0036    map@5: 0.0221    map@10: 0.0255    map@20: 0.0280    map@50: 0.0302    
Thu 07 May 2026 04:34:28 INFO test result: 
recall@5: 0.0419    recall@10: 0.0688    recall@20: 0.1046    recall@50: 0.1753    ndcg@5: 0.0273    ndcg@10: 0.0362    ndcg@20: 0.0454    ndcg@50: 0.0597    precision@5: 0.0091    precision@10: 0.0075    precision@20: 0.0058    precision@50: 0.0039    map@5: 0.0220    map@10: 0.0255    map@20: 0.0280    map@50: 0.0302    
Thu 07 May 2026 04:34:31 INFO epoch 130 training [time: 3.08s, train loss: 15.3241]
Thu 07 May 2026 04:34:34 INFO epoch 130 evaluating [time: 1.37s, valid_score: 0.067200]
Thu 07 May 2026 04:34:34 INFO valid result: 
recall@5: 0.0424    recall@10: 0.0672    recall@20: 0.1021    recall@50: 0.1716    ndcg@5: 0.0276    ndcg@10: 0.0356    ndcg@20: 0.0445    ndcg@50: 0.0583    precision@5: 0.0089    precision@10: 0.0071    precision@20: 0.0054    precision@50: 0.0036    map@5: 0.0224    map@10: 0.0256    map@20: 0.0280    map@50: 0.0302    
Thu 07 May 2026 04:34:34 INFO test result: 
recall@5: 0.0418    recall@10: 0.0679    recall@20: 0.1047    recall@50: 0.1735    ndcg@5: 0.0270    ndcg@10: 0.0356    ndcg@20: 0.0450    ndcg@50: 0.0590    precision@5: 0.0091    precision@10: 0.0074    precision@20: 0.0057    precision@50: 0.0038    map@5: 0.0216    map@10: 0.0250    map@20: 0.0275    map@50: 0.0297    
Thu 07 May 2026 04:34:37 INFO epoch 131 training [time: 3.09s, train loss: 15.2885]
Thu 07 May 2026 04:34:40 INFO epoch 131 evaluating [time: 1.35s, valid_score: 0.067100]
Thu 07 May 2026 04:34:40 INFO valid result: 
recall@5: 0.0420    recall@10: 0.0671    recall@20: 0.1017    recall@50: 0.1706    ndcg@5: 0.0274    ndcg@10: 0.0355    ndcg@20: 0.0444    ndcg@50: 0.0581    precision@5: 0.0088    precision@10: 0.0071    precision@20: 0.0054    precision@50: 0.0036    map@5: 0.0223    map@10: 0.0255    map@20: 0.0279    map@50: 0.0301    
Thu 07 May 2026 04:34:40 INFO test result: 
recall@5: 0.0413    recall@10: 0.0688    recall@20: 0.1053    recall@50: 0.1740    ndcg@5: 0.0270    ndcg@10: 0.0361    ndcg@20: 0.0454    ndcg@50: 0.0593    precision@5: 0.0090    precision@10: 0.0075    precision@20: 0.0058    precision@50: 0.0039    map@5: 0.0217    map@10: 0.0254    map@20: 0.0278    map@50: 0.0300    
Thu 07 May 2026 04:34:43 INFO epoch 132 training [time: 3.07s, train loss: 15.2347]
Thu 07 May 2026 04:34:46 INFO epoch 132 evaluating [time: 1.38s, valid_score: 0.066700]
Thu 07 May 2026 04:34:46 INFO valid result: 
recall@5: 0.0422    recall@10: 0.0667    recall@20: 0.1020    recall@50: 0.1705    ndcg@5: 0.0276    ndcg@10: 0.0355    ndcg@20: 0.0445    ndcg@50: 0.0582    precision@5: 0.0089    precision@10: 0.0070    precision@20: 0.0054    precision@50: 0.0036    map@5: 0.0224    map@10: 0.0256    map@20: 0.0281    map@50: 0.0302    
Thu 07 May 2026 04:34:46 INFO test result: 
recall@5: 0.0419    recall@10: 0.0687    recall@20: 0.1048    recall@50: 0.1734    ndcg@5: 0.0272    ndcg@10: 0.0360    ndcg@20: 0.0452    ndcg@50: 0.0591    precision@5: 0.0091    precision@10: 0.0075    precision@20: 0.0057    precision@50: 0.0038    map@5: 0.0217    map@10: 0.0252    map@20: 0.0277    map@50: 0.0299    
Thu 07 May 2026 04:34:49 INFO epoch 133 training [time: 3.08s, train loss: 15.2474]
Thu 07 May 2026 04:34:51 INFO epoch 133 evaluating [time: 1.35s, valid_score: 0.067100]
Thu 07 May 2026 04:34:51 INFO valid result: 
recall@5: 0.0419    recall@10: 0.0671    recall@20: 0.1021    recall@50: 0.1710    ndcg@5: 0.0277    ndcg@10: 0.0358    ndcg@20: 0.0447    ndcg@50: 0.0584    precision@5: 0.0088    precision@10: 0.0071    precision@20: 0.0054    precision@50: 0.0036    map@5: 0.0226    map@10: 0.0259    map@20: 0.0283    map@50: 0.0305    
Thu 07 May 2026 04:34:51 INFO test result: 
recall@5: 0.0422    recall@10: 0.0687    recall@20: 0.1057    recall@50: 0.1734    ndcg@5: 0.0274    ndcg@10: 0.0361    ndcg@20: 0.0455    ndcg@50: 0.0592    precision@5: 0.0092    precision@10: 0.0075    precision@20: 0.0058    precision@50: 0.0038    map@5: 0.0219    map@10: 0.0254    map@20: 0.0279    map@50: 0.0300    
Thu 07 May 2026 04:34:55 INFO epoch 134 training [time: 3.20s, train loss: 15.2137]
Thu 07 May 2026 04:34:57 INFO epoch 134 evaluating [time: 1.35s, valid_score: 0.067700]
Thu 07 May 2026 04:34:57 INFO valid result: 
recall@5: 0.0414    recall@10: 0.0677    recall@20: 0.1027    recall@50: 0.1712    ndcg@5: 0.0274    ndcg@10: 0.0359    ndcg@20: 0.0448    ndcg@50: 0.0584    precision@5: 0.0087    precision@10: 0.0071    precision@20: 0.0054    precision@50: 0.0036    map@5: 0.0224    map@10: 0.0259    map@20: 0.0283    map@50: 0.0304    
Thu 07 May 2026 04:34:57 INFO test result: 
recall@5: 0.0422    recall@10: 0.0681    recall@20: 0.1049    recall@50: 0.1745    ndcg@5: 0.0276    ndcg@10: 0.0361    ndcg@20: 0.0455    ndcg@50: 0.0597    precision@5: 0.0092    precision@10: 0.0075    precision@20: 0.0058    precision@50: 0.0039    map@5: 0.0221    map@10: 0.0255    map@20: 0.0281    map@50: 0.0303    
Thu 07 May 2026 04:35:00 INFO epoch 135 training [time: 3.07s, train loss: 15.2262]
Thu 07 May 2026 04:35:03 INFO epoch 135 evaluating [time: 1.33s, valid_score: 0.068300]
Thu 07 May 2026 04:35:03 INFO valid result: 
recall@5: 0.0419    recall@10: 0.0683    recall@20: 0.1016    recall@50: 0.1711    ndcg@5: 0.0276    ndcg@10: 0.0362    ndcg@20: 0.0447    ndcg@50: 0.0585    precision@5: 0.0088    precision@10: 0.0072    precision@20: 0.0054    precision@50: 0.0036    map@5: 0.0226    map@10: 0.0261    map@20: 0.0284    map@50: 0.0305    
Thu 07 May 2026 04:35:03 INFO test result: 
recall@5: 0.0415    recall@10: 0.0679    recall@20: 0.1050    recall@50: 0.1737    ndcg@5: 0.0271    ndcg@10: 0.0357    ndcg@20: 0.0453    ndcg@50: 0.0592    precision@5: 0.0091    precision@10: 0.0074    precision@20: 0.0058    precision@50: 0.0039    map@5: 0.0217    map@10: 0.0252    map@20: 0.0278    map@50: 0.0300    
Thu 07 May 2026 04:35:06 INFO epoch 136 training [time: 3.08s, train loss: 15.1544]
Thu 07 May 2026 04:35:09 INFO epoch 136 evaluating [time: 1.52s, valid_score: 0.067300]
Thu 07 May 2026 04:35:09 INFO valid result: 
recall@5: 0.0419    recall@10: 0.0673    recall@20: 0.1019    recall@50: 0.1712    ndcg@5: 0.0275    ndcg@10: 0.0359    ndcg@20: 0.0447    ndcg@50: 0.0584    precision@5: 0.0088    precision@10: 0.0071    precision@20: 0.0054    precision@50: 0.0036    map@5: 0.0225    map@10: 0.0259    map@20: 0.0283    map@50: 0.0304    
Thu 07 May 2026 04:35:09 INFO test result: 
recall@5: 0.0422    recall@10: 0.0675    recall@20: 0.1049    recall@50: 0.1734    ndcg@5: 0.0274    ndcg@10: 0.0357    ndcg@20: 0.0453    ndcg@50: 0.0592    precision@5: 0.0092    precision@10: 0.0074    precision@20: 0.0058    precision@50: 0.0038    map@5: 0.0218    map@10: 0.0252    map@20: 0.0278    map@50: 0.0299    
Thu 07 May 2026 04:35:12 INFO epoch 137 training [time: 3.06s, train loss: 15.1099]
Thu 07 May 2026 04:35:15 INFO epoch 137 evaluating [time: 1.35s, valid_score: 0.066700]
Thu 07 May 2026 04:35:15 INFO valid result: 
recall@5: 0.0419    recall@10: 0.0667    recall@20: 0.1014    recall@50: 0.1707    ndcg@5: 0.0275    ndcg@10: 0.0356    ndcg@20: 0.0444    ndcg@50: 0.0582    precision@5: 0.0088    precision@10: 0.0071    precision@20: 0.0054    precision@50: 0.0036    map@5: 0.0224    map@10: 0.0257    map@20: 0.0281    map@50: 0.0302    
Thu 07 May 2026 04:35:15 INFO test result: 
recall@5: 0.0413    recall@10: 0.0674    recall@20: 0.1039    recall@50: 0.1727    ndcg@5: 0.0270    ndcg@10: 0.0356    ndcg@20: 0.0450    ndcg@50: 0.0589    precision@5: 0.0091    precision@10: 0.0074    precision@20: 0.0057    precision@50: 0.0038    map@5: 0.0217    map@10: 0.0252    map@20: 0.0277    map@50: 0.0299    
Thu 07 May 2026 04:35:18 INFO epoch 138 training [time: 3.06s, train loss: 15.1138]
Thu 07 May 2026 04:35:21 INFO epoch 138 evaluating [time: 1.48s, valid_score: 0.066700]
Thu 07 May 2026 04:35:21 INFO valid result: 
recall@5: 0.0425    recall@10: 0.0667    recall@20: 0.1020    recall@50: 0.1704    ndcg@5: 0.0279    ndcg@10: 0.0358    ndcg@20: 0.0448    ndcg@50: 0.0584    precision@5: 0.0089    precision@10: 0.0070    precision@20: 0.0054    precision@50: 0.0036    map@5: 0.0228    map@10: 0.0260    map@20: 0.0284    map@50: 0.0306    
Thu 07 May 2026 04:35:21 INFO test result: 
recall@5: 0.0418    recall@10: 0.0683    recall@20: 0.1048    recall@50: 0.1728    ndcg@5: 0.0273    ndcg@10: 0.0360    ndcg@20: 0.0454    ndcg@50: 0.0591    precision@5: 0.0092    precision@10: 0.0075    precision@20: 0.0058    precision@50: 0.0038    map@5: 0.0219    map@10: 0.0254    map@20: 0.0279    map@50: 0.0300    
Thu 07 May 2026 04:35:24 INFO epoch 139 training [time: 3.06s, train loss: 15.0947]
Thu 07 May 2026 04:35:26 INFO epoch 139 evaluating [time: 1.37s, valid_score: 0.067600]
Thu 07 May 2026 04:35:26 INFO valid result: 
recall@5: 0.0420    recall@10: 0.0676    recall@20: 0.1031    recall@50: 0.1715    ndcg@5: 0.0276    ndcg@10: 0.0359    ndcg@20: 0.0449    ndcg@50: 0.0585    precision@5: 0.0088    precision@10: 0.0071    precision@20: 0.0054    precision@50: 0.0036    map@5: 0.0226    map@10: 0.0259    map@20: 0.0283    map@50: 0.0305    
Thu 07 May 2026 04:35:26 INFO test result: 
recall@5: 0.0418    recall@10: 0.0679    recall@20: 0.1046    recall@50: 0.1740    ndcg@5: 0.0273    ndcg@10: 0.0359    ndcg@20: 0.0453    ndcg@50: 0.0593    precision@5: 0.0091    precision@10: 0.0074    precision@20: 0.0058    precision@50: 0.0039    map@5: 0.0219    map@10: 0.0253    map@20: 0.0279    map@50: 0.0301    
Thu 07 May 2026 04:35:29 INFO epoch 140 training [time: 3.05s, train loss: 15.0373]
Thu 07 May 2026 04:35:32 INFO epoch 140 evaluating [time: 1.31s, valid_score: 0.067400]
Thu 07 May 2026 04:35:32 INFO valid result: 
recall@5: 0.0420    recall@10: 0.0674    recall@20: 0.1023    recall@50: 0.1712    ndcg@5: 0.0278    ndcg@10: 0.0360    ndcg@20: 0.0449    ndcg@50: 0.0586    precision@5: 0.0088    precision@10: 0.0071    precision@20: 0.0054    precision@50: 0.0036    map@5: 0.0227    map@10: 0.0261    map@20: 0.0285    map@50: 0.0306    
Thu 07 May 2026 04:35:32 INFO test result: 
recall@5: 0.0424    recall@10: 0.0687    recall@20: 0.1044    recall@50: 0.1730    ndcg@5: 0.0274    ndcg@10: 0.0360    ndcg@20: 0.0452    ndcg@50: 0.0591    precision@5: 0.0092    precision@10: 0.0075    precision@20: 0.0058    precision@50: 0.0038    map@5: 0.0218    map@10: 0.0253    map@20: 0.0277    map@50: 0.0299    
Thu 07 May 2026 04:35:35 INFO epoch 141 training [time: 3.06s, train loss: 15.0204]
Thu 07 May 2026 04:35:38 INFO epoch 141 evaluating [time: 1.36s, valid_score: 0.067100]
Thu 07 May 2026 04:35:38 INFO valid result: 
recall@5: 0.0424    recall@10: 0.0671    recall@20: 0.1026    recall@50: 0.1724    ndcg@5: 0.0278    ndcg@10: 0.0358    ndcg@20: 0.0449    ndcg@50: 0.0588    precision@5: 0.0089    precision@10: 0.0071    precision@20: 0.0054    precision@50: 0.0036    map@5: 0.0226    map@10: 0.0259    map@20: 0.0284    map@50: 0.0305    
Thu 07 May 2026 04:35:38 INFO test result: 
recall@5: 0.0421    recall@10: 0.0688    recall@20: 0.1041    recall@50: 0.1742    ndcg@5: 0.0274    ndcg@10: 0.0361    ndcg@20: 0.0452    ndcg@50: 0.0594    precision@5: 0.0092    precision@10: 0.0075    precision@20: 0.0057    precision@50: 0.0039    map@5: 0.0219    map@10: 0.0254    map@20: 0.0278    map@50: 0.0301    
Thu 07 May 2026 04:35:41 INFO epoch 142 training [time: 3.07s, train loss: 14.9842]
Thu 07 May 2026 04:35:44 INFO epoch 142 evaluating [time: 1.38s, valid_score: 0.067600]
Thu 07 May 2026 04:35:44 INFO valid result: 
recall@5: 0.0421    recall@10: 0.0676    recall@20: 0.1016    recall@50: 0.1708    ndcg@5: 0.0278    ndcg@10: 0.0361    ndcg@20: 0.0447    ndcg@50: 0.0585    precision@5: 0.0088    precision@10: 0.0071    precision@20: 0.0054    precision@50: 0.0036    map@5: 0.0227    map@10: 0.0260    map@20: 0.0284    map@50: 0.0305    
Thu 07 May 2026 04:35:44 INFO test result: 
recall@5: 0.0424    recall@10: 0.0685    recall@20: 0.1041    recall@50: 0.1726    ndcg@5: 0.0275    ndcg@10: 0.0360    ndcg@20: 0.0452    ndcg@50: 0.0591    precision@5: 0.0093    precision@10: 0.0075    precision@20: 0.0057    precision@50: 0.0038    map@5: 0.0220    map@10: 0.0254    map@20: 0.0278    map@50: 0.0300    
Thu 07 May 2026 04:35:47 INFO epoch 143 training [time: 3.19s, train loss: 15.0000]
Thu 07 May 2026 04:35:50 INFO epoch 143 evaluating [time: 1.36s, valid_score: 0.068500]
Thu 07 May 2026 04:35:50 INFO valid result: 
recall@5: 0.0427    recall@10: 0.0685    recall@20: 0.1020    recall@50: 0.1713    ndcg@5: 0.0280    ndcg@10: 0.0364    ndcg@20: 0.0449    ndcg@50: 0.0587    precision@5: 0.0090    precision@10: 0.0072    precision@20: 0.0054    precision@50: 0.0036    map@5: 0.0229    map@10: 0.0263    map@20: 0.0286    map@50: 0.0307    
Thu 07 May 2026 04:35:50 INFO test result: 
recall@5: 0.0423    recall@10: 0.0685    recall@20: 0.1046    recall@50: 0.1730    ndcg@5: 0.0275    ndcg@10: 0.0361    ndcg@20: 0.0454    ndcg@50: 0.0592    precision@5: 0.0092    precision@10: 0.0075    precision@20: 0.0057    precision@50: 0.0038    map@5: 0.0220    map@10: 0.0255    map@20: 0.0279    map@50: 0.0301    
Thu 07 May 2026 04:35:53 INFO epoch 144 training [time: 3.07s, train loss: 14.9688]
Thu 07 May 2026 04:35:55 INFO epoch 144 evaluating [time: 1.35s, valid_score: 0.068400]
Thu 07 May 2026 04:35:55 INFO valid result: 
recall@5: 0.0430    recall@10: 0.0684    recall@20: 0.1020    recall@50: 0.1709    ndcg@5: 0.0281    ndcg@10: 0.0363    ndcg@20: 0.0449    ndcg@50: 0.0586    precision@5: 0.0090    precision@10: 0.0072    precision@20: 0.0054    precision@50: 0.0036    map@5: 0.0228    map@10: 0.0262    map@20: 0.0285    map@50: 0.0306    
Thu 07 May 2026 04:35:55 INFO test result: 
recall@5: 0.0428    recall@10: 0.0683    recall@20: 0.1052    recall@50: 0.1723    ndcg@5: 0.0275    ndcg@10: 0.0359    ndcg@20: 0.0453    ndcg@50: 0.0589    precision@5: 0.0093    precision@10: 0.0075    precision@20: 0.0058    precision@50: 0.0038    map@5: 0.0219    map@10: 0.0252    map@20: 0.0277    map@50: 0.0299    
Thu 07 May 2026 04:35:59 INFO epoch 145 training [time: 3.08s, train loss: 14.9441]
Thu 07 May 2026 04:36:01 INFO epoch 145 evaluating [time: 1.51s, valid_score: 0.067300]
Thu 07 May 2026 04:36:01 INFO valid result: 
recall@5: 0.0433    recall@10: 0.0673    recall@20: 0.1021    recall@50: 0.1698    ndcg@5: 0.0284    ndcg@10: 0.0362    ndcg@20: 0.0450    ndcg@50: 0.0585    precision@5: 0.0091    precision@10: 0.0071    precision@20: 0.0054    precision@50: 0.0036    map@5: 0.0231    map@10: 0.0263    map@20: 0.0287    map@50: 0.0308    
Thu 07 May 2026 04:36:01 INFO test result: 
recall@5: 0.0422    recall@10: 0.0683    recall@20: 0.1046    recall@50: 0.1730    ndcg@5: 0.0273    ndcg@10: 0.0359    ndcg@20: 0.0451    ndcg@50: 0.0590    precision@5: 0.0092    precision@10: 0.0075    precision@20: 0.0058    precision@50: 0.0038    map@5: 0.0217    map@10: 0.0252    map@20: 0.0277    map@50: 0.0298    
Thu 07 May 2026 04:36:04 INFO epoch 146 training [time: 3.05s, train loss: 14.8956]
Thu 07 May 2026 04:36:07 INFO epoch 146 evaluating [time: 1.35s, valid_score: 0.067600]
Thu 07 May 2026 04:36:07 INFO valid result: 
recall@5: 0.0429    recall@10: 0.0676    recall@20: 0.1020    recall@50: 0.1701    ndcg@5: 0.0282    ndcg@10: 0.0362    ndcg@20: 0.0450    ndcg@50: 0.0585    precision@5: 0.0090    precision@10: 0.0071    precision@20: 0.0054    precision@50: 0.0036    map@5: 0.0230    map@10: 0.0263    map@20: 0.0286    map@50: 0.0307    
Thu 07 May 2026 04:36:07 INFO test result: 
recall@5: 0.0424    recall@10: 0.0681    recall@20: 0.1038    recall@50: 0.1720    ndcg@5: 0.0272    ndcg@10: 0.0356    ndcg@20: 0.0448    ndcg@50: 0.0586    precision@5: 0.0092    precision@10: 0.0075    precision@20: 0.0057    precision@50: 0.0038    map@5: 0.0216    map@10: 0.0250    map@20: 0.0274    map@50: 0.0296    
Thu 07 May 2026 04:36:10 INFO epoch 147 training [time: 3.07s, train loss: 14.8450]
Thu 07 May 2026 04:36:13 INFO epoch 147 evaluating [time: 1.36s, valid_score: 0.067600]
Thu 07 May 2026 04:36:13 INFO valid result: 
recall@5: 0.0426    recall@10: 0.0676    recall@20: 0.1021    recall@50: 0.1713    ndcg@5: 0.0278    ndcg@10: 0.0359    ndcg@20: 0.0447    ndcg@50: 0.0585    precision@5: 0.0090    precision@10: 0.0072    precision@20: 0.0054    precision@50: 0.0036    map@5: 0.0225    map@10: 0.0258    map@20: 0.0282    map@50: 0.0304    
Thu 07 May 2026 04:36:13 INFO test result: 
recall@5: 0.0424    recall@10: 0.0679    recall@20: 0.1028    recall@50: 0.1724    ndcg@5: 0.0275    ndcg@10: 0.0359    ndcg@20: 0.0449    ndcg@50: 0.0590    precision@5: 0.0093    precision@10: 0.0075    precision@20: 0.0057    precision@50: 0.0038    map@5: 0.0219    map@10: 0.0253    map@20: 0.0277    map@50: 0.0299    
Thu 07 May 2026 04:36:16 INFO epoch 148 training [time: 3.06s, train loss: 14.8856]
Thu 07 May 2026 04:36:19 INFO epoch 148 evaluating [time: 1.38s, valid_score: 0.067400]
Thu 07 May 2026 04:36:19 INFO valid result: 
recall@5: 0.0428    recall@10: 0.0674    recall@20: 0.1018    recall@50: 0.1701    ndcg@5: 0.0281    ndcg@10: 0.0360    ndcg@20: 0.0448    ndcg@50: 0.0584    precision@5: 0.0090    precision@10: 0.0071    precision@20: 0.0054    precision@50: 0.0036    map@5: 0.0229    map@10: 0.0261    map@20: 0.0285    map@50: 0.0306    
Thu 07 May 2026 04:36:19 INFO test result: 
recall@5: 0.0422    recall@10: 0.0681    recall@20: 0.1036    recall@50: 0.1734    ndcg@5: 0.0272    ndcg@10: 0.0358    ndcg@20: 0.0449    ndcg@50: 0.0590    precision@5: 0.0092    precision@10: 0.0075    precision@20: 0.0057    precision@50: 0.0038    map@5: 0.0217    map@10: 0.0251    map@20: 0.0276    map@50: 0.0298    
Thu 07 May 2026 04:36:19 INFO +++++Finished training, best eval result in epoch 127
Thu 07 May 2026 04:36:19 INFO best valid result: recall@5: 0.0417    recall@10: 0.0685    recall@20: 0.1024    recall@50: 0.1706    ndcg@5: 0.0272    ndcg@10: 0.0359    ndcg@20: 0.0445    ndcg@50: 0.0581    precision@5: 0.0088    precision@10: 0.0072    precision@20: 0.0054    precision@50: 0.0036    map@5: 0.0221    map@10: 0.0256    map@20: 0.0279    map@50: 0.0301    
Thu 07 May 2026 04:36:19 INFO test result: recall@5: 0.0415    recall@10: 0.0681    recall@20: 0.1054    recall@50: 0.1739    ndcg@5: 0.0273    ndcg@10: 0.0361    ndcg@20: 0.0456    ndcg@50: 0.0595    precision@5: 0.0091    precision@10: 0.0075    precision@20: 0.0058    precision@50: 0.0038    map@5: 0.0220    map@10: 0.0256    map@20: 0.0281    map@50: 0.0303    
Thu 07 May 2026 04:36:19 INFO ████Current BEST████:
Parameters: ['reg_weight', 'learning_rate', 'dropout', 'mask_weight_g', 'align_weight', 'temp', 'seed']=(0.001, 0.0001, 0.5, 0.001, 0.1, 0.2, 999),
Valid: recall@5: 0.0417    recall@10: 0.0685    recall@20: 0.1024    recall@50: 0.1706    ndcg@5: 0.0272    ndcg@10: 0.0359    ndcg@20: 0.0445    ndcg@50: 0.0581    precision@5: 0.0088    precision@10: 0.0072    precision@20: 0.0054    precision@50: 0.0036    map@5: 0.0221    map@10: 0.0256    map@20: 0.0279    map@50: 0.0301    ,
Test: recall@5: 0.0415    recall@10: 0.0681    recall@20: 0.1054    recall@50: 0.1739    ndcg@5: 0.0273    ndcg@10: 0.0361    ndcg@20: 0.0456    ndcg@50: 0.0595    precision@5: 0.0091    precision@10: 0.0075    precision@20: 0.0058    precision@50: 0.0038    map@5: 0.0220    map@10: 0.0256    map@20: 0.0281    map@50: 0.0303    



Thu 07 May 2026 04:36:19 INFO 
============All Over=====================
Thu 07 May 2026 04:36:19 INFO Parameters: ['reg_weight', 'learning_rate', 'dropout', 'mask_weight_g', 'align_weight', 'temp', 'seed']=(0.001, 0.0001, 0.5, 0.001, 0.1, 0.2, 999),
 best valid: recall@5: 0.0417    recall@10: 0.0685    recall@20: 0.1024    recall@50: 0.1706    ndcg@5: 0.0272    ndcg@10: 0.0359    ndcg@20: 0.0445    ndcg@50: 0.0581    precision@5: 0.0088    precision@10: 0.0072    precision@20: 0.0054    precision@50: 0.0036    map@5: 0.0221    map@10: 0.0256    map@20: 0.0279    map@50: 0.0301    ,
 best test: recall@5: 0.0415    recall@10: 0.0681    recall@20: 0.1054    recall@50: 0.1739    ndcg@5: 0.0273    ndcg@10: 0.0361    ndcg@20: 0.0456    ndcg@50: 0.0595    precision@5: 0.0091    precision@10: 0.0075    precision@20: 0.0058    precision@50: 0.0038    map@5: 0.0220    map@10: 0.0256    map@20: 0.0281    map@50: 0.0303    
Thu 07 May 2026 04:36:19 INFO 

█████████████ BEST ████████████████
Thu 07 May 2026 04:36:19 INFO 	Parameters: ['reg_weight', 'learning_rate', 'dropout', 'mask_weight_g', 'align_weight', 'temp', 'seed']=(0.001, 0.0001, 0.5, 0.001, 0.1, 0.2, 999),
Valid: recall@5: 0.0417    recall@10: 0.0685    recall@20: 0.1024    recall@50: 0.1706    ndcg@5: 0.0272    ndcg@10: 0.0359    ndcg@20: 0.0445    ndcg@50: 0.0581    precision@5: 0.0088    precision@10: 0.0072    precision@20: 0.0054    precision@50: 0.0036    map@5: 0.0221    map@10: 0.0256    map@20: 0.0279    map@50: 0.0301    ,
Test: recall@5: 0.0415    recall@10: 0.0681    recall@20: 0.1054    recall@50: 0.1739    ndcg@5: 0.0273    ndcg@10: 0.0361    ndcg@20: 0.0456    ndcg@50: 0.0595    precision@5: 0.0091    precision@10: 0.0075    precision@20: 0.0058    precision@50: 0.0038    map@5: 0.0220    map@10: 0.0256    map@20: 0.0281    map@50: 0.0303    


