Thu 07 May 2026 03:40:29 INFO ██Server: 	ps
Thu 07 May 2026 03:40:29 INFO ██Dir: 	/mnt/sda/XT/MENTOR_Firstpaper/src

Thu 07 May 2026 03:40:29 INFO Start 0-th training!!
Thu 07 May 2026 03:40:29 INFO sports
The number of users: 35598
Average actions of users: 8.324540704533963
The number of items: 18357
Average actions of items: 16.142997221768262
The number of inters: 296337
The sparsity of the dataset: 99.95465195454304%
Thu 07 May 2026 03:40:29 INFO 
====Training====
sports
The number of users: 35598
Average actions of users: 6.13542895668296
The number of items: 18352
Average actions of items: 11.901100697471666
The number of inters: 218409
The sparsity of the dataset: 99.96656806366236%
Thu 07 May 2026 03:40:29 INFO 
====Validation====
sports
The number of users: 35598
Average actions of users: 1.0646384628349908
The number of items: 13342
Average actions of items: 2.840578623894469
The number of inters: 37899
The sparsity of the dataset: 99.99202039826986%
Thu 07 May 2026 03:40:29 INFO 
====Testing====
sports
The number of users: 35598
Average actions of users: 1.1244732850160122
The number of items: 13738
Average actions of items: 2.9137429028970736
The number of inters: 40029
The sparsity of the dataset: 99.99181486908563%
Thu 07 May 2026 03:40:31 INFO 

=================================


Thu 07 May 2026 03:40:31 INFO =========1/1: Parameters:['reg_weight', 'learning_rate', 'dropout', 'mask_weight_g', 'align_weight', 'temp', 'seed']=(0.001, 0.0001, 0.4, 0.001, 0.01, 0.3, 999)=======
Thu 07 May 2026 03:40:35 INFO PA2PD(
  (image_embedding): Embedding(18357, 4096)
  (text_embedding): Embedding(18357, 384)
  (v_gcn): GCN(
    (MLP): Linear(in_features=4096, out_features=256, bias=True)
    (MLP_1): Linear(in_features=256, out_features=64, bias=True)
    (conv_embed_1): Base_gcn(64, 64)
  )
  (v_gcn_n1): GCN(
    (MLP): Linear(in_features=4096, out_features=256, bias=True)
    (MLP_1): Linear(in_features=256, out_features=64, bias=True)
    (conv_embed_1): Base_gcn(64, 64)
  )
  (v_gcn_n2): GCN(
    (MLP): Linear(in_features=4096, out_features=256, bias=True)
    (MLP_1): Linear(in_features=256, out_features=64, bias=True)
    (conv_embed_1): Base_gcn(64, 64)
  )
  (t_gcn): GCN(
    (MLP): Linear(in_features=384, out_features=256, bias=True)
    (MLP_1): Linear(in_features=256, out_features=64, bias=True)
    (conv_embed_1): Base_gcn(64, 64)
  )
  (t_gcn_n1): GCN(
    (MLP): Linear(in_features=384, out_features=256, bias=True)
    (MLP_1): Linear(in_features=256, out_features=64, bias=True)
    (conv_embed_1): Base_gcn(64, 64)
  )
  (t_gcn_n2): GCN(
    (MLP): Linear(in_features=384, out_features=256, bias=True)
    (MLP_1): Linear(in_features=256, out_features=64, bias=True)
    (conv_embed_1): Base_gcn(64, 64)
  )
  (id_gcn): GCN(
    (MLP): Linear(in_features=64, out_features=256, bias=True)
    (MLP_1): Linear(in_features=256, out_features=64, bias=True)
    (conv_embed_1): Base_gcn(64, 64)
  )
  (our_mlp_1): Linear(in_features=128, out_features=1, bias=True)
)
Trainable parameters: 103007389
Thu 07 May 2026 03:40:50 INFO epoch 0 training [time: 14.81s, train loss: 70.4372]
Thu 07 May 2026 03:40:55 INFO epoch 0 evaluating [time: 2.66s, valid_score: 0.032700]
Thu 07 May 2026 03:40:55 INFO valid result: 
recall@5: 0.0197    recall@10: 0.0327    recall@20: 0.0523    recall@50: 0.0929    ndcg@5: 0.0130    ndcg@10: 0.0171    ndcg@20: 0.0221    ndcg@50: 0.0302    precision@5: 0.0042    precision@10: 0.0035    precision@20: 0.0028    precision@50: 0.0020    map@5: 0.0105    map@10: 0.0122    map@20: 0.0136    map@50: 0.0148    
Thu 07 May 2026 03:40:55 INFO test result: 
recall@5: 0.0207    recall@10: 0.0346    recall@20: 0.0547    recall@50: 0.0972    ndcg@5: 0.0138    ndcg@10: 0.0183    ndcg@20: 0.0235    ndcg@50: 0.0321    precision@5: 0.0047    precision@10: 0.0039    precision@20: 0.0031    precision@50: 0.0022    map@5: 0.0110    map@10: 0.0128    map@20: 0.0142    map@50: 0.0155    
Thu 07 May 2026 03:40:55 INFO ██ PA2PD--Best validation results updated!!!
Thu 07 May 2026 03:41:10 INFO epoch 1 training [time: 14.72s, train loss: 51.9912]
Thu 07 May 2026 03:41:15 INFO epoch 1 evaluating [time: 2.55s, valid_score: 0.038300]
Thu 07 May 2026 03:41:15 INFO valid result: 
recall@5: 0.0231    recall@10: 0.0383    recall@20: 0.0609    recall@50: 0.1070    ndcg@5: 0.0151    ndcg@10: 0.0200    ndcg@20: 0.0258    ndcg@50: 0.0350    precision@5: 0.0049    precision@10: 0.0040    precision@20: 0.0032    precision@50: 0.0023    map@5: 0.0123    map@10: 0.0143    map@20: 0.0158    map@50: 0.0173    
Thu 07 May 2026 03:41:15 INFO test result: 
recall@5: 0.0236    recall@10: 0.0385    recall@20: 0.0623    recall@50: 0.1105    ndcg@5: 0.0158    ndcg@10: 0.0206    ndcg@20: 0.0268    ndcg@50: 0.0365    precision@5: 0.0053    precision@10: 0.0043    precision@20: 0.0035    precision@50: 0.0025    map@5: 0.0127    map@10: 0.0146    map@20: 0.0162    map@50: 0.0178    
Thu 07 May 2026 03:41:15 INFO ██ PA2PD--Best validation results updated!!!
Thu 07 May 2026 03:41:29 INFO epoch 2 training [time: 14.72s, train loss: 44.9805]
Thu 07 May 2026 03:41:35 INFO epoch 2 evaluating [time: 2.69s, valid_score: 0.042700]
Thu 07 May 2026 03:41:35 INFO valid result: 
recall@5: 0.0256    recall@10: 0.0427    recall@20: 0.0676    recall@50: 0.1166    ndcg@5: 0.0167    ndcg@10: 0.0223    ndcg@20: 0.0286    ndcg@50: 0.0383    precision@5: 0.0054    precision@10: 0.0045    precision@20: 0.0036    precision@50: 0.0025    map@5: 0.0136    map@10: 0.0158    map@20: 0.0175    map@50: 0.0190    
Thu 07 May 2026 03:41:35 INFO test result: 
recall@5: 0.0261    recall@10: 0.0427    recall@20: 0.0682    recall@50: 0.1194    ndcg@5: 0.0173    ndcg@10: 0.0228    ndcg@20: 0.0293    ndcg@50: 0.0397    precision@5: 0.0058    precision@10: 0.0048    precision@20: 0.0038    precision@50: 0.0027    map@5: 0.0139    map@10: 0.0161    map@20: 0.0178    map@50: 0.0194    
Thu 07 May 2026 03:41:35 INFO ██ PA2PD--Best validation results updated!!!
Thu 07 May 2026 03:41:49 INFO epoch 3 training [time: 14.73s, train loss: 40.6562]
Thu 07 May 2026 03:41:54 INFO epoch 3 evaluating [time: 2.57s, valid_score: 0.045600]
Thu 07 May 2026 03:41:54 INFO valid result: 
recall@5: 0.0277    recall@10: 0.0456    recall@20: 0.0714    recall@50: 0.1219    ndcg@5: 0.0182    ndcg@10: 0.0240    ndcg@20: 0.0306    ndcg@50: 0.0406    precision@5: 0.0059    precision@10: 0.0048    precision@20: 0.0038    precision@50: 0.0026    map@5: 0.0148    map@10: 0.0172    map@20: 0.0189    map@50: 0.0205    
Thu 07 May 2026 03:41:54 INFO test result: 
recall@5: 0.0280    recall@10: 0.0465    recall@20: 0.0726    recall@50: 0.1254    ndcg@5: 0.0186    ndcg@10: 0.0246    ndcg@20: 0.0314    ndcg@50: 0.0420    precision@5: 0.0062    precision@10: 0.0052    precision@20: 0.0040    precision@50: 0.0028    map@5: 0.0150    map@10: 0.0174    map@20: 0.0191    map@50: 0.0208    
Thu 07 May 2026 03:41:54 INFO ██ PA2PD--Best validation results updated!!!
Thu 07 May 2026 03:42:09 INFO epoch 4 training [time: 14.73s, train loss: 37.6001]
Thu 07 May 2026 03:42:14 INFO epoch 4 evaluating [time: 2.45s, valid_score: 0.048100]
Thu 07 May 2026 03:42:14 INFO valid result: 
recall@5: 0.0294    recall@10: 0.0481    recall@20: 0.0748    recall@50: 0.1269    ndcg@5: 0.0194    ndcg@10: 0.0255    ndcg@20: 0.0322    ndcg@50: 0.0426    precision@5: 0.0062    precision@10: 0.0051    precision@20: 0.0039    precision@50: 0.0027    map@5: 0.0159    map@10: 0.0183    map@20: 0.0201    map@50: 0.0218    
Thu 07 May 2026 03:42:14 INFO test result: 
recall@5: 0.0296    recall@10: 0.0483    recall@20: 0.0768    recall@50: 0.1311    ndcg@5: 0.0198    ndcg@10: 0.0259    ndcg@20: 0.0333    ndcg@50: 0.0442    precision@5: 0.0066    precision@10: 0.0054    precision@20: 0.0043    precision@50: 0.0029    map@5: 0.0160    map@10: 0.0184    map@20: 0.0204    map@50: 0.0221    
Thu 07 May 2026 03:42:14 INFO ██ PA2PD--Best validation results updated!!!
Thu 07 May 2026 03:42:29 INFO epoch 5 training [time: 14.75s, train loss: 35.1157]
Thu 07 May 2026 03:42:34 INFO epoch 5 evaluating [time: 2.68s, valid_score: 0.049500]
Thu 07 May 2026 03:42:34 INFO valid result: 
recall@5: 0.0303    recall@10: 0.0495    recall@20: 0.0765    recall@50: 0.1303    ndcg@5: 0.0200    ndcg@10: 0.0262    ndcg@20: 0.0331    ndcg@50: 0.0438    precision@5: 0.0064    precision@10: 0.0052    precision@20: 0.0040    precision@50: 0.0028    map@5: 0.0163    map@10: 0.0189    map@20: 0.0207    map@50: 0.0224    
Thu 07 May 2026 03:42:34 INFO test result: 
recall@5: 0.0312    recall@10: 0.0497    recall@20: 0.0787    recall@50: 0.1346    ndcg@5: 0.0206    ndcg@10: 0.0267    ndcg@20: 0.0342    ndcg@50: 0.0455    precision@5: 0.0069    precision@10: 0.0055    precision@20: 0.0044    precision@50: 0.0030    map@5: 0.0166    map@10: 0.0190    map@20: 0.0210    map@50: 0.0228    
Thu 07 May 2026 03:42:34 INFO ██ PA2PD--Best validation results updated!!!
Thu 07 May 2026 03:42:49 INFO epoch 6 training [time: 14.77s, train loss: 33.1370]
Thu 07 May 2026 03:42:54 INFO epoch 6 evaluating [time: 2.53s, valid_score: 0.051200]
Thu 07 May 2026 03:42:54 INFO valid result: 
recall@5: 0.0314    recall@10: 0.0512    recall@20: 0.0795    recall@50: 0.1343    ndcg@5: 0.0208    ndcg@10: 0.0272    ndcg@20: 0.0344    ndcg@50: 0.0453    precision@5: 0.0066    precision@10: 0.0054    precision@20: 0.0042    precision@50: 0.0028    map@5: 0.0170    map@10: 0.0196    map@20: 0.0215    map@50: 0.0233    
Thu 07 May 2026 03:42:54 INFO test result: 
recall@5: 0.0321    recall@10: 0.0518    recall@20: 0.0813    recall@50: 0.1381    ndcg@5: 0.0214    ndcg@10: 0.0278    ndcg@20: 0.0354    ndcg@50: 0.0469    precision@5: 0.0071    precision@10: 0.0058    precision@20: 0.0045    precision@50: 0.0031    map@5: 0.0173    map@10: 0.0198    map@20: 0.0218    map@50: 0.0236    
Thu 07 May 2026 03:42:54 INFO ██ PA2PD--Best validation results updated!!!
Thu 07 May 2026 03:43:09 INFO epoch 7 training [time: 14.77s, train loss: 31.8048]
Thu 07 May 2026 03:43:14 INFO epoch 7 evaluating [time: 2.64s, valid_score: 0.053100]
Thu 07 May 2026 03:43:14 INFO valid result: 
recall@5: 0.0328    recall@10: 0.0531    recall@20: 0.0809    recall@50: 0.1367    ndcg@5: 0.0214    ndcg@10: 0.0280    ndcg@20: 0.0351    ndcg@50: 0.0462    precision@5: 0.0069    precision@10: 0.0056    precision@20: 0.0043    precision@50: 0.0029    map@5: 0.0174    map@10: 0.0201    map@20: 0.0220    map@50: 0.0238    
Thu 07 May 2026 03:43:14 INFO test result: 
recall@5: 0.0332    recall@10: 0.0529    recall@20: 0.0839    recall@50: 0.1414    ndcg@5: 0.0221    ndcg@10: 0.0286    ndcg@20: 0.0365    ndcg@50: 0.0481    precision@5: 0.0074    precision@10: 0.0059    precision@20: 0.0047    precision@50: 0.0032    map@5: 0.0179    map@10: 0.0204    map@20: 0.0225    map@50: 0.0244    
Thu 07 May 2026 03:43:14 INFO ██ PA2PD--Best validation results updated!!!
Thu 07 May 2026 03:43:29 INFO epoch 8 training [time: 14.78s, train loss: 30.3858]
Thu 07 May 2026 03:43:34 INFO epoch 8 evaluating [time: 2.73s, valid_score: 0.054000]
Thu 07 May 2026 03:43:34 INFO valid result: 
recall@5: 0.0337    recall@10: 0.0540    recall@20: 0.0830    recall@50: 0.1394    ndcg@5: 0.0221    ndcg@10: 0.0287    ndcg@20: 0.0360    ndcg@50: 0.0473    precision@5: 0.0071    precision@10: 0.0057    precision@20: 0.0044    precision@50: 0.0029    map@5: 0.0180    map@10: 0.0206    map@20: 0.0226    map@50: 0.0244    
Thu 07 May 2026 03:43:34 INFO test result: 
recall@5: 0.0339    recall@10: 0.0539    recall@20: 0.0852    recall@50: 0.1438    ndcg@5: 0.0225    ndcg@10: 0.0290    ndcg@20: 0.0371    ndcg@50: 0.0489    precision@5: 0.0075    precision@10: 0.0060    precision@20: 0.0047    precision@50: 0.0032    map@5: 0.0181    map@10: 0.0207    map@20: 0.0229    map@50: 0.0247    
Thu 07 May 2026 03:43:34 INFO ██ PA2PD--Best validation results updated!!!
Thu 07 May 2026 03:43:49 INFO epoch 9 training [time: 14.80s, train loss: 29.1261]
Thu 07 May 2026 03:43:54 INFO epoch 9 evaluating [time: 2.58s, valid_score: 0.055100]
Thu 07 May 2026 03:43:54 INFO valid result: 
recall@5: 0.0337    recall@10: 0.0551    recall@20: 0.0833    recall@50: 0.1424    ndcg@5: 0.0222    ndcg@10: 0.0292    ndcg@20: 0.0363    ndcg@50: 0.0482    precision@5: 0.0071    precision@10: 0.0058    precision@20: 0.0044    precision@50: 0.0030    map@5: 0.0182    map@10: 0.0210    map@20: 0.0229    map@50: 0.0248    
Thu 07 May 2026 03:43:54 INFO test result: 
recall@5: 0.0348    recall@10: 0.0550    recall@20: 0.0871    recall@50: 0.1468    ndcg@5: 0.0230    ndcg@10: 0.0296    ndcg@20: 0.0379    ndcg@50: 0.0499    precision@5: 0.0077    precision@10: 0.0061    precision@20: 0.0048    precision@50: 0.0033    map@5: 0.0185    map@10: 0.0211    map@20: 0.0233    map@50: 0.0252    
Thu 07 May 2026 03:43:54 INFO ██ PA2PD--Best validation results updated!!!
Thu 07 May 2026 03:44:09 INFO epoch 10 training [time: 14.80s, train loss: 28.2442]
Thu 07 May 2026 03:44:14 INFO epoch 10 evaluating [time: 2.51s, valid_score: 0.055300]
Thu 07 May 2026 03:44:14 INFO valid result: 
recall@5: 0.0349    recall@10: 0.0553    recall@20: 0.0852    recall@50: 0.1448    ndcg@5: 0.0228    ndcg@10: 0.0295    ndcg@20: 0.0371    ndcg@50: 0.0489    precision@5: 0.0073    precision@10: 0.0058    precision@20: 0.0045    precision@50: 0.0031    map@5: 0.0186    map@10: 0.0213    map@20: 0.0233    map@50: 0.0252    
Thu 07 May 2026 03:44:14 INFO test result: 
recall@5: 0.0353    recall@10: 0.0564    recall@20: 0.0883    recall@50: 0.1485    ndcg@5: 0.0232    ndcg@10: 0.0301    ndcg@20: 0.0383    ndcg@50: 0.0505    precision@5: 0.0078    precision@10: 0.0063    precision@20: 0.0049    precision@50: 0.0033    map@5: 0.0186    map@10: 0.0214    map@20: 0.0236    map@50: 0.0255    
Thu 07 May 2026 03:44:14 INFO ██ PA2PD--Best validation results updated!!!
Thu 07 May 2026 03:44:29 INFO epoch 11 training [time: 14.79s, train loss: 27.2172]
Thu 07 May 2026 03:44:34 INFO epoch 11 evaluating [time: 2.58s, valid_score: 0.056200]
Thu 07 May 2026 03:44:34 INFO valid result: 
recall@5: 0.0352    recall@10: 0.0562    recall@20: 0.0859    recall@50: 0.1465    ndcg@5: 0.0230    ndcg@10: 0.0298    ndcg@20: 0.0374    ndcg@50: 0.0495    precision@5: 0.0074    precision@10: 0.0059    precision@20: 0.0045    precision@50: 0.0031    map@5: 0.0187    map@10: 0.0215    map@20: 0.0235    map@50: 0.0254    
Thu 07 May 2026 03:44:34 INFO test result: 
recall@5: 0.0359    recall@10: 0.0574    recall@20: 0.0892    recall@50: 0.1496    ndcg@5: 0.0237    ndcg@10: 0.0307    ndcg@20: 0.0389    ndcg@50: 0.0511    precision@5: 0.0080    precision@10: 0.0064    precision@20: 0.0049    precision@50: 0.0033    map@5: 0.0190    map@10: 0.0218    map@20: 0.0240    map@50: 0.0259    
Thu 07 May 2026 03:44:34 INFO ██ PA2PD--Best validation results updated!!!
Thu 07 May 2026 03:44:49 INFO epoch 12 training [time: 14.82s, train loss: 26.4271]
Thu 07 May 2026 03:44:54 INFO epoch 12 evaluating [time: 2.56s, valid_score: 0.057300]
Thu 07 May 2026 03:44:54 INFO valid result: 
recall@5: 0.0362    recall@10: 0.0573    recall@20: 0.0875    recall@50: 0.1487    ndcg@5: 0.0236    ndcg@10: 0.0304    ndcg@20: 0.0381    ndcg@50: 0.0503    precision@5: 0.0076    precision@10: 0.0060    precision@20: 0.0046    precision@50: 0.0031    map@5: 0.0191    map@10: 0.0219    map@20: 0.0239    map@50: 0.0259    
Thu 07 May 2026 03:44:54 INFO test result: 
recall@5: 0.0361    recall@10: 0.0578    recall@20: 0.0909    recall@50: 0.1516    ndcg@5: 0.0240    ndcg@10: 0.0311    ndcg@20: 0.0396    ndcg@50: 0.0519    precision@5: 0.0080    precision@10: 0.0064    precision@20: 0.0050    precision@50: 0.0034    map@5: 0.0193    map@10: 0.0222    map@20: 0.0244    map@50: 0.0264    
Thu 07 May 2026 03:44:54 INFO ██ PA2PD--Best validation results updated!!!
Thu 07 May 2026 03:45:09 INFO epoch 13 training [time: 14.80s, train loss: 25.5852]
Thu 07 May 2026 03:45:14 INFO epoch 13 evaluating [time: 2.64s, valid_score: 0.058300]
Thu 07 May 2026 03:45:14 INFO valid result: 
recall@5: 0.0368    recall@10: 0.0583    recall@20: 0.0887    recall@50: 0.1503    ndcg@5: 0.0238    ndcg@10: 0.0308    ndcg@20: 0.0385    ndcg@50: 0.0508    precision@5: 0.0077    precision@10: 0.0061    precision@20: 0.0047    precision@50: 0.0032    map@5: 0.0193    map@10: 0.0221    map@20: 0.0241    map@50: 0.0261    
Thu 07 May 2026 03:45:14 INFO test result: 
recall@5: 0.0370    recall@10: 0.0589    recall@20: 0.0918    recall@50: 0.1535    ndcg@5: 0.0246    ndcg@10: 0.0317    ndcg@20: 0.0402    ndcg@50: 0.0527    precision@5: 0.0082    precision@10: 0.0065    precision@20: 0.0051    precision@50: 0.0034    map@5: 0.0198    map@10: 0.0227    map@20: 0.0249    map@50: 0.0269    
Thu 07 May 2026 03:45:14 INFO ██ PA2PD--Best validation results updated!!!
Thu 07 May 2026 03:45:29 INFO epoch 14 training [time: 14.80s, train loss: 24.9360]
Thu 07 May 2026 03:45:34 INFO epoch 14 evaluating [time: 2.61s, valid_score: 0.059400]
Thu 07 May 2026 03:45:34 INFO valid result: 
recall@5: 0.0370    recall@10: 0.0594    recall@20: 0.0904    recall@50: 0.1529    ndcg@5: 0.0242    ndcg@10: 0.0315    ndcg@20: 0.0393    ndcg@50: 0.0518    precision@5: 0.0078    precision@10: 0.0063    precision@20: 0.0048    precision@50: 0.0032    map@5: 0.0197    map@10: 0.0226    map@20: 0.0247    map@50: 0.0267    
Thu 07 May 2026 03:45:34 INFO test result: 
recall@5: 0.0381    recall@10: 0.0597    recall@20: 0.0929    recall@50: 0.1551    ndcg@5: 0.0252    ndcg@10: 0.0322    ndcg@20: 0.0407    ndcg@50: 0.0533    precision@5: 0.0085    precision@10: 0.0066    precision@20: 0.0052    precision@50: 0.0035    map@5: 0.0202    map@10: 0.0230    map@20: 0.0253    map@50: 0.0273    
Thu 07 May 2026 03:45:34 INFO ██ PA2PD--Best validation results updated!!!
Thu 07 May 2026 03:45:49 INFO epoch 15 training [time: 14.81s, train loss: 24.2076]
Thu 07 May 2026 03:45:54 INFO epoch 15 evaluating [time: 2.66s, valid_score: 0.060000]
Thu 07 May 2026 03:45:54 INFO valid result: 
recall@5: 0.0373    recall@10: 0.0600    recall@20: 0.0915    recall@50: 0.1545    ndcg@5: 0.0244    ndcg@10: 0.0317    ndcg@20: 0.0397    ndcg@50: 0.0523    precision@5: 0.0078    precision@10: 0.0063    precision@20: 0.0048    precision@50: 0.0033    map@5: 0.0198    map@10: 0.0228    map@20: 0.0249    map@50: 0.0269    
Thu 07 May 2026 03:45:54 INFO test result: 
recall@5: 0.0379    recall@10: 0.0600    recall@20: 0.0935    recall@50: 0.1571    ndcg@5: 0.0250    ndcg@10: 0.0323    ndcg@20: 0.0409    ndcg@50: 0.0538    precision@5: 0.0084    precision@10: 0.0066    precision@20: 0.0052    precision@50: 0.0035    map@5: 0.0201    map@10: 0.0230    map@20: 0.0254    map@50: 0.0274    
Thu 07 May 2026 03:45:54 INFO ██ PA2PD--Best validation results updated!!!
Thu 07 May 2026 03:46:09 INFO epoch 16 training [time: 14.81s, train loss: 23.6975]
Thu 07 May 2026 03:46:14 INFO epoch 16 evaluating [time: 2.67s, valid_score: 0.061000]
Thu 07 May 2026 03:46:14 INFO valid result: 
recall@5: 0.0384    recall@10: 0.0610    recall@20: 0.0933    recall@50: 0.1560    ndcg@5: 0.0249    ndcg@10: 0.0322    ndcg@20: 0.0404    ndcg@50: 0.0529    precision@5: 0.0081    precision@10: 0.0064    precision@20: 0.0049    precision@50: 0.0033    map@5: 0.0202    map@10: 0.0232    map@20: 0.0254    map@50: 0.0273    
Thu 07 May 2026 03:46:14 INFO test result: 
recall@5: 0.0386    recall@10: 0.0612    recall@20: 0.0950    recall@50: 0.1586    ndcg@5: 0.0255    ndcg@10: 0.0329    ndcg@20: 0.0416    ndcg@50: 0.0545    precision@5: 0.0086    precision@10: 0.0068    precision@20: 0.0053    precision@50: 0.0035    map@5: 0.0205    map@10: 0.0234    map@20: 0.0258    map@50: 0.0278    
Thu 07 May 2026 03:46:14 INFO ██ PA2PD--Best validation results updated!!!
Thu 07 May 2026 03:46:29 INFO epoch 17 training [time: 14.81s, train loss: 23.0041]
Thu 07 May 2026 03:46:34 INFO epoch 17 evaluating [time: 2.58s, valid_score: 0.061200]
Thu 07 May 2026 03:46:34 INFO valid result: 
recall@5: 0.0388    recall@10: 0.0612    recall@20: 0.0937    recall@50: 0.1566    ndcg@5: 0.0252    ndcg@10: 0.0325    ndcg@20: 0.0407    ndcg@50: 0.0532    precision@5: 0.0082    precision@10: 0.0065    precision@20: 0.0049    precision@50: 0.0033    map@5: 0.0204    map@10: 0.0233    map@20: 0.0256    map@50: 0.0275    
Thu 07 May 2026 03:46:34 INFO test result: 
recall@5: 0.0388    recall@10: 0.0618    recall@20: 0.0956    recall@50: 0.1595    ndcg@5: 0.0256    ndcg@10: 0.0331    ndcg@20: 0.0418    ndcg@50: 0.0548    precision@5: 0.0086    precision@10: 0.0068    precision@20: 0.0053    precision@50: 0.0036    map@5: 0.0206    map@10: 0.0236    map@20: 0.0259    map@50: 0.0280    
Thu 07 May 2026 03:46:34 INFO ██ PA2PD--Best validation results updated!!!
Thu 07 May 2026 03:46:49 INFO epoch 18 training [time: 14.82s, train loss: 22.3956]
Thu 07 May 2026 03:46:54 INFO epoch 18 evaluating [time: 2.63s, valid_score: 0.061800]
Thu 07 May 2026 03:46:54 INFO valid result: 
recall@5: 0.0394    recall@10: 0.0618    recall@20: 0.0942    recall@50: 0.1579    ndcg@5: 0.0256    ndcg@10: 0.0329    ndcg@20: 0.0411    ndcg@50: 0.0538    precision@5: 0.0083    precision@10: 0.0065    precision@20: 0.0050    precision@50: 0.0033    map@5: 0.0208    map@10: 0.0238    map@20: 0.0259    map@50: 0.0279    
Thu 07 May 2026 03:46:54 INFO test result: 
recall@5: 0.0398    recall@10: 0.0625    recall@20: 0.0969    recall@50: 0.1607    ndcg@5: 0.0259    ndcg@10: 0.0334    ndcg@20: 0.0422    ndcg@50: 0.0551    precision@5: 0.0088    precision@10: 0.0069    precision@20: 0.0054    precision@50: 0.0036    map@5: 0.0207    map@10: 0.0237    map@20: 0.0260    map@50: 0.0280    
Thu 07 May 2026 03:46:54 INFO ██ PA2PD--Best validation results updated!!!
Thu 07 May 2026 03:47:09 INFO epoch 19 training [time: 14.82s, train loss: 21.7281]
Thu 07 May 2026 03:47:14 INFO epoch 19 evaluating [time: 2.75s, valid_score: 0.062000]
Thu 07 May 2026 03:47:14 INFO valid result: 
recall@5: 0.0396    recall@10: 0.0620    recall@20: 0.0947    recall@50: 0.1591    ndcg@5: 0.0257    ndcg@10: 0.0330    ndcg@20: 0.0413    ndcg@50: 0.0541    precision@5: 0.0084    precision@10: 0.0065    precision@20: 0.0050    precision@50: 0.0034    map@5: 0.0208    map@10: 0.0237    map@20: 0.0260    map@50: 0.0280    
Thu 07 May 2026 03:47:14 INFO test result: 
recall@5: 0.0392    recall@10: 0.0631    recall@20: 0.0975    recall@50: 0.1611    ndcg@5: 0.0259    ndcg@10: 0.0337    ndcg@20: 0.0426    ndcg@50: 0.0554    precision@5: 0.0087    precision@10: 0.0070    precision@20: 0.0054    precision@50: 0.0036    map@5: 0.0208    map@10: 0.0239    map@20: 0.0263    map@50: 0.0283    
Thu 07 May 2026 03:47:14 INFO ██ PA2PD--Best validation results updated!!!
Thu 07 May 2026 03:47:29 INFO epoch 20 training [time: 14.82s, train loss: 21.2234]
Thu 07 May 2026 03:47:34 INFO epoch 20 evaluating [time: 2.60s, valid_score: 0.062700]
Thu 07 May 2026 03:47:34 INFO valid result: 
recall@5: 0.0399    recall@10: 0.0627    recall@20: 0.0953    recall@50: 0.1590    ndcg@5: 0.0259    ndcg@10: 0.0334    ndcg@20: 0.0416    ndcg@50: 0.0543    precision@5: 0.0084    precision@10: 0.0066    precision@20: 0.0050    precision@50: 0.0034    map@5: 0.0210    map@10: 0.0241    map@20: 0.0263    map@50: 0.0283    
Thu 07 May 2026 03:47:34 INFO test result: 
recall@5: 0.0398    recall@10: 0.0633    recall@20: 0.0977    recall@50: 0.1624    ndcg@5: 0.0263    ndcg@10: 0.0340    ndcg@20: 0.0429    ndcg@50: 0.0560    precision@5: 0.0088    precision@10: 0.0070    precision@20: 0.0054    precision@50: 0.0036    map@5: 0.0212    map@10: 0.0243    map@20: 0.0267    map@50: 0.0287    
Thu 07 May 2026 03:47:34 INFO ██ PA2PD--Best validation results updated!!!
Thu 07 May 2026 03:47:49 INFO epoch 21 training [time: 14.81s, train loss: 20.7095]
Thu 07 May 2026 03:47:54 INFO epoch 21 evaluating [time: 2.55s, valid_score: 0.062900]
Thu 07 May 2026 03:47:54 INFO valid result: 
recall@5: 0.0398    recall@10: 0.0629    recall@20: 0.0950    recall@50: 0.1600    ndcg@5: 0.0260    ndcg@10: 0.0335    ndcg@20: 0.0416    ndcg@50: 0.0546    precision@5: 0.0084    precision@10: 0.0066    precision@20: 0.0050    precision@50: 0.0034    map@5: 0.0211    map@10: 0.0242    map@20: 0.0264    map@50: 0.0284    
Thu 07 May 2026 03:47:54 INFO test result: 
recall@5: 0.0395    recall@10: 0.0638    recall@20: 0.0984    recall@50: 0.1638    ndcg@5: 0.0262    ndcg@10: 0.0341    ndcg@20: 0.0430    ndcg@50: 0.0562    precision@5: 0.0088    precision@10: 0.0070    precision@20: 0.0054    precision@50: 0.0037    map@5: 0.0210    map@10: 0.0242    map@20: 0.0266    map@50: 0.0287    
Thu 07 May 2026 03:47:54 INFO ██ PA2PD--Best validation results updated!!!
Thu 07 May 2026 03:48:09 INFO epoch 22 training [time: 14.83s, train loss: 20.0587]
Thu 07 May 2026 03:48:14 INFO epoch 22 evaluating [time: 2.62s, valid_score: 0.063400]
Thu 07 May 2026 03:48:14 INFO valid result: 
recall@5: 0.0399    recall@10: 0.0634    recall@20: 0.0966    recall@50: 0.1608    ndcg@5: 0.0263    ndcg@10: 0.0339    ndcg@20: 0.0424    ndcg@50: 0.0552    precision@5: 0.0084    precision@10: 0.0067    precision@20: 0.0051    precision@50: 0.0034    map@5: 0.0215    map@10: 0.0246    map@20: 0.0269    map@50: 0.0289    
Thu 07 May 2026 03:48:14 INFO test result: 
recall@5: 0.0400    recall@10: 0.0639    recall@20: 0.0985    recall@50: 0.1647    ndcg@5: 0.0264    ndcg@10: 0.0342    ndcg@20: 0.0432    ndcg@50: 0.0566    precision@5: 0.0089    precision@10: 0.0071    precision@20: 0.0055    precision@50: 0.0037    map@5: 0.0212    map@10: 0.0243    map@20: 0.0268    map@50: 0.0289    
Thu 07 May 2026 03:48:14 INFO ██ PA2PD--Best validation results updated!!!
Thu 07 May 2026 03:48:29 INFO epoch 23 training [time: 14.83s, train loss: 19.5697]
Thu 07 May 2026 03:48:34 INFO epoch 23 evaluating [time: 2.60s, valid_score: 0.063500]
Thu 07 May 2026 03:48:34 INFO valid result: 
recall@5: 0.0411    recall@10: 0.0635    recall@20: 0.0977    recall@50: 0.1625    ndcg@5: 0.0267    ndcg@10: 0.0340    ndcg@20: 0.0427    ndcg@50: 0.0556    precision@5: 0.0087    precision@10: 0.0067    precision@20: 0.0052    precision@50: 0.0034    map@5: 0.0217    map@10: 0.0246    map@20: 0.0270    map@50: 0.0290    
Thu 07 May 2026 03:48:34 INFO test result: 
recall@5: 0.0406    recall@10: 0.0648    recall@20: 0.0999    recall@50: 0.1658    ndcg@5: 0.0267    ndcg@10: 0.0346    ndcg@20: 0.0437    ndcg@50: 0.0570    precision@5: 0.0090    precision@10: 0.0072    precision@20: 0.0055    precision@50: 0.0037    map@5: 0.0214    map@10: 0.0246    map@20: 0.0270    map@50: 0.0291    
Thu 07 May 2026 03:48:34 INFO ██ PA2PD--Best validation results updated!!!
Thu 07 May 2026 03:48:49 INFO epoch 24 training [time: 14.84s, train loss: 18.9548]
Thu 07 May 2026 03:48:55 INFO epoch 24 evaluating [time: 2.75s, valid_score: 0.064500]
Thu 07 May 2026 03:48:55 INFO valid result: 
recall@5: 0.0408    recall@10: 0.0645    recall@20: 0.0981    recall@50: 0.1634    ndcg@5: 0.0267    ndcg@10: 0.0344    ndcg@20: 0.0430    ndcg@50: 0.0560    precision@5: 0.0086    precision@10: 0.0068    precision@20: 0.0052    precision@50: 0.0035    map@5: 0.0218    map@10: 0.0249    map@20: 0.0272    map@50: 0.0293    
Thu 07 May 2026 03:48:55 INFO test result: 
recall@5: 0.0406    recall@10: 0.0649    recall@20: 0.1005    recall@50: 0.1662    ndcg@5: 0.0268    ndcg@10: 0.0347    ndcg@20: 0.0439    ndcg@50: 0.0572    precision@5: 0.0090    precision@10: 0.0072    precision@20: 0.0056    precision@50: 0.0037    map@5: 0.0215    map@10: 0.0247    map@20: 0.0272    map@50: 0.0292    
Thu 07 May 2026 03:48:55 INFO ██ PA2PD--Best validation results updated!!!
Thu 07 May 2026 03:49:09 INFO epoch 25 training [time: 14.81s, train loss: 18.3790]
Thu 07 May 2026 03:49:15 INFO epoch 25 evaluating [time: 2.64s, valid_score: 0.064500]
Thu 07 May 2026 03:49:15 INFO valid result: 
recall@5: 0.0411    recall@10: 0.0645    recall@20: 0.0991    recall@50: 0.1630    ndcg@5: 0.0270    ndcg@10: 0.0346    ndcg@20: 0.0433    ndcg@50: 0.0561    precision@5: 0.0086    precision@10: 0.0068    precision@20: 0.0052    precision@50: 0.0034    map@5: 0.0220    map@10: 0.0251    map@20: 0.0274    map@50: 0.0295    
Thu 07 May 2026 03:49:15 INFO test result: 
recall@5: 0.0410    recall@10: 0.0661    recall@20: 0.1016    recall@50: 0.1673    ndcg@5: 0.0270    ndcg@10: 0.0352    ndcg@20: 0.0443    ndcg@50: 0.0576    precision@5: 0.0091    precision@10: 0.0073    precision@20: 0.0056    precision@50: 0.0037    map@5: 0.0217    map@10: 0.0249    map@20: 0.0274    map@50: 0.0295    
Thu 07 May 2026 03:49:29 INFO epoch 26 training [time: 14.83s, train loss: 17.8938]
Thu 07 May 2026 03:49:35 INFO epoch 26 evaluating [time: 2.68s, valid_score: 0.065200]
Thu 07 May 2026 03:49:35 INFO valid result: 
recall@5: 0.0411    recall@10: 0.0652    recall@20: 0.0995    recall@50: 0.1642    ndcg@5: 0.0269    ndcg@10: 0.0348    ndcg@20: 0.0435    ndcg@50: 0.0564    precision@5: 0.0086    precision@10: 0.0069    precision@20: 0.0052    precision@50: 0.0035    map@5: 0.0220    map@10: 0.0251    map@20: 0.0275    map@50: 0.0295    
Thu 07 May 2026 03:49:35 INFO test result: 
recall@5: 0.0414    recall@10: 0.0659    recall@20: 0.1023    recall@50: 0.1679    ndcg@5: 0.0274    ndcg@10: 0.0353    ndcg@20: 0.0447    ndcg@50: 0.0580    precision@5: 0.0092    precision@10: 0.0073    precision@20: 0.0057    precision@50: 0.0037    map@5: 0.0220    map@10: 0.0252    map@20: 0.0277    map@50: 0.0298    
Thu 07 May 2026 03:49:35 INFO ██ PA2PD--Best validation results updated!!!
Thu 07 May 2026 03:49:50 INFO epoch 27 training [time: 14.83s, train loss: 17.4491]
Thu 07 May 2026 03:49:55 INFO epoch 27 evaluating [time: 2.66s, valid_score: 0.065900]
Thu 07 May 2026 03:49:55 INFO valid result: 
recall@5: 0.0417    recall@10: 0.0659    recall@20: 0.1001    recall@50: 0.1646    ndcg@5: 0.0274    ndcg@10: 0.0353    ndcg@20: 0.0439    ndcg@50: 0.0568    precision@5: 0.0088    precision@10: 0.0070    precision@20: 0.0053    precision@50: 0.0035    map@5: 0.0224    map@10: 0.0256    map@20: 0.0279    map@50: 0.0299    
Thu 07 May 2026 03:49:55 INFO test result: 
recall@5: 0.0415    recall@10: 0.0666    recall@20: 0.1028    recall@50: 0.1688    ndcg@5: 0.0274    ndcg@10: 0.0356    ndcg@20: 0.0449    ndcg@50: 0.0583    precision@5: 0.0092    precision@10: 0.0073    precision@20: 0.0057    precision@50: 0.0038    map@5: 0.0220    map@10: 0.0253    map@20: 0.0278    map@50: 0.0299    
Thu 07 May 2026 03:49:55 INFO ██ PA2PD--Best validation results updated!!!
Thu 07 May 2026 03:50:10 INFO epoch 28 training [time: 14.82s, train loss: 16.8951]
Thu 07 May 2026 03:50:15 INFO epoch 28 evaluating [time: 2.63s, valid_score: 0.066600]
Thu 07 May 2026 03:50:15 INFO valid result: 
recall@5: 0.0419    recall@10: 0.0666    recall@20: 0.1000    recall@50: 0.1651    ndcg@5: 0.0275    ndcg@10: 0.0355    ndcg@20: 0.0440    ndcg@50: 0.0570    precision@5: 0.0088    precision@10: 0.0070    precision@20: 0.0053    precision@50: 0.0035    map@5: 0.0225    map@10: 0.0257    map@20: 0.0280    map@50: 0.0300    
Thu 07 May 2026 03:50:15 INFO test result: 
recall@5: 0.0415    recall@10: 0.0665    recall@20: 0.1027    recall@50: 0.1692    ndcg@5: 0.0274    ndcg@10: 0.0355    ndcg@20: 0.0449    ndcg@50: 0.0584    precision@5: 0.0092    precision@10: 0.0073    precision@20: 0.0057    precision@50: 0.0038    map@5: 0.0220    map@10: 0.0253    map@20: 0.0278    map@50: 0.0299    
Thu 07 May 2026 03:50:15 INFO ██ PA2PD--Best validation results updated!!!
Thu 07 May 2026 03:50:30 INFO epoch 29 training [time: 14.87s, train loss: 16.3634]
Thu 07 May 2026 03:50:35 INFO epoch 29 evaluating [time: 2.56s, valid_score: 0.066700]
Thu 07 May 2026 03:50:35 INFO valid result: 
recall@5: 0.0421    recall@10: 0.0667    recall@20: 0.1006    recall@50: 0.1660    ndcg@5: 0.0276    ndcg@10: 0.0356    ndcg@20: 0.0442    ndcg@50: 0.0573    precision@5: 0.0088    precision@10: 0.0070    precision@20: 0.0053    precision@50: 0.0035    map@5: 0.0225    map@10: 0.0258    map@20: 0.0281    map@50: 0.0302    
Thu 07 May 2026 03:50:35 INFO test result: 
recall@5: 0.0420    recall@10: 0.0674    recall@20: 0.1038    recall@50: 0.1710    ndcg@5: 0.0276    ndcg@10: 0.0359    ndcg@20: 0.0453    ndcg@50: 0.0589    precision@5: 0.0092    precision@10: 0.0074    precision@20: 0.0057    precision@50: 0.0038    map@5: 0.0222    map@10: 0.0255    map@20: 0.0280    map@50: 0.0301    
Thu 07 May 2026 03:50:35 INFO ██ PA2PD--Best validation results updated!!!
Thu 07 May 2026 03:50:50 INFO epoch 30 training [time: 14.84s, train loss: 15.9686]
Thu 07 May 2026 03:50:55 INFO epoch 30 evaluating [time: 2.65s, valid_score: 0.066900]
Thu 07 May 2026 03:50:55 INFO valid result: 
recall@5: 0.0427    recall@10: 0.0669    recall@20: 0.1008    recall@50: 0.1662    ndcg@5: 0.0281    ndcg@10: 0.0360    ndcg@20: 0.0446    ndcg@50: 0.0577    precision@5: 0.0090    precision@10: 0.0071    precision@20: 0.0053    precision@50: 0.0035    map@5: 0.0230    map@10: 0.0262    map@20: 0.0285    map@50: 0.0306    
Thu 07 May 2026 03:50:55 INFO test result: 
recall@5: 0.0421    recall@10: 0.0676    recall@20: 0.1042    recall@50: 0.1715    ndcg@5: 0.0277    ndcg@10: 0.0360    ndcg@20: 0.0454    ndcg@50: 0.0591    precision@5: 0.0093    precision@10: 0.0075    precision@20: 0.0058    precision@50: 0.0038    map@5: 0.0222    map@10: 0.0255    map@20: 0.0281    map@50: 0.0302    
Thu 07 May 2026 03:50:55 INFO ██ PA2PD--Best validation results updated!!!
Thu 07 May 2026 03:51:10 INFO epoch 31 training [time: 14.82s, train loss: 15.5295]
Thu 07 May 2026 03:51:15 INFO epoch 31 evaluating [time: 2.69s, valid_score: 0.067600]
Thu 07 May 2026 03:51:15 INFO valid result: 
recall@5: 0.0427    recall@10: 0.0676    recall@20: 0.1014    recall@50: 0.1668    ndcg@5: 0.0280    ndcg@10: 0.0360    ndcg@20: 0.0446    ndcg@50: 0.0577    precision@5: 0.0090    precision@10: 0.0071    precision@20: 0.0054    precision@50: 0.0035    map@5: 0.0228    map@10: 0.0261    map@20: 0.0284    map@50: 0.0304    
Thu 07 May 2026 03:51:15 INFO test result: 
recall@5: 0.0419    recall@10: 0.0675    recall@20: 0.1051    recall@50: 0.1724    ndcg@5: 0.0276    ndcg@10: 0.0360    ndcg@20: 0.0457    ndcg@50: 0.0593    precision@5: 0.0092    precision@10: 0.0074    precision@20: 0.0058    precision@50: 0.0038    map@5: 0.0222    map@10: 0.0256    map@20: 0.0281    map@50: 0.0303    
Thu 07 May 2026 03:51:15 INFO ██ PA2PD--Best validation results updated!!!
Thu 07 May 2026 03:51:30 INFO epoch 32 training [time: 14.82s, train loss: 15.0048]
Thu 07 May 2026 03:51:35 INFO epoch 32 evaluating [time: 2.65s, valid_score: 0.067400]
Thu 07 May 2026 03:51:35 INFO valid result: 
recall@5: 0.0428    recall@10: 0.0674    recall@20: 0.1026    recall@50: 0.1678    ndcg@5: 0.0281    ndcg@10: 0.0361    ndcg@20: 0.0450    ndcg@50: 0.0580    precision@5: 0.0090    precision@10: 0.0071    precision@20: 0.0054    precision@50: 0.0035    map@5: 0.0229    map@10: 0.0261    map@20: 0.0285    map@50: 0.0306    
Thu 07 May 2026 03:51:35 INFO test result: 
recall@5: 0.0424    recall@10: 0.0677    recall@20: 0.1049    recall@50: 0.1722    ndcg@5: 0.0279    ndcg@10: 0.0361    ndcg@20: 0.0457    ndcg@50: 0.0594    precision@5: 0.0094    precision@10: 0.0075    precision@20: 0.0058    precision@50: 0.0038    map@5: 0.0224    map@10: 0.0257    map@20: 0.0282    map@50: 0.0304    
Thu 07 May 2026 03:51:50 INFO epoch 33 training [time: 14.82s, train loss: 14.6470]
Thu 07 May 2026 03:51:56 INFO epoch 33 evaluating [time: 2.78s, valid_score: 0.067100]
Thu 07 May 2026 03:51:56 INFO valid result: 
recall@5: 0.0431    recall@10: 0.0671    recall@20: 0.1025    recall@50: 0.1681    ndcg@5: 0.0283    ndcg@10: 0.0361    ndcg@20: 0.0451    ndcg@50: 0.0582    precision@5: 0.0091    precision@10: 0.0071    precision@20: 0.0054    precision@50: 0.0036    map@5: 0.0231    map@10: 0.0262    map@20: 0.0287    map@50: 0.0307    
Thu 07 May 2026 03:51:56 INFO test result: 
recall@5: 0.0425    recall@10: 0.0681    recall@20: 0.1057    recall@50: 0.1728    ndcg@5: 0.0280    ndcg@10: 0.0364    ndcg@20: 0.0461    ndcg@50: 0.0597    precision@5: 0.0094    precision@10: 0.0075    precision@20: 0.0059    precision@50: 0.0039    map@5: 0.0226    map@10: 0.0259    map@20: 0.0285    map@50: 0.0306    
Thu 07 May 2026 03:52:10 INFO epoch 34 training [time: 14.82s, train loss: 14.3011]
Thu 07 May 2026 03:52:16 INFO epoch 34 evaluating [time: 2.64s, valid_score: 0.067700]
Thu 07 May 2026 03:52:16 INFO valid result: 
recall@5: 0.0433    recall@10: 0.0677    recall@20: 0.1022    recall@50: 0.1684    ndcg@5: 0.0284    ndcg@10: 0.0364    ndcg@20: 0.0452    ndcg@50: 0.0584    precision@5: 0.0091    precision@10: 0.0071    precision@20: 0.0054    precision@50: 0.0036    map@5: 0.0232    map@10: 0.0264    map@20: 0.0288    map@50: 0.0309    
Thu 07 May 2026 03:52:16 INFO test result: 
recall@5: 0.0431    recall@10: 0.0687    recall@20: 0.1058    recall@50: 0.1726    ndcg@5: 0.0283    ndcg@10: 0.0367    ndcg@20: 0.0463    ndcg@50: 0.0598    precision@5: 0.0095    precision@10: 0.0076    precision@20: 0.0059    precision@50: 0.0038    map@5: 0.0227    map@10: 0.0261    map@20: 0.0287    map@50: 0.0308    
Thu 07 May 2026 03:52:16 INFO ██ PA2PD--Best validation results updated!!!
Thu 07 May 2026 03:52:31 INFO epoch 35 training [time: 14.82s, train loss: 14.0264]
Thu 07 May 2026 03:52:36 INFO epoch 35 evaluating [time: 2.67s, valid_score: 0.068500]
Thu 07 May 2026 03:52:36 INFO valid result: 
recall@5: 0.0436    recall@10: 0.0685    recall@20: 0.1028    recall@50: 0.1692    ndcg@5: 0.0285    ndcg@10: 0.0366    ndcg@20: 0.0453    ndcg@50: 0.0586    precision@5: 0.0092    precision@10: 0.0072    precision@20: 0.0054    precision@50: 0.0036    map@5: 0.0232    map@10: 0.0265    map@20: 0.0288    map@50: 0.0309    
Thu 07 May 2026 03:52:36 INFO test result: 
recall@5: 0.0428    recall@10: 0.0687    recall@20: 0.1063    recall@50: 0.1739    ndcg@5: 0.0284    ndcg@10: 0.0369    ndcg@20: 0.0466    ndcg@50: 0.0603    precision@5: 0.0094    precision@10: 0.0076    precision@20: 0.0059    precision@50: 0.0039    map@5: 0.0229    map@10: 0.0264    map@20: 0.0290    map@50: 0.0311    
Thu 07 May 2026 03:52:36 INFO ██ PA2PD--Best validation results updated!!!
Thu 07 May 2026 03:52:51 INFO epoch 36 training [time: 14.82s, train loss: 13.6903]
Thu 07 May 2026 03:52:56 INFO epoch 36 evaluating [time: 2.66s, valid_score: 0.068600]
Thu 07 May 2026 03:52:56 INFO valid result: 
recall@5: 0.0434    recall@10: 0.0686    recall@20: 0.1026    recall@50: 0.1688    ndcg@5: 0.0285    ndcg@10: 0.0366    ndcg@20: 0.0453    ndcg@50: 0.0585    precision@5: 0.0091    precision@10: 0.0072    precision@20: 0.0054    precision@50: 0.0036    map@5: 0.0232    map@10: 0.0265    map@20: 0.0289    map@50: 0.0310    
Thu 07 May 2026 03:52:56 INFO test result: 
recall@5: 0.0430    recall@10: 0.0693    recall@20: 0.1070    recall@50: 0.1740    ndcg@5: 0.0285    ndcg@10: 0.0370    ndcg@20: 0.0467    ndcg@50: 0.0603    precision@5: 0.0095    precision@10: 0.0076    precision@20: 0.0059    precision@50: 0.0039    map@5: 0.0230    map@10: 0.0264    map@20: 0.0290    map@50: 0.0311    
Thu 07 May 2026 03:52:56 INFO ██ PA2PD--Best validation results updated!!!
Thu 07 May 2026 03:53:11 INFO epoch 37 training [time: 14.82s, train loss: 13.4481]
Thu 07 May 2026 03:53:16 INFO epoch 37 evaluating [time: 2.71s, valid_score: 0.069200]
Thu 07 May 2026 03:53:16 INFO valid result: 
recall@5: 0.0438    recall@10: 0.0692    recall@20: 0.1043    recall@50: 0.1696    ndcg@5: 0.0287    ndcg@10: 0.0370    ndcg@20: 0.0458    ndcg@50: 0.0589    precision@5: 0.0092    precision@10: 0.0073    precision@20: 0.0055    precision@50: 0.0036    map@5: 0.0234    map@10: 0.0267    map@20: 0.0291    map@50: 0.0312    
Thu 07 May 2026 03:53:16 INFO test result: 
recall@5: 0.0436    recall@10: 0.0695    recall@20: 0.1070    recall@50: 0.1749    ndcg@5: 0.0287    ndcg@10: 0.0372    ndcg@20: 0.0468    ndcg@50: 0.0606    precision@5: 0.0095    precision@10: 0.0076    precision@20: 0.0059    precision@50: 0.0039    map@5: 0.0231    map@10: 0.0265    map@20: 0.0291    map@50: 0.0313    
Thu 07 May 2026 03:53:16 INFO ██ PA2PD--Best validation results updated!!!
Thu 07 May 2026 03:53:31 INFO epoch 38 training [time: 14.84s, train loss: 13.1601]
Thu 07 May 2026 03:53:36 INFO epoch 38 evaluating [time: 2.78s, valid_score: 0.069000]
Thu 07 May 2026 03:53:36 INFO valid result: 
recall@5: 0.0436    recall@10: 0.0690    recall@20: 0.1043    recall@50: 0.1700    ndcg@5: 0.0287    ndcg@10: 0.0369    ndcg@20: 0.0459    ndcg@50: 0.0590    precision@5: 0.0092    precision@10: 0.0073    precision@20: 0.0055    precision@50: 0.0036    map@5: 0.0235    map@10: 0.0268    map@20: 0.0292    map@50: 0.0313    
Thu 07 May 2026 03:53:36 INFO test result: 
recall@5: 0.0436    recall@10: 0.0693    recall@20: 0.1066    recall@50: 0.1751    ndcg@5: 0.0287    ndcg@10: 0.0371    ndcg@20: 0.0467    ndcg@50: 0.0606    precision@5: 0.0096    precision@10: 0.0076    precision@20: 0.0059    precision@50: 0.0039    map@5: 0.0231    map@10: 0.0264    map@20: 0.0290    map@50: 0.0312    
Thu 07 May 2026 03:53:51 INFO epoch 39 training [time: 14.84s, train loss: 12.9201]
Thu 07 May 2026 03:53:57 INFO epoch 39 evaluating [time: 2.62s, valid_score: 0.069400]
Thu 07 May 2026 03:53:57 INFO valid result: 
recall@5: 0.0438    recall@10: 0.0694    recall@20: 0.1045    recall@50: 0.1704    ndcg@5: 0.0288    ndcg@10: 0.0371    ndcg@20: 0.0460    ndcg@50: 0.0591    precision@5: 0.0092    precision@10: 0.0073    precision@20: 0.0055    precision@50: 0.0036    map@5: 0.0235    map@10: 0.0268    map@20: 0.0293    map@50: 0.0313    
Thu 07 May 2026 03:53:57 INFO test result: 
recall@5: 0.0439    recall@10: 0.0693    recall@20: 0.1077    recall@50: 0.1754    ndcg@5: 0.0288    ndcg@10: 0.0371    ndcg@20: 0.0470    ndcg@50: 0.0607    precision@5: 0.0097    precision@10: 0.0076    precision@20: 0.0060    precision@50: 0.0039    map@5: 0.0231    map@10: 0.0265    map@20: 0.0291    map@50: 0.0313    
Thu 07 May 2026 03:53:57 INFO ██ PA2PD--Best validation results updated!!!
Thu 07 May 2026 03:54:11 INFO epoch 40 training [time: 14.82s, train loss: 12.6802]
Thu 07 May 2026 03:54:17 INFO epoch 40 evaluating [time: 2.61s, valid_score: 0.069000]
Thu 07 May 2026 03:54:17 INFO valid result: 
recall@5: 0.0441    recall@10: 0.0690    recall@20: 0.1042    recall@50: 0.1715    ndcg@5: 0.0290    ndcg@10: 0.0371    ndcg@20: 0.0461    ndcg@50: 0.0595    precision@5: 0.0093    precision@10: 0.0073    precision@20: 0.0055    precision@50: 0.0036    map@5: 0.0237    map@10: 0.0270    map@20: 0.0295    map@50: 0.0316    
Thu 07 May 2026 03:54:17 INFO test result: 
recall@5: 0.0440    recall@10: 0.0698    recall@20: 0.1072    recall@50: 0.1757    ndcg@5: 0.0290    ndcg@10: 0.0374    ndcg@20: 0.0471    ndcg@50: 0.0610    precision@5: 0.0097    precision@10: 0.0077    precision@20: 0.0059    precision@50: 0.0039    map@5: 0.0233    map@10: 0.0267    map@20: 0.0293    map@50: 0.0315    
Thu 07 May 2026 03:54:31 INFO epoch 41 training [time: 14.83s, train loss: 12.4824]
Thu 07 May 2026 03:54:37 INFO epoch 41 evaluating [time: 2.71s, valid_score: 0.069500]
Thu 07 May 2026 03:54:37 INFO valid result: 
recall@5: 0.0444    recall@10: 0.0695    recall@20: 0.1054    recall@50: 0.1714    ndcg@5: 0.0293    ndcg@10: 0.0375    ndcg@20: 0.0466    ndcg@50: 0.0598    precision@5: 0.0093    precision@10: 0.0073    precision@20: 0.0056    precision@50: 0.0036    map@5: 0.0240    map@10: 0.0273    map@20: 0.0298    map@50: 0.0319    
Thu 07 May 2026 03:54:37 INFO test result: 
recall@5: 0.0445    recall@10: 0.0701    recall@20: 0.1083    recall@50: 0.1759    ndcg@5: 0.0293    ndcg@10: 0.0376    ndcg@20: 0.0475    ndcg@50: 0.0612    precision@5: 0.0098    precision@10: 0.0077    precision@20: 0.0060    precision@50: 0.0039    map@5: 0.0235    map@10: 0.0269    map@20: 0.0295    map@50: 0.0317    
Thu 07 May 2026 03:54:37 INFO ██ PA2PD--Best validation results updated!!!
Thu 07 May 2026 03:54:52 INFO epoch 42 training [time: 14.82s, train loss: 12.2705]
Thu 07 May 2026 03:54:57 INFO epoch 42 evaluating [time: 2.64s, valid_score: 0.070400]
Thu 07 May 2026 03:54:57 INFO valid result: 
recall@5: 0.0445    recall@10: 0.0704    recall@20: 0.1054    recall@50: 0.1721    ndcg@5: 0.0294    ndcg@10: 0.0378    ndcg@20: 0.0467    ndcg@50: 0.0600    precision@5: 0.0094    precision@10: 0.0074    precision@20: 0.0056    precision@50: 0.0036    map@5: 0.0241    map@10: 0.0275    map@20: 0.0299    map@50: 0.0320    
Thu 07 May 2026 03:54:57 INFO test result: 
recall@5: 0.0443    recall@10: 0.0708    recall@20: 0.1085    recall@50: 0.1767    ndcg@5: 0.0292    ndcg@10: 0.0379    ndcg@20: 0.0476    ndcg@50: 0.0614    precision@5: 0.0097    precision@10: 0.0078    precision@20: 0.0060    precision@50: 0.0039    map@5: 0.0236    map@10: 0.0270    map@20: 0.0296    map@50: 0.0318    
Thu 07 May 2026 03:54:57 INFO ██ PA2PD--Best validation results updated!!!
Thu 07 May 2026 03:55:12 INFO epoch 43 training [time: 14.83s, train loss: 12.1947]
Thu 07 May 2026 03:55:17 INFO epoch 43 evaluating [time: 2.66s, valid_score: 0.070300]
Thu 07 May 2026 03:55:17 INFO valid result: 
recall@5: 0.0447    recall@10: 0.0703    recall@20: 0.1057    recall@50: 0.1720    ndcg@5: 0.0293    ndcg@10: 0.0376    ndcg@20: 0.0466    ndcg@50: 0.0598    precision@5: 0.0094    precision@10: 0.0074    precision@20: 0.0056    precision@50: 0.0036    map@5: 0.0239    map@10: 0.0273    map@20: 0.0297    map@50: 0.0318    
Thu 07 May 2026 03:55:17 INFO test result: 
recall@5: 0.0442    recall@10: 0.0707    recall@20: 0.1092    recall@50: 0.1773    ndcg@5: 0.0292    ndcg@10: 0.0378    ndcg@20: 0.0477    ndcg@50: 0.0615    precision@5: 0.0097    precision@10: 0.0078    precision@20: 0.0060    precision@50: 0.0039    map@5: 0.0235    map@10: 0.0270    map@20: 0.0296    map@50: 0.0318    
Thu 07 May 2026 03:55:32 INFO epoch 44 training [time: 14.82s, train loss: 11.9552]
Thu 07 May 2026 03:55:37 INFO epoch 44 evaluating [time: 2.72s, valid_score: 0.070500]
Thu 07 May 2026 03:55:37 INFO valid result: 
recall@5: 0.0448    recall@10: 0.0705    recall@20: 0.1068    recall@50: 0.1719    ndcg@5: 0.0295    ndcg@10: 0.0379    ndcg@20: 0.0471    ndcg@50: 0.0601    precision@5: 0.0094    precision@10: 0.0074    precision@20: 0.0056    precision@50: 0.0036    map@5: 0.0242    map@10: 0.0275    map@20: 0.0300    map@50: 0.0321    
Thu 07 May 2026 03:55:37 INFO test result: 
recall@5: 0.0442    recall@10: 0.0708    recall@20: 0.1084    recall@50: 0.1777    ndcg@5: 0.0292    ndcg@10: 0.0378    ndcg@20: 0.0475    ndcg@50: 0.0616    precision@5: 0.0097    precision@10: 0.0078    precision@20: 0.0060    precision@50: 0.0040    map@5: 0.0235    map@10: 0.0270    map@20: 0.0296    map@50: 0.0318    
Thu 07 May 2026 03:55:37 INFO ██ PA2PD--Best validation results updated!!!
Thu 07 May 2026 03:55:52 INFO epoch 45 training [time: 14.84s, train loss: 11.8179]
Thu 07 May 2026 03:55:57 INFO epoch 45 evaluating [time: 2.64s, valid_score: 0.070700]
Thu 07 May 2026 03:55:57 INFO valid result: 
recall@5: 0.0444    recall@10: 0.0707    recall@20: 0.1064    recall@50: 0.1725    ndcg@5: 0.0292    ndcg@10: 0.0378    ndcg@20: 0.0469    ndcg@50: 0.0601    precision@5: 0.0093    precision@10: 0.0074    precision@20: 0.0056    precision@50: 0.0036    map@5: 0.0239    map@10: 0.0274    map@20: 0.0298    map@50: 0.0319    
Thu 07 May 2026 03:55:57 INFO test result: 
recall@5: 0.0442    recall@10: 0.0709    recall@20: 0.1087    recall@50: 0.1780    ndcg@5: 0.0291    ndcg@10: 0.0379    ndcg@20: 0.0476    ndcg@50: 0.0617    precision@5: 0.0097    precision@10: 0.0078    precision@20: 0.0060    precision@50: 0.0040    map@5: 0.0235    map@10: 0.0270    map@20: 0.0296    map@50: 0.0318    
Thu 07 May 2026 03:55:57 INFO ██ PA2PD--Best validation results updated!!!
Thu 07 May 2026 03:56:12 INFO epoch 46 training [time: 14.83s, train loss: 11.7140]
Thu 07 May 2026 03:56:18 INFO epoch 46 evaluating [time: 2.73s, valid_score: 0.070700]
Thu 07 May 2026 03:56:18 INFO valid result: 
recall@5: 0.0440    recall@10: 0.0707    recall@20: 0.1067    recall@50: 0.1720    ndcg@5: 0.0292    ndcg@10: 0.0378    ndcg@20: 0.0470    ndcg@50: 0.0600    precision@5: 0.0093    precision@10: 0.0074    precision@20: 0.0056    precision@50: 0.0036    map@5: 0.0240    map@10: 0.0275    map@20: 0.0299    map@50: 0.0320    
Thu 07 May 2026 03:56:18 INFO test result: 
recall@5: 0.0443    recall@10: 0.0715    recall@20: 0.1088    recall@50: 0.1781    ndcg@5: 0.0292    ndcg@10: 0.0381    ndcg@20: 0.0477    ndcg@50: 0.0618    precision@5: 0.0097    precision@10: 0.0079    precision@20: 0.0060    precision@50: 0.0040    map@5: 0.0235    map@10: 0.0271    map@20: 0.0297    map@50: 0.0319    
Thu 07 May 2026 03:56:33 INFO epoch 47 training [time: 14.82s, train loss: 11.5517]
Thu 07 May 2026 03:56:38 INFO epoch 47 evaluating [time: 2.62s, valid_score: 0.070900]
Thu 07 May 2026 03:56:38 INFO valid result: 
recall@5: 0.0449    recall@10: 0.0709    recall@20: 0.1063    recall@50: 0.1727    ndcg@5: 0.0296    ndcg@10: 0.0381    ndcg@20: 0.0471    ndcg@50: 0.0604    precision@5: 0.0094    precision@10: 0.0075    precision@20: 0.0056    precision@50: 0.0036    map@5: 0.0243    map@10: 0.0277    map@20: 0.0302    map@50: 0.0323    
Thu 07 May 2026 03:56:38 INFO test result: 
recall@5: 0.0453    recall@10: 0.0714    recall@20: 0.1092    recall@50: 0.1779    ndcg@5: 0.0298    ndcg@10: 0.0383    ndcg@20: 0.0481    ndcg@50: 0.0620    precision@5: 0.0099    precision@10: 0.0079    precision@20: 0.0061    precision@50: 0.0040    map@5: 0.0240    map@10: 0.0274    map@20: 0.0300    map@50: 0.0322    
Thu 07 May 2026 03:56:38 INFO ██ PA2PD--Best validation results updated!!!
Thu 07 May 2026 03:56:53 INFO epoch 48 training [time: 14.84s, train loss: 11.4679]
Thu 07 May 2026 03:56:58 INFO epoch 48 evaluating [time: 2.67s, valid_score: 0.071700]
Thu 07 May 2026 03:56:58 INFO valid result: 
recall@5: 0.0452    recall@10: 0.0717    recall@20: 0.1061    recall@50: 0.1723    ndcg@5: 0.0297    ndcg@10: 0.0382    ndcg@20: 0.0470    ndcg@50: 0.0602    precision@5: 0.0095    precision@10: 0.0076    precision@20: 0.0056    precision@50: 0.0036    map@5: 0.0242    map@10: 0.0277    map@20: 0.0300    map@50: 0.0321    
Thu 07 May 2026 03:56:58 INFO test result: 
recall@5: 0.0454    recall@10: 0.0711    recall@20: 0.1087    recall@50: 0.1781    ndcg@5: 0.0298    ndcg@10: 0.0382    ndcg@20: 0.0479    ndcg@50: 0.0621    precision@5: 0.0099    precision@10: 0.0078    precision@20: 0.0060    precision@50: 0.0040    map@5: 0.0240    map@10: 0.0273    map@20: 0.0299    map@50: 0.0322    
Thu 07 May 2026 03:56:58 INFO ██ PA2PD--Best validation results updated!!!
Thu 07 May 2026 03:57:13 INFO epoch 49 training [time: 14.83s, train loss: 11.3305]
Thu 07 May 2026 03:57:18 INFO epoch 49 evaluating [time: 2.78s, valid_score: 0.071300]
Thu 07 May 2026 03:57:18 INFO valid result: 
recall@5: 0.0456    recall@10: 0.0713    recall@20: 0.1059    recall@50: 0.1733    ndcg@5: 0.0299    ndcg@10: 0.0382    ndcg@20: 0.0471    ndcg@50: 0.0605    precision@5: 0.0096    precision@10: 0.0075    precision@20: 0.0056    precision@50: 0.0037    map@5: 0.0244    map@10: 0.0277    map@20: 0.0301    map@50: 0.0323    
Thu 07 May 2026 03:57:18 INFO test result: 
recall@5: 0.0458    recall@10: 0.0716    recall@20: 0.1103    recall@50: 0.1788    ndcg@5: 0.0301    ndcg@10: 0.0385    ndcg@20: 0.0485    ndcg@50: 0.0624    precision@5: 0.0101    precision@10: 0.0079    precision@20: 0.0061    precision@50: 0.0040    map@5: 0.0242    map@10: 0.0276    map@20: 0.0303    map@50: 0.0325    
Thu 07 May 2026 03:57:33 INFO epoch 50 training [time: 14.83s, train loss: 11.2303]
Thu 07 May 2026 03:57:38 INFO epoch 50 evaluating [time: 2.65s, valid_score: 0.071700]
Thu 07 May 2026 03:57:38 INFO valid result: 
recall@5: 0.0457    recall@10: 0.0717    recall@20: 0.1060    recall@50: 0.1739    ndcg@5: 0.0300    ndcg@10: 0.0384    ndcg@20: 0.0471    ndcg@50: 0.0607    precision@5: 0.0096    precision@10: 0.0076    precision@20: 0.0056    precision@50: 0.0037    map@5: 0.0244    map@10: 0.0278    map@20: 0.0302    map@50: 0.0323    
Thu 07 May 2026 03:57:38 INFO test result: 
recall@5: 0.0452    recall@10: 0.0714    recall@20: 0.1096    recall@50: 0.1795    ndcg@5: 0.0299    ndcg@10: 0.0384    ndcg@20: 0.0483    ndcg@50: 0.0624    precision@5: 0.0100    precision@10: 0.0079    precision@20: 0.0061    precision@50: 0.0040    map@5: 0.0241    map@10: 0.0275    map@20: 0.0301    map@50: 0.0324    
Thu 07 May 2026 03:57:53 INFO epoch 51 training [time: 14.84s, train loss: 11.1262]
Thu 07 May 2026 03:57:59 INFO epoch 51 evaluating [time: 2.56s, valid_score: 0.072100]
Thu 07 May 2026 03:57:59 INFO valid result: 
recall@5: 0.0453    recall@10: 0.0721    recall@20: 0.1065    recall@50: 0.1734    ndcg@5: 0.0298    ndcg@10: 0.0385    ndcg@20: 0.0473    ndcg@50: 0.0607    precision@5: 0.0095    precision@10: 0.0076    precision@20: 0.0056    precision@50: 0.0037    map@5: 0.0244    map@10: 0.0279    map@20: 0.0303    map@50: 0.0324    
Thu 07 May 2026 03:57:59 INFO test result: 
recall@5: 0.0453    recall@10: 0.0716    recall@20: 0.1101    recall@50: 0.1794    ndcg@5: 0.0298    ndcg@10: 0.0384    ndcg@20: 0.0483    ndcg@50: 0.0624    precision@5: 0.0100    precision@10: 0.0079    precision@20: 0.0061    precision@50: 0.0040    map@5: 0.0240    map@10: 0.0274    map@20: 0.0301    map@50: 0.0323    
Thu 07 May 2026 03:57:59 INFO ██ PA2PD--Best validation results updated!!!
Thu 07 May 2026 03:58:13 INFO epoch 52 training [time: 14.84s, train loss: 10.9784]
Thu 07 May 2026 03:58:19 INFO epoch 52 evaluating [time: 2.72s, valid_score: 0.071600]
Thu 07 May 2026 03:58:19 INFO valid result: 
recall@5: 0.0460    recall@10: 0.0716    recall@20: 0.1072    recall@50: 0.1740    ndcg@5: 0.0301    ndcg@10: 0.0384    ndcg@20: 0.0474    ndcg@50: 0.0608    precision@5: 0.0097    precision@10: 0.0076    precision@20: 0.0057    precision@50: 0.0037    map@5: 0.0245    map@10: 0.0278    map@20: 0.0303    map@50: 0.0324    
Thu 07 May 2026 03:58:19 INFO test result: 
recall@5: 0.0458    recall@10: 0.0716    recall@20: 0.1111    recall@50: 0.1797    ndcg@5: 0.0301    ndcg@10: 0.0386    ndcg@20: 0.0487    ndcg@50: 0.0627    precision@5: 0.0101    precision@10: 0.0079    precision@20: 0.0062    precision@50: 0.0040    map@5: 0.0242    map@10: 0.0276    map@20: 0.0303    map@50: 0.0325    
Thu 07 May 2026 03:58:34 INFO epoch 53 training [time: 14.83s, train loss: 10.9131]
Thu 07 May 2026 03:58:39 INFO epoch 53 evaluating [time: 2.72s, valid_score: 0.071900]
Thu 07 May 2026 03:58:39 INFO valid result: 
recall@5: 0.0460    recall@10: 0.0719    recall@20: 0.1076    recall@50: 0.1744    ndcg@5: 0.0302    ndcg@10: 0.0386    ndcg@20: 0.0477    ndcg@50: 0.0610    precision@5: 0.0097    precision@10: 0.0076    precision@20: 0.0057    precision@50: 0.0037    map@5: 0.0246    map@10: 0.0280    map@20: 0.0305    map@50: 0.0326    
Thu 07 May 2026 03:58:39 INFO test result: 
recall@5: 0.0456    recall@10: 0.0723    recall@20: 0.1103    recall@50: 0.1800    ndcg@5: 0.0301    ndcg@10: 0.0389    ndcg@20: 0.0487    ndcg@50: 0.0628    precision@5: 0.0100    precision@10: 0.0079    precision@20: 0.0061    precision@50: 0.0040    map@5: 0.0243    map@10: 0.0278    map@20: 0.0304    map@50: 0.0327    
Thu 07 May 2026 03:58:54 INFO epoch 54 training [time: 14.83s, train loss: 10.7576]
Thu 07 May 2026 03:58:59 INFO epoch 54 evaluating [time: 2.69s, valid_score: 0.072400]
Thu 07 May 2026 03:58:59 INFO valid result: 
recall@5: 0.0452    recall@10: 0.0724    recall@20: 0.1072    recall@50: 0.1743    ndcg@5: 0.0299    ndcg@10: 0.0387    ndcg@20: 0.0476    ndcg@50: 0.0610    precision@5: 0.0095    precision@10: 0.0076    precision@20: 0.0057    precision@50: 0.0037    map@5: 0.0245    map@10: 0.0281    map@20: 0.0305    map@50: 0.0326    
Thu 07 May 2026 03:58:59 INFO test result: 
recall@5: 0.0454    recall@10: 0.0725    recall@20: 0.1105    recall@50: 0.1799    ndcg@5: 0.0300    ndcg@10: 0.0389    ndcg@20: 0.0487    ndcg@50: 0.0628    precision@5: 0.0100    precision@10: 0.0080    precision@20: 0.0061    precision@50: 0.0040    map@5: 0.0242    map@10: 0.0278    map@20: 0.0304    map@50: 0.0326    
Thu 07 May 2026 03:58:59 INFO ██ PA2PD--Best validation results updated!!!
Thu 07 May 2026 03:59:14 INFO epoch 55 training [time: 14.84s, train loss: 10.6754]
Thu 07 May 2026 03:59:19 INFO epoch 55 evaluating [time: 2.71s, valid_score: 0.072400]
Thu 07 May 2026 03:59:19 INFO valid result: 
recall@5: 0.0451    recall@10: 0.0724    recall@20: 0.1068    recall@50: 0.1743    ndcg@5: 0.0297    ndcg@10: 0.0385    ndcg@20: 0.0473    ndcg@50: 0.0608    precision@5: 0.0095    precision@10: 0.0076    precision@20: 0.0056    precision@50: 0.0037    map@5: 0.0243    map@10: 0.0279    map@20: 0.0302    map@50: 0.0324    
Thu 07 May 2026 03:59:19 INFO test result: 
recall@5: 0.0452    recall@10: 0.0720    recall@20: 0.1109    recall@50: 0.1801    ndcg@5: 0.0299    ndcg@10: 0.0386    ndcg@20: 0.0487    ndcg@50: 0.0627    precision@5: 0.0099    precision@10: 0.0079    precision@20: 0.0061    precision@50: 0.0040    map@5: 0.0241    map@10: 0.0276    map@20: 0.0303    map@50: 0.0325    
Thu 07 May 2026 03:59:34 INFO epoch 56 training [time: 14.82s, train loss: 10.5740]
Thu 07 May 2026 03:59:40 INFO epoch 56 evaluating [time: 2.70s, valid_score: 0.071600]
Thu 07 May 2026 03:59:40 INFO valid result: 
recall@5: 0.0452    recall@10: 0.0716    recall@20: 0.1076    recall@50: 0.1741    ndcg@5: 0.0298    ndcg@10: 0.0383    ndcg@20: 0.0475    ndcg@50: 0.0608    precision@5: 0.0095    precision@10: 0.0075    precision@20: 0.0057    precision@50: 0.0037    map@5: 0.0243    map@10: 0.0278    map@20: 0.0303    map@50: 0.0324    
Thu 07 May 2026 03:59:40 INFO test result: 
recall@5: 0.0458    recall@10: 0.0718    recall@20: 0.1109    recall@50: 0.1804    ndcg@5: 0.0300    ndcg@10: 0.0385    ndcg@20: 0.0486    ndcg@50: 0.0627    precision@5: 0.0100    precision@10: 0.0079    precision@20: 0.0061    precision@50: 0.0040    map@5: 0.0242    map@10: 0.0276    map@20: 0.0303    map@50: 0.0325    
Thu 07 May 2026 03:59:54 INFO epoch 57 training [time: 14.85s, train loss: 10.5667]
Thu 07 May 2026 04:00:00 INFO epoch 57 evaluating [time: 2.73s, valid_score: 0.072200]
Thu 07 May 2026 04:00:00 INFO valid result: 
recall@5: 0.0460    recall@10: 0.0722    recall@20: 0.1067    recall@50: 0.1748    ndcg@5: 0.0301    ndcg@10: 0.0386    ndcg@20: 0.0474    ndcg@50: 0.0610    precision@5: 0.0097    precision@10: 0.0076    precision@20: 0.0056    precision@50: 0.0037    map@5: 0.0245    map@10: 0.0280    map@20: 0.0303    map@50: 0.0325    
Thu 07 May 2026 04:00:00 INFO test result: 
recall@5: 0.0459    recall@10: 0.0726    recall@20: 0.1116    recall@50: 0.1805    ndcg@5: 0.0303    ndcg@10: 0.0390    ndcg@20: 0.0491    ndcg@50: 0.0631    precision@5: 0.0101    precision@10: 0.0080    precision@20: 0.0062    precision@50: 0.0040    map@5: 0.0245    map@10: 0.0280    map@20: 0.0307    map@50: 0.0329    
Thu 07 May 2026 04:00:15 INFO epoch 58 training [time: 14.83s, train loss: 10.4422]
Thu 07 May 2026 04:00:20 INFO epoch 58 evaluating [time: 2.69s, valid_score: 0.072700]
Thu 07 May 2026 04:00:20 INFO valid result: 
recall@5: 0.0459    recall@10: 0.0727    recall@20: 0.1072    recall@50: 0.1757    ndcg@5: 0.0303    ndcg@10: 0.0390    ndcg@20: 0.0478    ndcg@50: 0.0615    precision@5: 0.0097    precision@10: 0.0077    precision@20: 0.0057    precision@50: 0.0037    map@5: 0.0248    map@10: 0.0284    map@20: 0.0307    map@50: 0.0329    
Thu 07 May 2026 04:00:20 INFO test result: 
recall@5: 0.0456    recall@10: 0.0724    recall@20: 0.1115    recall@50: 0.1800    ndcg@5: 0.0302    ndcg@10: 0.0391    ndcg@20: 0.0491    ndcg@50: 0.0631    precision@5: 0.0100    precision@10: 0.0080    precision@20: 0.0062    precision@50: 0.0040    map@5: 0.0245    map@10: 0.0280    map@20: 0.0307    map@50: 0.0329    
Thu 07 May 2026 04:00:20 INFO ██ PA2PD--Best validation results updated!!!
Thu 07 May 2026 04:00:35 INFO epoch 59 training [time: 14.84s, train loss: 10.3426]
Thu 07 May 2026 04:00:40 INFO epoch 59 evaluating [time: 2.74s, valid_score: 0.072600]
Thu 07 May 2026 04:00:40 INFO valid result: 
recall@5: 0.0457    recall@10: 0.0726    recall@20: 0.1075    recall@50: 0.1763    ndcg@5: 0.0303    ndcg@10: 0.0390    ndcg@20: 0.0479    ndcg@50: 0.0616    precision@5: 0.0096    precision@10: 0.0077    precision@20: 0.0057    precision@50: 0.0037    map@5: 0.0249    map@10: 0.0284    map@20: 0.0308    map@50: 0.0330    
Thu 07 May 2026 04:00:40 INFO test result: 
recall@5: 0.0462    recall@10: 0.0731    recall@20: 0.1115    recall@50: 0.1799    ndcg@5: 0.0306    ndcg@10: 0.0394    ndcg@20: 0.0493    ndcg@50: 0.0632    precision@5: 0.0101    precision@10: 0.0080    precision@20: 0.0062    precision@50: 0.0040    map@5: 0.0247    map@10: 0.0282    map@20: 0.0309    map@50: 0.0331    
Thu 07 May 2026 04:00:55 INFO epoch 60 training [time: 14.86s, train loss: 10.2358]
Thu 07 May 2026 04:01:01 INFO epoch 60 evaluating [time: 2.85s, valid_score: 0.072200]
Thu 07 May 2026 04:01:01 INFO valid result: 
recall@5: 0.0462    recall@10: 0.0722    recall@20: 0.1082    recall@50: 0.1760    ndcg@5: 0.0303    ndcg@10: 0.0388    ndcg@20: 0.0479    ndcg@50: 0.0615    precision@5: 0.0097    precision@10: 0.0076    precision@20: 0.0057    precision@50: 0.0037    map@5: 0.0248    map@10: 0.0282    map@20: 0.0306    map@50: 0.0328    
Thu 07 May 2026 04:01:01 INFO test result: 
recall@5: 0.0461    recall@10: 0.0726    recall@20: 0.1117    recall@50: 0.1798    ndcg@5: 0.0303    ndcg@10: 0.0390    ndcg@20: 0.0491    ndcg@50: 0.0630    precision@5: 0.0101    precision@10: 0.0080    precision@20: 0.0062    precision@50: 0.0040    map@5: 0.0245    map@10: 0.0279    map@20: 0.0306    map@50: 0.0329    
Thu 07 May 2026 04:01:15 INFO epoch 61 training [time: 14.84s, train loss: 10.2362]
Thu 07 May 2026 04:01:21 INFO epoch 61 evaluating [time: 2.72s, valid_score: 0.072300]
Thu 07 May 2026 04:01:21 INFO valid result: 
recall@5: 0.0464    recall@10: 0.0723    recall@20: 0.1077    recall@50: 0.1763    ndcg@5: 0.0303    ndcg@10: 0.0387    ndcg@20: 0.0478    ndcg@50: 0.0615    precision@5: 0.0097    precision@10: 0.0076    precision@20: 0.0057    precision@50: 0.0037    map@5: 0.0247    map@10: 0.0281    map@20: 0.0306    map@50: 0.0327    
Thu 07 May 2026 04:01:21 INFO test result: 
recall@5: 0.0458    recall@10: 0.0727    recall@20: 0.1123    recall@50: 0.1804    ndcg@5: 0.0302    ndcg@10: 0.0391    ndcg@20: 0.0493    ndcg@50: 0.0631    precision@5: 0.0100    precision@10: 0.0080    precision@20: 0.0062    precision@50: 0.0040    map@5: 0.0244    map@10: 0.0280    map@20: 0.0307    map@50: 0.0329    
Thu 07 May 2026 04:01:36 INFO epoch 62 training [time: 14.84s, train loss: 10.1164]
Thu 07 May 2026 04:01:41 INFO epoch 62 evaluating [time: 2.61s, valid_score: 0.072600]
Thu 07 May 2026 04:01:41 INFO valid result: 
recall@5: 0.0467    recall@10: 0.0726    recall@20: 0.1080    recall@50: 0.1766    ndcg@5: 0.0306    ndcg@10: 0.0390    ndcg@20: 0.0481    ndcg@50: 0.0618    precision@5: 0.0098    precision@10: 0.0076    precision@20: 0.0057    precision@50: 0.0037    map@5: 0.0250    map@10: 0.0284    map@20: 0.0308    map@50: 0.0330    
Thu 07 May 2026 04:01:41 INFO test result: 
recall@5: 0.0464    recall@10: 0.0729    recall@20: 0.1128    recall@50: 0.1812    ndcg@5: 0.0304    ndcg@10: 0.0391    ndcg@20: 0.0493    ndcg@50: 0.0632    precision@5: 0.0102    precision@10: 0.0080    precision@20: 0.0062    precision@50: 0.0040    map@5: 0.0245    map@10: 0.0279    map@20: 0.0307    map@50: 0.0329    
Thu 07 May 2026 04:01:56 INFO epoch 63 training [time: 14.83s, train loss: 10.0016]
Thu 07 May 2026 04:02:01 INFO epoch 63 evaluating [time: 2.70s, valid_score: 0.072200]
Thu 07 May 2026 04:02:01 INFO valid result: 
recall@5: 0.0466    recall@10: 0.0722    recall@20: 0.1082    recall@50: 0.1760    ndcg@5: 0.0306    ndcg@10: 0.0389    ndcg@20: 0.0481    ndcg@50: 0.0616    precision@5: 0.0098    precision@10: 0.0076    precision@20: 0.0057    precision@50: 0.0037    map@5: 0.0250    map@10: 0.0283    map@20: 0.0308    map@50: 0.0330    
Thu 07 May 2026 04:02:01 INFO test result: 
recall@5: 0.0464    recall@10: 0.0722    recall@20: 0.1113    recall@50: 0.1811    ndcg@5: 0.0305    ndcg@10: 0.0390    ndcg@20: 0.0490    ndcg@50: 0.0633    precision@5: 0.0102    precision@10: 0.0079    precision@20: 0.0061    precision@50: 0.0040    map@5: 0.0246    map@10: 0.0280    map@20: 0.0307    map@50: 0.0329    
Thu 07 May 2026 04:02:16 INFO epoch 64 training [time: 14.84s, train loss: 9.9230]
Thu 07 May 2026 04:02:22 INFO epoch 64 evaluating [time: 2.70s, valid_score: 0.073100]
Thu 07 May 2026 04:02:22 INFO valid result: 
recall@5: 0.0463    recall@10: 0.0731    recall@20: 0.1084    recall@50: 0.1763    ndcg@5: 0.0303    ndcg@10: 0.0390    ndcg@20: 0.0480    ndcg@50: 0.0616    precision@5: 0.0097    precision@10: 0.0077    precision@20: 0.0057    precision@50: 0.0037    map@5: 0.0248    map@10: 0.0283    map@20: 0.0307    map@50: 0.0328    
Thu 07 May 2026 04:02:22 INFO test result: 
recall@5: 0.0469    recall@10: 0.0730    recall@20: 0.1120    recall@50: 0.1819    ndcg@5: 0.0307    ndcg@10: 0.0393    ndcg@20: 0.0494    ndcg@50: 0.0635    precision@5: 0.0103    precision@10: 0.0080    precision@20: 0.0062    precision@50: 0.0040    map@5: 0.0247    map@10: 0.0282    map@20: 0.0309    map@50: 0.0331    
Thu 07 May 2026 04:02:22 INFO ██ PA2PD--Best validation results updated!!!
Thu 07 May 2026 04:02:36 INFO epoch 65 training [time: 14.84s, train loss: 9.9116]
Thu 07 May 2026 04:02:42 INFO epoch 65 evaluating [time: 2.75s, valid_score: 0.073600]
Thu 07 May 2026 04:02:42 INFO valid result: 
recall@5: 0.0469    recall@10: 0.0736    recall@20: 0.1088    recall@50: 0.1762    ndcg@5: 0.0307    ndcg@10: 0.0394    ndcg@20: 0.0483    ndcg@50: 0.0618    precision@5: 0.0099    precision@10: 0.0078    precision@20: 0.0057    precision@50: 0.0037    map@5: 0.0251    map@10: 0.0286    map@20: 0.0310    map@50: 0.0331    
Thu 07 May 2026 04:02:42 INFO test result: 
recall@5: 0.0472    recall@10: 0.0732    recall@20: 0.1130    recall@50: 0.1822    ndcg@5: 0.0308    ndcg@10: 0.0393    ndcg@20: 0.0496    ndcg@50: 0.0636    precision@5: 0.0103    precision@10: 0.0080    precision@20: 0.0062    precision@50: 0.0041    map@5: 0.0247    map@10: 0.0281    map@20: 0.0309    map@50: 0.0331    
Thu 07 May 2026 04:02:42 INFO ██ PA2PD--Best validation results updated!!!
Thu 07 May 2026 04:02:57 INFO epoch 66 training [time: 14.84s, train loss: 9.7725]
Thu 07 May 2026 04:03:02 INFO epoch 66 evaluating [time: 2.79s, valid_score: 0.073600]
Thu 07 May 2026 04:03:02 INFO valid result: 
recall@5: 0.0468    recall@10: 0.0736    recall@20: 0.1091    recall@50: 0.1771    ndcg@5: 0.0308    ndcg@10: 0.0395    ndcg@20: 0.0485    ndcg@50: 0.0621    precision@5: 0.0099    precision@10: 0.0078    precision@20: 0.0058    precision@50: 0.0037    map@5: 0.0251    map@10: 0.0286    map@20: 0.0311    map@50: 0.0332    
Thu 07 May 2026 04:03:02 INFO test result: 
recall@5: 0.0471    recall@10: 0.0733    recall@20: 0.1127    recall@50: 0.1821    ndcg@5: 0.0310    ndcg@10: 0.0396    ndcg@20: 0.0498    ndcg@50: 0.0639    precision@5: 0.0103    precision@10: 0.0080    precision@20: 0.0062    precision@50: 0.0041    map@5: 0.0250    map@10: 0.0285    map@20: 0.0312    map@50: 0.0334    
Thu 07 May 2026 04:03:17 INFO epoch 67 training [time: 14.84s, train loss: 9.7123]
Thu 07 May 2026 04:03:22 INFO epoch 67 evaluating [time: 2.70s, valid_score: 0.073200]
Thu 07 May 2026 04:03:22 INFO valid result: 
recall@5: 0.0467    recall@10: 0.0732    recall@20: 0.1090    recall@50: 0.1771    ndcg@5: 0.0306    ndcg@10: 0.0392    ndcg@20: 0.0483    ndcg@50: 0.0619    precision@5: 0.0098    precision@10: 0.0077    precision@20: 0.0058    precision@50: 0.0037    map@5: 0.0250    map@10: 0.0284    map@20: 0.0309    map@50: 0.0331    
Thu 07 May 2026 04:03:22 INFO test result: 
recall@5: 0.0472    recall@10: 0.0728    recall@20: 0.1120    recall@50: 0.1815    ndcg@5: 0.0310    ndcg@10: 0.0394    ndcg@20: 0.0495    ndcg@50: 0.0636    precision@5: 0.0104    precision@10: 0.0080    precision@20: 0.0062    precision@50: 0.0041    map@5: 0.0249    map@10: 0.0283    map@20: 0.0310    map@50: 0.0332    
Thu 07 May 2026 04:03:37 INFO epoch 68 training [time: 14.84s, train loss: 9.6745]
Thu 07 May 2026 04:03:43 INFO epoch 68 evaluating [time: 2.75s, valid_score: 0.073700]
Thu 07 May 2026 04:03:43 INFO valid result: 
recall@5: 0.0469    recall@10: 0.0737    recall@20: 0.1097    recall@50: 0.1772    ndcg@5: 0.0307    ndcg@10: 0.0394    ndcg@20: 0.0485    ndcg@50: 0.0620    precision@5: 0.0099    precision@10: 0.0078    precision@20: 0.0058    precision@50: 0.0037    map@5: 0.0250    map@10: 0.0285    map@20: 0.0310    map@50: 0.0331    
Thu 07 May 2026 04:03:43 INFO test result: 
recall@5: 0.0471    recall@10: 0.0739    recall@20: 0.1129    recall@50: 0.1808    ndcg@5: 0.0310    ndcg@10: 0.0398    ndcg@20: 0.0498    ndcg@50: 0.0636    precision@5: 0.0103    precision@10: 0.0081    precision@20: 0.0062    precision@50: 0.0040    map@5: 0.0250    map@10: 0.0285    map@20: 0.0312    map@50: 0.0334    
Thu 07 May 2026 04:03:43 INFO ██ PA2PD--Best validation results updated!!!
Thu 07 May 2026 04:03:58 INFO epoch 69 training [time: 14.84s, train loss: 9.6060]
Thu 07 May 2026 04:04:03 INFO epoch 69 evaluating [time: 2.67s, valid_score: 0.074100]
Thu 07 May 2026 04:04:03 INFO valid result: 
recall@5: 0.0466    recall@10: 0.0741    recall@20: 0.1095    recall@50: 0.1758    ndcg@5: 0.0305    ndcg@10: 0.0394    ndcg@20: 0.0484    ndcg@50: 0.0616    precision@5: 0.0098    precision@10: 0.0078    precision@20: 0.0058    precision@50: 0.0037    map@5: 0.0248    map@10: 0.0284    map@20: 0.0308    map@50: 0.0329    
Thu 07 May 2026 04:04:03 INFO test result: 
recall@5: 0.0475    recall@10: 0.0729    recall@20: 0.1126    recall@50: 0.1817    ndcg@5: 0.0313    ndcg@10: 0.0396    ndcg@20: 0.0498    ndcg@50: 0.0639    precision@5: 0.0104    precision@10: 0.0080    precision@20: 0.0062    precision@50: 0.0041    map@5: 0.0252    map@10: 0.0285    map@20: 0.0313    map@50: 0.0335    
Thu 07 May 2026 04:04:03 INFO ██ PA2PD--Best validation results updated!!!
Thu 07 May 2026 04:04:18 INFO epoch 70 training [time: 14.83s, train loss: 9.5395]
Thu 07 May 2026 04:04:23 INFO epoch 70 evaluating [time: 2.67s, valid_score: 0.073600]
Thu 07 May 2026 04:04:23 INFO valid result: 
recall@5: 0.0471    recall@10: 0.0736    recall@20: 0.1097    recall@50: 0.1766    ndcg@5: 0.0308    ndcg@10: 0.0394    ndcg@20: 0.0486    ndcg@50: 0.0620    precision@5: 0.0099    precision@10: 0.0078    precision@20: 0.0058    precision@50: 0.0037    map@5: 0.0251    map@10: 0.0286    map@20: 0.0311    map@50: 0.0332    
Thu 07 May 2026 04:04:23 INFO test result: 
recall@5: 0.0479    recall@10: 0.0738    recall@20: 0.1127    recall@50: 0.1821    ndcg@5: 0.0315    ndcg@10: 0.0400    ndcg@20: 0.0500    ndcg@50: 0.0640    precision@5: 0.0105    precision@10: 0.0081    precision@20: 0.0062    precision@50: 0.0041    map@5: 0.0253    map@10: 0.0287    map@20: 0.0314    map@50: 0.0336    
Thu 07 May 2026 04:04:38 INFO epoch 71 training [time: 14.83s, train loss: 9.4344]
Thu 07 May 2026 04:04:43 INFO epoch 71 evaluating [time: 2.83s, valid_score: 0.073900]
Thu 07 May 2026 04:04:43 INFO valid result: 
recall@5: 0.0474    recall@10: 0.0739    recall@20: 0.1099    recall@50: 0.1768    ndcg@5: 0.0310    ndcg@10: 0.0396    ndcg@20: 0.0487    ndcg@50: 0.0621    precision@5: 0.0100    precision@10: 0.0078    precision@20: 0.0058    precision@50: 0.0037    map@5: 0.0253    map@10: 0.0287    map@20: 0.0312    map@50: 0.0333    
Thu 07 May 2026 04:04:43 INFO test result: 
recall@5: 0.0476    recall@10: 0.0730    recall@20: 0.1127    recall@50: 0.1825    ndcg@5: 0.0314    ndcg@10: 0.0398    ndcg@20: 0.0500    ndcg@50: 0.0642    precision@5: 0.0104    precision@10: 0.0080    precision@20: 0.0062    precision@50: 0.0041    map@5: 0.0254    map@10: 0.0287    map@20: 0.0315    map@50: 0.0337    
Thu 07 May 2026 04:04:58 INFO epoch 72 training [time: 14.83s, train loss: 9.3990]
Thu 07 May 2026 04:05:04 INFO epoch 72 evaluating [time: 2.77s, valid_score: 0.073600]
Thu 07 May 2026 04:05:04 INFO valid result: 
recall@5: 0.0472    recall@10: 0.0736    recall@20: 0.1100    recall@50: 0.1773    ndcg@5: 0.0310    ndcg@10: 0.0396    ndcg@20: 0.0489    ndcg@50: 0.0623    precision@5: 0.0099    precision@10: 0.0078    precision@20: 0.0058    precision@50: 0.0037    map@5: 0.0253    map@10: 0.0288    map@20: 0.0313    map@50: 0.0334    
Thu 07 May 2026 04:05:04 INFO test result: 
recall@5: 0.0473    recall@10: 0.0737    recall@20: 0.1133    recall@50: 0.1823    ndcg@5: 0.0314    ndcg@10: 0.0401    ndcg@20: 0.0502    ndcg@50: 0.0643    precision@5: 0.0104    precision@10: 0.0081    precision@20: 0.0062    precision@50: 0.0041    map@5: 0.0255    map@10: 0.0289    map@20: 0.0316    map@50: 0.0339    
Thu 07 May 2026 04:05:19 INFO epoch 73 training [time: 14.83s, train loss: 9.3214]
Thu 07 May 2026 04:05:24 INFO epoch 73 evaluating [time: 2.74s, valid_score: 0.074200]
Thu 07 May 2026 04:05:24 INFO valid result: 
recall@5: 0.0472    recall@10: 0.0742    recall@20: 0.1099    recall@50: 0.1776    ndcg@5: 0.0309    ndcg@10: 0.0396    ndcg@20: 0.0487    ndcg@50: 0.0622    precision@5: 0.0099    precision@10: 0.0078    precision@20: 0.0058    precision@50: 0.0038    map@5: 0.0252    map@10: 0.0287    map@20: 0.0312    map@50: 0.0333    
Thu 07 May 2026 04:05:24 INFO test result: 
recall@5: 0.0473    recall@10: 0.0740    recall@20: 0.1134    recall@50: 0.1829    ndcg@5: 0.0313    ndcg@10: 0.0401    ndcg@20: 0.0502    ndcg@50: 0.0643    precision@5: 0.0104    precision@10: 0.0081    precision@20: 0.0063    precision@50: 0.0041    map@5: 0.0253    map@10: 0.0288    map@20: 0.0315    map@50: 0.0338    
Thu 07 May 2026 04:05:24 INFO ██ PA2PD--Best validation results updated!!!
Thu 07 May 2026 04:05:39 INFO epoch 74 training [time: 14.84s, train loss: 9.2762]
Thu 07 May 2026 04:05:44 INFO epoch 74 evaluating [time: 2.78s, valid_score: 0.074800]
Thu 07 May 2026 04:05:44 INFO valid result: 
recall@5: 0.0471    recall@10: 0.0748    recall@20: 0.1104    recall@50: 0.1774    ndcg@5: 0.0310    ndcg@10: 0.0400    ndcg@20: 0.0490    ndcg@50: 0.0624    precision@5: 0.0099    precision@10: 0.0079    precision@20: 0.0058    precision@50: 0.0037    map@5: 0.0253    map@10: 0.0290    map@20: 0.0314    map@50: 0.0335    
Thu 07 May 2026 04:05:44 INFO test result: 
recall@5: 0.0471    recall@10: 0.0736    recall@20: 0.1137    recall@50: 0.1830    ndcg@5: 0.0312    ndcg@10: 0.0399    ndcg@20: 0.0502    ndcg@50: 0.0643    precision@5: 0.0103    precision@10: 0.0081    precision@20: 0.0063    precision@50: 0.0041    map@5: 0.0252    map@10: 0.0287    map@20: 0.0315    map@50: 0.0337    
Thu 07 May 2026 04:05:44 INFO ██ PA2PD--Best validation results updated!!!
Thu 07 May 2026 04:05:59 INFO epoch 75 training [time: 14.84s, train loss: 9.2096]
Thu 07 May 2026 04:06:05 INFO epoch 75 evaluating [time: 2.64s, valid_score: 0.074000]
Thu 07 May 2026 04:06:05 INFO valid result: 
recall@5: 0.0466    recall@10: 0.0740    recall@20: 0.1104    recall@50: 0.1783    ndcg@5: 0.0309    ndcg@10: 0.0398    ndcg@20: 0.0491    ndcg@50: 0.0626    precision@5: 0.0098    precision@10: 0.0078    precision@20: 0.0058    precision@50: 0.0038    map@5: 0.0254    map@10: 0.0290    map@20: 0.0315    map@50: 0.0336    
Thu 07 May 2026 04:06:05 INFO test result: 
recall@5: 0.0477    recall@10: 0.0738    recall@20: 0.1141    recall@50: 0.1826    ndcg@5: 0.0314    ndcg@10: 0.0400    ndcg@20: 0.0503    ndcg@50: 0.0643    precision@5: 0.0105    precision@10: 0.0081    precision@20: 0.0063    precision@50: 0.0041    map@5: 0.0254    map@10: 0.0288    map@20: 0.0315    map@50: 0.0337    
Thu 07 May 2026 04:06:19 INFO epoch 76 training [time: 14.83s, train loss: 9.1359]
Thu 07 May 2026 04:06:25 INFO epoch 76 evaluating [time: 2.66s, valid_score: 0.074800]
Thu 07 May 2026 04:06:25 INFO valid result: 
recall@5: 0.0471    recall@10: 0.0748    recall@20: 0.1097    recall@50: 0.1778    ndcg@5: 0.0311    ndcg@10: 0.0400    ndcg@20: 0.0489    ndcg@50: 0.0626    precision@5: 0.0099    precision@10: 0.0079    precision@20: 0.0058    precision@50: 0.0038    map@5: 0.0254    map@10: 0.0291    map@20: 0.0315    map@50: 0.0336    
Thu 07 May 2026 04:06:25 INFO test result: 
recall@5: 0.0471    recall@10: 0.0740    recall@20: 0.1140    recall@50: 0.1830    ndcg@5: 0.0313    ndcg@10: 0.0401    ndcg@20: 0.0503    ndcg@50: 0.0644    precision@5: 0.0103    precision@10: 0.0081    precision@20: 0.0063    precision@50: 0.0041    map@5: 0.0253    map@10: 0.0289    map@20: 0.0316    map@50: 0.0338    
Thu 07 May 2026 04:06:40 INFO epoch 77 training [time: 14.82s, train loss: 9.1192]
Thu 07 May 2026 04:06:45 INFO epoch 77 evaluating [time: 2.81s, valid_score: 0.074700]
Thu 07 May 2026 04:06:45 INFO valid result: 
recall@5: 0.0475    recall@10: 0.0747    recall@20: 0.1102    recall@50: 0.1777    ndcg@5: 0.0313    ndcg@10: 0.0401    ndcg@20: 0.0491    ndcg@50: 0.0626    precision@5: 0.0100    precision@10: 0.0079    precision@20: 0.0058    precision@50: 0.0038    map@5: 0.0256    map@10: 0.0291    map@20: 0.0316    map@50: 0.0337    
Thu 07 May 2026 04:06:45 INFO test result: 
recall@5: 0.0472    recall@10: 0.0736    recall@20: 0.1137    recall@50: 0.1836    ndcg@5: 0.0312    ndcg@10: 0.0398    ndcg@20: 0.0501    ndcg@50: 0.0643    precision@5: 0.0104    precision@10: 0.0081    precision@20: 0.0063    precision@50: 0.0041    map@5: 0.0251    map@10: 0.0286    map@20: 0.0314    map@50: 0.0336    
Thu 07 May 2026 04:07:00 INFO epoch 78 training [time: 14.83s, train loss: 9.0281]
Thu 07 May 2026 04:07:05 INFO epoch 78 evaluating [time: 2.73s, valid_score: 0.075200]
Thu 07 May 2026 04:07:05 INFO valid result: 
recall@5: 0.0473    recall@10: 0.0752    recall@20: 0.1100    recall@50: 0.1780    ndcg@5: 0.0311    ndcg@10: 0.0401    ndcg@20: 0.0490    ndcg@50: 0.0626    precision@5: 0.0100    precision@10: 0.0079    precision@20: 0.0058    precision@50: 0.0038    map@5: 0.0254    map@10: 0.0290    map@20: 0.0314    map@50: 0.0336    
Thu 07 May 2026 04:07:05 INFO test result: 
recall@5: 0.0470    recall@10: 0.0750    recall@20: 0.1145    recall@50: 0.1839    ndcg@5: 0.0311    ndcg@10: 0.0403    ndcg@20: 0.0504    ndcg@50: 0.0646    precision@5: 0.0103    precision@10: 0.0083    precision@20: 0.0063    precision@50: 0.0041    map@5: 0.0252    map@10: 0.0289    map@20: 0.0316    map@50: 0.0338    
Thu 07 May 2026 04:07:05 INFO ██ PA2PD--Best validation results updated!!!
Thu 07 May 2026 04:07:20 INFO epoch 79 training [time: 14.84s, train loss: 9.0282]
Thu 07 May 2026 04:07:26 INFO epoch 79 evaluating [time: 2.86s, valid_score: 0.074600]
Thu 07 May 2026 04:07:26 INFO valid result: 
recall@5: 0.0477    recall@10: 0.0746    recall@20: 0.1105    recall@50: 0.1786    ndcg@5: 0.0314    ndcg@10: 0.0401    ndcg@20: 0.0493    ndcg@50: 0.0629    precision@5: 0.0101    precision@10: 0.0079    precision@20: 0.0058    precision@50: 0.0038    map@5: 0.0257    map@10: 0.0292    map@20: 0.0317    map@50: 0.0338    
Thu 07 May 2026 04:07:26 INFO test result: 
recall@5: 0.0469    recall@10: 0.0750    recall@20: 0.1150    recall@50: 0.1838    ndcg@5: 0.0311    ndcg@10: 0.0403    ndcg@20: 0.0506    ndcg@50: 0.0646    precision@5: 0.0103    precision@10: 0.0082    precision@20: 0.0063    precision@50: 0.0041    map@5: 0.0252    map@10: 0.0288    map@20: 0.0316    map@50: 0.0338    
Thu 07 May 2026 04:07:41 INFO epoch 80 training [time: 14.85s, train loss: 8.9580]
Thu 07 May 2026 04:07:46 INFO epoch 80 evaluating [time: 2.69s, valid_score: 0.075000]
Thu 07 May 2026 04:07:46 INFO valid result: 
recall@5: 0.0475    recall@10: 0.0750    recall@20: 0.1110    recall@50: 0.1788    ndcg@5: 0.0313    ndcg@10: 0.0402    ndcg@20: 0.0494    ndcg@50: 0.0629    precision@5: 0.0100    precision@10: 0.0079    precision@20: 0.0059    precision@50: 0.0038    map@5: 0.0256    map@10: 0.0292    map@20: 0.0317    map@50: 0.0338    
Thu 07 May 2026 04:07:46 INFO test result: 
recall@5: 0.0469    recall@10: 0.0748    recall@20: 0.1146    recall@50: 0.1830    ndcg@5: 0.0311    ndcg@10: 0.0402    ndcg@20: 0.0505    ndcg@50: 0.0644    precision@5: 0.0102    precision@10: 0.0082    precision@20: 0.0063    precision@50: 0.0041    map@5: 0.0251    map@10: 0.0288    map@20: 0.0315    map@50: 0.0337    
Thu 07 May 2026 04:08:01 INFO epoch 81 training [time: 14.84s, train loss: 8.9095]
Thu 07 May 2026 04:08:06 INFO epoch 81 evaluating [time: 2.70s, valid_score: 0.074800]
Thu 07 May 2026 04:08:06 INFO valid result: 
recall@5: 0.0476    recall@10: 0.0748    recall@20: 0.1107    recall@50: 0.1788    ndcg@5: 0.0313    ndcg@10: 0.0401    ndcg@20: 0.0493    ndcg@50: 0.0629    precision@5: 0.0100    precision@10: 0.0079    precision@20: 0.0058    precision@50: 0.0038    map@5: 0.0256    map@10: 0.0291    map@20: 0.0316    map@50: 0.0338    
Thu 07 May 2026 04:08:06 INFO test result: 
recall@5: 0.0475    recall@10: 0.0751    recall@20: 0.1148    recall@50: 0.1836    ndcg@5: 0.0313    ndcg@10: 0.0404    ndcg@20: 0.0506    ndcg@50: 0.0645    precision@5: 0.0104    precision@10: 0.0083    precision@20: 0.0063    precision@50: 0.0041    map@5: 0.0252    map@10: 0.0289    map@20: 0.0316    map@50: 0.0338    
Thu 07 May 2026 04:08:21 INFO epoch 82 training [time: 14.84s, train loss: 8.8608]
Thu 07 May 2026 04:08:27 INFO epoch 82 evaluating [time: 2.78s, valid_score: 0.074900]
Thu 07 May 2026 04:08:27 INFO valid result: 
recall@5: 0.0476    recall@10: 0.0749    recall@20: 0.1115    recall@50: 0.1782    ndcg@5: 0.0313    ndcg@10: 0.0402    ndcg@20: 0.0495    ndcg@50: 0.0628    precision@5: 0.0100    precision@10: 0.0079    precision@20: 0.0059    precision@50: 0.0038    map@5: 0.0256    map@10: 0.0292    map@20: 0.0317    map@50: 0.0338    
Thu 07 May 2026 04:08:27 INFO test result: 
recall@5: 0.0481    recall@10: 0.0751    recall@20: 0.1141    recall@50: 0.1831    ndcg@5: 0.0316    ndcg@10: 0.0405    ndcg@20: 0.0505    ndcg@50: 0.0646    precision@5: 0.0105    precision@10: 0.0083    precision@20: 0.0063    precision@50: 0.0041    map@5: 0.0255    map@10: 0.0290    map@20: 0.0317    map@50: 0.0339    
Thu 07 May 2026 04:08:42 INFO epoch 83 training [time: 14.87s, train loss: 8.7859]
Thu 07 May 2026 04:08:47 INFO epoch 83 evaluating [time: 2.73s, valid_score: 0.075300]
Thu 07 May 2026 04:08:47 INFO valid result: 
recall@5: 0.0469    recall@10: 0.0753    recall@20: 0.1109    recall@50: 0.1797    ndcg@5: 0.0310    ndcg@10: 0.0402    ndcg@20: 0.0493    ndcg@50: 0.0630    precision@5: 0.0099    precision@10: 0.0079    precision@20: 0.0059    precision@50: 0.0038    map@5: 0.0254    map@10: 0.0291    map@20: 0.0316    map@50: 0.0338    
Thu 07 May 2026 04:08:47 INFO test result: 
recall@5: 0.0476    recall@10: 0.0750    recall@20: 0.1151    recall@50: 0.1843    ndcg@5: 0.0316    ndcg@10: 0.0406    ndcg@20: 0.0510    ndcg@50: 0.0650    precision@5: 0.0104    precision@10: 0.0082    precision@20: 0.0064    precision@50: 0.0041    map@5: 0.0256    map@10: 0.0292    map@20: 0.0320    map@50: 0.0342    
Thu 07 May 2026 04:08:47 INFO ██ PA2PD--Best validation results updated!!!
Thu 07 May 2026 04:09:02 INFO epoch 84 training [time: 14.82s, train loss: 8.7224]
Thu 07 May 2026 04:09:07 INFO epoch 84 evaluating [time: 2.58s, valid_score: 0.075800]
Thu 07 May 2026 04:09:07 INFO valid result: 
recall@5: 0.0478    recall@10: 0.0758    recall@20: 0.1116    recall@50: 0.1796    ndcg@5: 0.0314    ndcg@10: 0.0405    ndcg@20: 0.0496    ndcg@50: 0.0631    precision@5: 0.0101    precision@10: 0.0080    precision@20: 0.0059    precision@50: 0.0038    map@5: 0.0256    map@10: 0.0293    map@20: 0.0318    map@50: 0.0339    
Thu 07 May 2026 04:09:07 INFO test result: 
recall@5: 0.0480    recall@10: 0.0753    recall@20: 0.1155    recall@50: 0.1822    ndcg@5: 0.0319    ndcg@10: 0.0408    ndcg@20: 0.0511    ndcg@50: 0.0647    precision@5: 0.0105    precision@10: 0.0083    precision@20: 0.0064    precision@50: 0.0041    map@5: 0.0258    map@10: 0.0293    map@20: 0.0321    map@50: 0.0343    
Thu 07 May 2026 04:09:07 INFO ██ PA2PD--Best validation results updated!!!
Thu 07 May 2026 04:09:22 INFO epoch 85 training [time: 14.85s, train loss: 8.7085]
Thu 07 May 2026 04:09:27 INFO epoch 85 evaluating [time: 2.86s, valid_score: 0.074800]
Thu 07 May 2026 04:09:27 INFO valid result: 
recall@5: 0.0472    recall@10: 0.0748    recall@20: 0.1111    recall@50: 0.1798    ndcg@5: 0.0312    ndcg@10: 0.0402    ndcg@20: 0.0494    ndcg@50: 0.0631    precision@5: 0.0099    precision@10: 0.0079    precision@20: 0.0059    precision@50: 0.0038    map@5: 0.0255    map@10: 0.0292    map@20: 0.0317    map@50: 0.0339    
Thu 07 May 2026 04:09:27 INFO test result: 
recall@5: 0.0479    recall@10: 0.0749    recall@20: 0.1150    recall@50: 0.1837    ndcg@5: 0.0317    ndcg@10: 0.0406    ndcg@20: 0.0509    ndcg@50: 0.0649    precision@5: 0.0105    precision@10: 0.0082    precision@20: 0.0063    precision@50: 0.0041    map@5: 0.0257    map@10: 0.0292    map@20: 0.0320    map@50: 0.0342    
Thu 07 May 2026 04:09:42 INFO epoch 86 training [time: 14.85s, train loss: 8.6287]
Thu 07 May 2026 04:09:48 INFO epoch 86 evaluating [time: 2.75s, valid_score: 0.075000]
Thu 07 May 2026 04:09:48 INFO valid result: 
recall@5: 0.0474    recall@10: 0.0750    recall@20: 0.1117    recall@50: 0.1793    ndcg@5: 0.0315    ndcg@10: 0.0404    ndcg@20: 0.0498    ndcg@50: 0.0633    precision@5: 0.0100    precision@10: 0.0079    precision@20: 0.0059    precision@50: 0.0038    map@5: 0.0259    map@10: 0.0295    map@20: 0.0320    map@50: 0.0341    
Thu 07 May 2026 04:09:48 INFO test result: 
recall@5: 0.0474    recall@10: 0.0754    recall@20: 0.1153    recall@50: 0.1837    ndcg@5: 0.0317    ndcg@10: 0.0408    ndcg@20: 0.0511    ndcg@50: 0.0650    precision@5: 0.0104    precision@10: 0.0083    precision@20: 0.0064    precision@50: 0.0041    map@5: 0.0257    map@10: 0.0294    map@20: 0.0322    map@50: 0.0343    
Thu 07 May 2026 04:10:03 INFO epoch 87 training [time: 14.84s, train loss: 8.5933]
Thu 07 May 2026 04:10:08 INFO epoch 87 evaluating [time: 2.70s, valid_score: 0.075400]
Thu 07 May 2026 04:10:08 INFO valid result: 
recall@5: 0.0475    recall@10: 0.0754    recall@20: 0.1114    recall@50: 0.1786    ndcg@5: 0.0314    ndcg@10: 0.0404    ndcg@20: 0.0496    ndcg@50: 0.0630    precision@5: 0.0100    precision@10: 0.0079    precision@20: 0.0059    precision@50: 0.0038    map@5: 0.0257    map@10: 0.0294    map@20: 0.0319    map@50: 0.0340    
Thu 07 May 2026 04:10:08 INFO test result: 
recall@5: 0.0480    recall@10: 0.0747    recall@20: 0.1147    recall@50: 0.1843    ndcg@5: 0.0317    ndcg@10: 0.0404    ndcg@20: 0.0507    ndcg@50: 0.0649    precision@5: 0.0105    precision@10: 0.0082    precision@20: 0.0063    precision@50: 0.0041    map@5: 0.0256    map@10: 0.0291    map@20: 0.0318    map@50: 0.0341    
Thu 07 May 2026 04:10:23 INFO epoch 88 training [time: 14.84s, train loss: 8.5746]
Thu 07 May 2026 04:10:29 INFO epoch 88 evaluating [time: 2.86s, valid_score: 0.075200]
Thu 07 May 2026 04:10:29 INFO valid result: 
recall@5: 0.0477    recall@10: 0.0752    recall@20: 0.1116    recall@50: 0.1789    ndcg@5: 0.0317    ndcg@10: 0.0406    ndcg@20: 0.0498    ndcg@50: 0.0633    precision@5: 0.0100    precision@10: 0.0079    precision@20: 0.0059    precision@50: 0.0038    map@5: 0.0260    map@10: 0.0296    map@20: 0.0321    map@50: 0.0342    
Thu 07 May 2026 04:10:29 INFO test result: 
recall@5: 0.0480    recall@10: 0.0744    recall@20: 0.1149    recall@50: 0.1846    ndcg@5: 0.0316    ndcg@10: 0.0403    ndcg@20: 0.0507    ndcg@50: 0.0648    precision@5: 0.0105    precision@10: 0.0082    precision@20: 0.0063    precision@50: 0.0041    map@5: 0.0255    map@10: 0.0289    map@20: 0.0317    map@50: 0.0340    
Thu 07 May 2026 04:10:43 INFO epoch 89 training [time: 14.83s, train loss: 8.5438]
Thu 07 May 2026 04:10:49 INFO epoch 89 evaluating [time: 2.70s, valid_score: 0.075300]
Thu 07 May 2026 04:10:49 INFO valid result: 
recall@5: 0.0476    recall@10: 0.0753    recall@20: 0.1114    recall@50: 0.1789    ndcg@5: 0.0316    ndcg@10: 0.0406    ndcg@20: 0.0498    ndcg@50: 0.0633    precision@5: 0.0100    precision@10: 0.0079    precision@20: 0.0059    precision@50: 0.0038    map@5: 0.0260    map@10: 0.0296    map@20: 0.0321    map@50: 0.0343    
Thu 07 May 2026 04:10:49 INFO test result: 
recall@5: 0.0479    recall@10: 0.0755    recall@20: 0.1153    recall@50: 0.1842    ndcg@5: 0.0315    ndcg@10: 0.0406    ndcg@20: 0.0508    ndcg@50: 0.0648    precision@5: 0.0105    precision@10: 0.0083    precision@20: 0.0064    precision@50: 0.0041    map@5: 0.0254    map@10: 0.0290    map@20: 0.0318    map@50: 0.0340    
Thu 07 May 2026 04:11:04 INFO epoch 90 training [time: 14.83s, train loss: 8.4586]
Thu 07 May 2026 04:11:09 INFO epoch 90 evaluating [time: 2.84s, valid_score: 0.075500]
Thu 07 May 2026 04:11:09 INFO valid result: 
recall@5: 0.0480    recall@10: 0.0755    recall@20: 0.1113    recall@50: 0.1789    ndcg@5: 0.0319    ndcg@10: 0.0408    ndcg@20: 0.0499    ndcg@50: 0.0634    precision@5: 0.0101    precision@10: 0.0080    precision@20: 0.0059    precision@50: 0.0038    map@5: 0.0262    map@10: 0.0298    map@20: 0.0322    map@50: 0.0344    
Thu 07 May 2026 04:11:09 INFO test result: 
recall@5: 0.0479    recall@10: 0.0746    recall@20: 0.1148    recall@50: 0.1848    ndcg@5: 0.0318    ndcg@10: 0.0405    ndcg@20: 0.0509    ndcg@50: 0.0651    precision@5: 0.0105    precision@10: 0.0082    precision@20: 0.0063    precision@50: 0.0041    map@5: 0.0257    map@10: 0.0292    map@20: 0.0320    map@50: 0.0342    
Thu 07 May 2026 04:11:24 INFO epoch 91 training [time: 14.83s, train loss: 8.3990]
Thu 07 May 2026 04:11:29 INFO epoch 91 evaluating [time: 2.69s, valid_score: 0.074600]
Thu 07 May 2026 04:11:29 INFO valid result: 
recall@5: 0.0478    recall@10: 0.0746    recall@20: 0.1106    recall@50: 0.1788    ndcg@5: 0.0317    ndcg@10: 0.0404    ndcg@20: 0.0496    ndcg@50: 0.0632    precision@5: 0.0101    precision@10: 0.0079    precision@20: 0.0058    precision@50: 0.0038    map@5: 0.0261    map@10: 0.0296    map@20: 0.0321    map@50: 0.0342    
Thu 07 May 2026 04:11:29 INFO test result: 
recall@5: 0.0478    recall@10: 0.0755    recall@20: 0.1154    recall@50: 0.1843    ndcg@5: 0.0318    ndcg@10: 0.0408    ndcg@20: 0.0511    ndcg@50: 0.0651    precision@5: 0.0105    precision@10: 0.0083    precision@20: 0.0064    precision@50: 0.0041    map@5: 0.0258    map@10: 0.0294    map@20: 0.0321    map@50: 0.0343    
Thu 07 May 2026 04:11:44 INFO epoch 92 training [time: 14.84s, train loss: 8.4001]
Thu 07 May 2026 04:11:50 INFO epoch 92 evaluating [time: 2.70s, valid_score: 0.075500]
Thu 07 May 2026 04:11:50 INFO valid result: 
recall@5: 0.0481    recall@10: 0.0755    recall@20: 0.1112    recall@50: 0.1783    ndcg@5: 0.0320    ndcg@10: 0.0408    ndcg@20: 0.0499    ndcg@50: 0.0633    precision@5: 0.0101    precision@10: 0.0080    precision@20: 0.0059    precision@50: 0.0038    map@5: 0.0263    map@10: 0.0298    map@20: 0.0323    map@50: 0.0344    
Thu 07 May 2026 04:11:50 INFO test result: 
recall@5: 0.0480    recall@10: 0.0757    recall@20: 0.1156    recall@50: 0.1842    ndcg@5: 0.0321    ndcg@10: 0.0411    ndcg@20: 0.0514    ndcg@50: 0.0653    precision@5: 0.0105    precision@10: 0.0083    precision@20: 0.0064    precision@50: 0.0041    map@5: 0.0261    map@10: 0.0297    map@20: 0.0325    map@50: 0.0347    
Thu 07 May 2026 04:12:04 INFO epoch 93 training [time: 14.84s, train loss: 8.3433]
Thu 07 May 2026 04:12:10 INFO epoch 93 evaluating [time: 2.73s, valid_score: 0.075200]
Thu 07 May 2026 04:12:10 INFO valid result: 
recall@5: 0.0482    recall@10: 0.0752    recall@20: 0.1119    recall@50: 0.1789    ndcg@5: 0.0319    ndcg@10: 0.0406    ndcg@20: 0.0500    ndcg@50: 0.0634    precision@5: 0.0102    precision@10: 0.0079    precision@20: 0.0059    precision@50: 0.0038    map@5: 0.0262    map@10: 0.0297    map@20: 0.0322    map@50: 0.0343    
Thu 07 May 2026 04:12:10 INFO test result: 
recall@5: 0.0482    recall@10: 0.0752    recall@20: 0.1150    recall@50: 0.1848    ndcg@5: 0.0321    ndcg@10: 0.0409    ndcg@20: 0.0512    ndcg@50: 0.0654    precision@5: 0.0106    precision@10: 0.0083    precision@20: 0.0063    precision@50: 0.0041    map@5: 0.0260    map@10: 0.0296    map@20: 0.0323    map@50: 0.0346    
Thu 07 May 2026 04:12:25 INFO epoch 94 training [time: 14.83s, train loss: 8.2868]
Thu 07 May 2026 04:12:30 INFO epoch 94 evaluating [time: 2.65s, valid_score: 0.075800]
Thu 07 May 2026 04:12:30 INFO valid result: 
recall@5: 0.0485    recall@10: 0.0758    recall@20: 0.1118    recall@50: 0.1784    ndcg@5: 0.0320    ndcg@10: 0.0408    ndcg@20: 0.0499    ndcg@50: 0.0633    precision@5: 0.0102    precision@10: 0.0080    precision@20: 0.0059    precision@50: 0.0038    map@5: 0.0261    map@10: 0.0297    map@20: 0.0322    map@50: 0.0343    
Thu 07 May 2026 04:12:30 INFO test result: 
recall@5: 0.0480    recall@10: 0.0757    recall@20: 0.1151    recall@50: 0.1839    ndcg@5: 0.0322    ndcg@10: 0.0412    ndcg@20: 0.0514    ndcg@50: 0.0654    precision@5: 0.0106    precision@10: 0.0083    precision@20: 0.0064    precision@50: 0.0041    map@5: 0.0262    map@10: 0.0298    map@20: 0.0326    map@50: 0.0348    
Thu 07 May 2026 04:12:45 INFO epoch 95 training [time: 14.84s, train loss: 8.1920]
Thu 07 May 2026 04:12:50 INFO epoch 95 evaluating [time: 2.76s, valid_score: 0.075200]
Thu 07 May 2026 04:12:50 INFO valid result: 
recall@5: 0.0484    recall@10: 0.0752    recall@20: 0.1111    recall@50: 0.1784    ndcg@5: 0.0320    ndcg@10: 0.0406    ndcg@20: 0.0498    ndcg@50: 0.0633    precision@5: 0.0102    precision@10: 0.0079    precision@20: 0.0059    precision@50: 0.0038    map@5: 0.0262    map@10: 0.0297    map@20: 0.0322    map@50: 0.0343    
Thu 07 May 2026 04:12:50 INFO test result: 
recall@5: 0.0481    recall@10: 0.0749    recall@20: 0.1158    recall@50: 0.1842    ndcg@5: 0.0322    ndcg@10: 0.0410    ndcg@20: 0.0515    ndcg@50: 0.0654    precision@5: 0.0105    precision@10: 0.0083    precision@20: 0.0064    precision@50: 0.0041    map@5: 0.0262    map@10: 0.0297    map@20: 0.0325    map@50: 0.0347    
Thu 07 May 2026 04:13:05 INFO epoch 96 training [time: 14.83s, train loss: 8.2048]
Thu 07 May 2026 04:13:11 INFO epoch 96 evaluating [time: 2.85s, valid_score: 0.075800]
Thu 07 May 2026 04:13:11 INFO valid result: 
recall@5: 0.0481    recall@10: 0.0758    recall@20: 0.1112    recall@50: 0.1791    ndcg@5: 0.0320    ndcg@10: 0.0409    ndcg@20: 0.0499    ndcg@50: 0.0635    precision@5: 0.0101    precision@10: 0.0080    precision@20: 0.0059    precision@50: 0.0038    map@5: 0.0262    map@10: 0.0299    map@20: 0.0323    map@50: 0.0344    
Thu 07 May 2026 04:13:11 INFO test result: 
recall@5: 0.0482    recall@10: 0.0754    recall@20: 0.1159    recall@50: 0.1837    ndcg@5: 0.0321    ndcg@10: 0.0410    ndcg@20: 0.0514    ndcg@50: 0.0652    precision@5: 0.0106    precision@10: 0.0083    precision@20: 0.0064    precision@50: 0.0041    map@5: 0.0260    map@10: 0.0296    map@20: 0.0324    map@50: 0.0346    
Thu 07 May 2026 04:13:26 INFO epoch 97 training [time: 14.82s, train loss: 8.1075]
Thu 07 May 2026 04:13:31 INFO epoch 97 evaluating [time: 2.74s, valid_score: 0.074900]
Thu 07 May 2026 04:13:31 INFO valid result: 
recall@5: 0.0481    recall@10: 0.0749    recall@20: 0.1113    recall@50: 0.1789    ndcg@5: 0.0319    ndcg@10: 0.0406    ndcg@20: 0.0499    ndcg@50: 0.0634    precision@5: 0.0101    precision@10: 0.0079    precision@20: 0.0059    precision@50: 0.0038    map@5: 0.0262    map@10: 0.0297    map@20: 0.0323    map@50: 0.0344    
Thu 07 May 2026 04:13:31 INFO test result: 
recall@5: 0.0479    recall@10: 0.0751    recall@20: 0.1153    recall@50: 0.1844    ndcg@5: 0.0321    ndcg@10: 0.0410    ndcg@20: 0.0513    ndcg@50: 0.0653    precision@5: 0.0105    precision@10: 0.0083    precision@20: 0.0064    precision@50: 0.0041    map@5: 0.0261    map@10: 0.0297    map@20: 0.0324    map@50: 0.0346    
Thu 07 May 2026 04:13:46 INFO epoch 98 training [time: 14.84s, train loss: 8.1150]
Thu 07 May 2026 04:13:51 INFO epoch 98 evaluating [time: 2.66s, valid_score: 0.075600]
Thu 07 May 2026 04:13:51 INFO valid result: 
recall@5: 0.0481    recall@10: 0.0756    recall@20: 0.1124    recall@50: 0.1794    ndcg@5: 0.0319    ndcg@10: 0.0408    ndcg@20: 0.0502    ndcg@50: 0.0636    precision@5: 0.0101    precision@10: 0.0080    precision@20: 0.0059    precision@50: 0.0038    map@5: 0.0262    map@10: 0.0298    map@20: 0.0324    map@50: 0.0345    
Thu 07 May 2026 04:13:51 INFO test result: 
recall@5: 0.0481    recall@10: 0.0753    recall@20: 0.1153    recall@50: 0.1837    ndcg@5: 0.0320    ndcg@10: 0.0410    ndcg@20: 0.0513    ndcg@50: 0.0652    precision@5: 0.0105    precision@10: 0.0083    precision@20: 0.0064    precision@50: 0.0041    map@5: 0.0260    map@10: 0.0296    map@20: 0.0324    map@50: 0.0345    
Thu 07 May 2026 04:14:06 INFO epoch 99 training [time: 14.84s, train loss: 8.1182]
Thu 07 May 2026 04:14:12 INFO epoch 99 evaluating [time: 2.78s, valid_score: 0.074900]
Thu 07 May 2026 04:14:12 INFO valid result: 
recall@5: 0.0476    recall@10: 0.0749    recall@20: 0.1125    recall@50: 0.1798    ndcg@5: 0.0317    ndcg@10: 0.0405    ndcg@20: 0.0501    ndcg@50: 0.0636    precision@5: 0.0100    precision@10: 0.0079    precision@20: 0.0059    precision@50: 0.0038    map@5: 0.0261    map@10: 0.0296    map@20: 0.0322    map@50: 0.0344    
Thu 07 May 2026 04:14:12 INFO test result: 
recall@5: 0.0484    recall@10: 0.0749    recall@20: 0.1156    recall@50: 0.1842    ndcg@5: 0.0323    ndcg@10: 0.0410    ndcg@20: 0.0514    ndcg@50: 0.0654    precision@5: 0.0106    precision@10: 0.0083    precision@20: 0.0064    precision@50: 0.0041    map@5: 0.0262    map@10: 0.0297    map@20: 0.0325    map@50: 0.0347    
Thu 07 May 2026 04:14:26 INFO epoch 100 training [time: 14.84s, train loss: 8.0654]
Thu 07 May 2026 04:14:32 INFO epoch 100 evaluating [time: 2.72s, valid_score: 0.075500]
Thu 07 May 2026 04:14:32 INFO valid result: 
recall@5: 0.0483    recall@10: 0.0755    recall@20: 0.1124    recall@50: 0.1794    ndcg@5: 0.0317    ndcg@10: 0.0405    ndcg@20: 0.0499    ndcg@50: 0.0633    precision@5: 0.0102    precision@10: 0.0080    precision@20: 0.0059    precision@50: 0.0038    map@5: 0.0259    map@10: 0.0295    map@20: 0.0320    map@50: 0.0341    
Thu 07 May 2026 04:14:32 INFO test result: 
recall@5: 0.0480    recall@10: 0.0759    recall@20: 0.1157    recall@50: 0.1843    ndcg@5: 0.0322    ndcg@10: 0.0413    ndcg@20: 0.0515    ndcg@50: 0.0655    precision@5: 0.0105    precision@10: 0.0084    precision@20: 0.0064    precision@50: 0.0041    map@5: 0.0262    map@10: 0.0298    map@20: 0.0326    map@50: 0.0348    
Thu 07 May 2026 04:14:47 INFO epoch 101 training [time: 14.85s, train loss: 7.9756]
Thu 07 May 2026 04:14:52 INFO epoch 101 evaluating [time: 2.83s, valid_score: 0.075600]
Thu 07 May 2026 04:14:52 INFO valid result: 
recall@5: 0.0481    recall@10: 0.0756    recall@20: 0.1117    recall@50: 0.1797    ndcg@5: 0.0318    ndcg@10: 0.0407    ndcg@20: 0.0498    ndcg@50: 0.0635    precision@5: 0.0101    precision@10: 0.0080    precision@20: 0.0059    precision@50: 0.0038    map@5: 0.0260    map@10: 0.0296    map@20: 0.0321    map@50: 0.0343    
Thu 07 May 2026 04:14:52 INFO test result: 
recall@5: 0.0484    recall@10: 0.0758    recall@20: 0.1161    recall@50: 0.1845    ndcg@5: 0.0322    ndcg@10: 0.0412    ndcg@20: 0.0516    ndcg@50: 0.0655    precision@5: 0.0106    precision@10: 0.0083    precision@20: 0.0064    precision@50: 0.0041    map@5: 0.0262    map@10: 0.0298    map@20: 0.0325    map@50: 0.0347    
Thu 07 May 2026 04:15:07 INFO epoch 102 training [time: 14.83s, train loss: 7.9293]
Thu 07 May 2026 04:15:12 INFO epoch 102 evaluating [time: 2.74s, valid_score: 0.074900]
Thu 07 May 2026 04:15:12 INFO valid result: 
recall@5: 0.0482    recall@10: 0.0749    recall@20: 0.1119    recall@50: 0.1794    ndcg@5: 0.0320    ndcg@10: 0.0407    ndcg@20: 0.0501    ndcg@50: 0.0636    precision@5: 0.0102    precision@10: 0.0079    precision@20: 0.0059    precision@50: 0.0038    map@5: 0.0263    map@10: 0.0298    map@20: 0.0323    map@50: 0.0345    
Thu 07 May 2026 04:15:12 INFO test result: 
recall@5: 0.0483    recall@10: 0.0761    recall@20: 0.1167    recall@50: 0.1850    ndcg@5: 0.0323    ndcg@10: 0.0415    ndcg@20: 0.0519    ndcg@50: 0.0657    precision@5: 0.0106    precision@10: 0.0084    precision@20: 0.0065    precision@50: 0.0041    map@5: 0.0263    map@10: 0.0300    map@20: 0.0328    map@50: 0.0350    
Thu 07 May 2026 04:15:27 INFO epoch 103 training [time: 14.83s, train loss: 7.8485]
Thu 07 May 2026 04:15:33 INFO epoch 103 evaluating [time: 2.71s, valid_score: 0.075500]
Thu 07 May 2026 04:15:33 INFO valid result: 
recall@5: 0.0485    recall@10: 0.0755    recall@20: 0.1126    recall@50: 0.1804    ndcg@5: 0.0321    ndcg@10: 0.0409    ndcg@20: 0.0502    ndcg@50: 0.0638    precision@5: 0.0102    precision@10: 0.0080    precision@20: 0.0059    precision@50: 0.0038    map@5: 0.0263    map@10: 0.0299    map@20: 0.0324    map@50: 0.0346    
Thu 07 May 2026 04:15:33 INFO test result: 
recall@5: 0.0489    recall@10: 0.0760    recall@20: 0.1166    recall@50: 0.1852    ndcg@5: 0.0326    ndcg@10: 0.0415    ndcg@20: 0.0519    ndcg@50: 0.0658    precision@5: 0.0107    precision@10: 0.0084    precision@20: 0.0064    precision@50: 0.0041    map@5: 0.0264    map@10: 0.0300    map@20: 0.0328    map@50: 0.0350    
Thu 07 May 2026 04:15:48 INFO epoch 104 training [time: 14.84s, train loss: 7.9122]
Thu 07 May 2026 04:15:53 INFO epoch 104 evaluating [time: 2.76s, valid_score: 0.074800]
Thu 07 May 2026 04:15:53 INFO valid result: 
recall@5: 0.0484    recall@10: 0.0748    recall@20: 0.1129    recall@50: 0.1801    ndcg@5: 0.0322    ndcg@10: 0.0408    ndcg@20: 0.0505    ndcg@50: 0.0639    precision@5: 0.0102    precision@10: 0.0079    precision@20: 0.0060    precision@50: 0.0038    map@5: 0.0265    map@10: 0.0300    map@20: 0.0326    map@50: 0.0347    
Thu 07 May 2026 04:15:53 INFO test result: 
recall@5: 0.0489    recall@10: 0.0764    recall@20: 0.1160    recall@50: 0.1851    ndcg@5: 0.0325    ndcg@10: 0.0415    ndcg@20: 0.0516    ndcg@50: 0.0657    precision@5: 0.0107    precision@10: 0.0084    precision@20: 0.0064    precision@50: 0.0041    map@5: 0.0263    map@10: 0.0299    map@20: 0.0326    map@50: 0.0348    
Thu 07 May 2026 04:16:08 INFO epoch 105 training [time: 14.83s, train loss: 7.8167]
Thu 07 May 2026 04:16:13 INFO epoch 105 evaluating [time: 2.67s, valid_score: 0.075100]
Thu 07 May 2026 04:16:13 INFO valid result: 
recall@5: 0.0486    recall@10: 0.0751    recall@20: 0.1130    recall@50: 0.1803    ndcg@5: 0.0325    ndcg@10: 0.0411    ndcg@20: 0.0508    ndcg@50: 0.0642    precision@5: 0.0102    precision@10: 0.0079    precision@20: 0.0060    precision@50: 0.0038    map@5: 0.0269    map@10: 0.0304    map@20: 0.0330    map@50: 0.0351    
Thu 07 May 2026 04:16:13 INFO test result: 
recall@5: 0.0488    recall@10: 0.0762    recall@20: 0.1163    recall@50: 0.1855    ndcg@5: 0.0326    ndcg@10: 0.0415    ndcg@20: 0.0518    ndcg@50: 0.0659    precision@5: 0.0107    precision@10: 0.0084    precision@20: 0.0064    precision@50: 0.0041    map@5: 0.0264    map@10: 0.0300    map@20: 0.0328    map@50: 0.0350    
Thu 07 May 2026 04:16:13 INFO +++++Finished training, best eval result in epoch 84
Thu 07 May 2026 04:16:13 INFO best valid result: recall@5: 0.0478    recall@10: 0.0758    recall@20: 0.1116    recall@50: 0.1796    ndcg@5: 0.0314    ndcg@10: 0.0405    ndcg@20: 0.0496    ndcg@50: 0.0631    precision@5: 0.0101    precision@10: 0.0080    precision@20: 0.0059    precision@50: 0.0038    map@5: 0.0256    map@10: 0.0293    map@20: 0.0318    map@50: 0.0339    
Thu 07 May 2026 04:16:13 INFO test result: recall@5: 0.0480    recall@10: 0.0753    recall@20: 0.1155    recall@50: 0.1822    ndcg@5: 0.0319    ndcg@10: 0.0408    ndcg@20: 0.0511    ndcg@50: 0.0647    precision@5: 0.0105    precision@10: 0.0083    precision@20: 0.0064    precision@50: 0.0041    map@5: 0.0258    map@10: 0.0293    map@20: 0.0321    map@50: 0.0343    
Thu 07 May 2026 04:16:13 INFO ████Current BEST████:
Parameters: ['reg_weight', 'learning_rate', 'dropout', 'mask_weight_g', 'align_weight', 'temp', 'seed']=(0.001, 0.0001, 0.4, 0.001, 0.01, 0.3, 999),
Valid: recall@5: 0.0478    recall@10: 0.0758    recall@20: 0.1116    recall@50: 0.1796    ndcg@5: 0.0314    ndcg@10: 0.0405    ndcg@20: 0.0496    ndcg@50: 0.0631    precision@5: 0.0101    precision@10: 0.0080    precision@20: 0.0059    precision@50: 0.0038    map@5: 0.0256    map@10: 0.0293    map@20: 0.0318    map@50: 0.0339    ,
Test: recall@5: 0.0480    recall@10: 0.0753    recall@20: 0.1155    recall@50: 0.1822    ndcg@5: 0.0319    ndcg@10: 0.0408    ndcg@20: 0.0511    ndcg@50: 0.0647    precision@5: 0.0105    precision@10: 0.0083    precision@20: 0.0064    precision@50: 0.0041    map@5: 0.0258    map@10: 0.0293    map@20: 0.0321    map@50: 0.0343    



Thu 07 May 2026 04:16:13 INFO 
============All Over=====================
Thu 07 May 2026 04:16:13 INFO Parameters: ['reg_weight', 'learning_rate', 'dropout', 'mask_weight_g', 'align_weight', 'temp', 'seed']=(0.001, 0.0001, 0.4, 0.001, 0.01, 0.3, 999),
 best valid: recall@5: 0.0478    recall@10: 0.0758    recall@20: 0.1116    recall@50: 0.1796    ndcg@5: 0.0314    ndcg@10: 0.0405    ndcg@20: 0.0496    ndcg@50: 0.0631    precision@5: 0.0101    precision@10: 0.0080    precision@20: 0.0059    precision@50: 0.0038    map@5: 0.0256    map@10: 0.0293    map@20: 0.0318    map@50: 0.0339    ,
 best test: recall@5: 0.0480    recall@10: 0.0753    recall@20: 0.1155    recall@50: 0.1822    ndcg@5: 0.0319    ndcg@10: 0.0408    ndcg@20: 0.0511    ndcg@50: 0.0647    precision@5: 0.0105    precision@10: 0.0083    precision@20: 0.0064    precision@50: 0.0041    map@5: 0.0258    map@10: 0.0293    map@20: 0.0321    map@50: 0.0343    
Thu 07 May 2026 04:16:13 INFO 

█████████████ BEST ████████████████
Thu 07 May 2026 04:16:13 INFO 	Parameters: ['reg_weight', 'learning_rate', 'dropout', 'mask_weight_g', 'align_weight', 'temp', 'seed']=(0.001, 0.0001, 0.4, 0.001, 0.01, 0.3, 999),
Valid: recall@5: 0.0478    recall@10: 0.0758    recall@20: 0.1116    recall@50: 0.1796    ndcg@5: 0.0314    ndcg@10: 0.0405    ndcg@20: 0.0496    ndcg@50: 0.0631    precision@5: 0.0101    precision@10: 0.0080    precision@20: 0.0059    precision@50: 0.0038    map@5: 0.0256    map@10: 0.0293    map@20: 0.0318    map@50: 0.0339    ,
Test: recall@5: 0.0480    recall@10: 0.0753    recall@20: 0.1155    recall@50: 0.1822    ndcg@5: 0.0319    ndcg@10: 0.0408    ndcg@20: 0.0511    ndcg@50: 0.0647    precision@5: 0.0105    precision@10: 0.0083    precision@20: 0.0064    precision@50: 0.0041    map@5: 0.0258    map@10: 0.0293    map@20: 0.0321    map@50: 0.0343    


